Tarih;Sepet İçeriği;Toplam Bakiye
2019-03-18;DENİZ PORTFÖY KISALI VADELİ BORÇLANMA ARAÇLARI FONU(577) : 1.0  ,  ;10000.0
2019-03-19;DENİZ PORTFÖY KISALI VADELİ BORÇLANMA ARAÇLARI FONU(577) : 1.0  ,  ;10005.494203615188
2019-03-20;İŞ PORTFÖY BİST BANKA ENDEKSİ HİSSE SENEDİ FONU (HİSSE SENEDİ YOĞUN FON)(916) : 0.12228  ,  TACİRLER PORTFÖY DEĞIŞKEN FON(922) : 0.87772  ,  ;10010.985390260621
2019-03-21;İŞ PORTFÖY BİST BANKA ENDEKSİ HİSSE SENEDİ FONU (HİSSE SENEDİ YOĞUN FON)(916) : 0.03267  ,  TACİRLER PORTFÖY DEĞIŞKEN FON(922) : 0.96733  ,  ;9957.114903434676
2019-03-22;DENİZ PORTFÖY KISALI VADELİ BORÇLANMA ARAÇLARI FONU(577) : 1.0  ,  ;9945.332880271237
2019-03-25;AK PORTFÖY GELİŞEN ÜLKELER YABANCI HİSSE SENEDİ FONU(518) : 0.221  ,  İŞ PORTFÖY BİST TEKNOLOJİ AĞIRLIKLI SINIRLAMALI ENDEKSİ HİSSE SENEDİ FONU (HİSSE SENEDİ YOĞUN FON)(964) : 0.779  ,  ;9960.68375746422
2019-03-26;AK PORTFÖY GELİŞEN ÜLKELER YABANCI HİSSE SENEDİ FONU(518) : 0.09622  ,  İŞ PORTFÖY BİST TEKNOLOJİ AĞIRLIKLI SINIRLAMALI ENDEKSİ HİSSE SENEDİ FONU (HİSSE SENEDİ YOĞUN FON)(964) : 0.90378  ,  ;9959.365747517078
2019-03-27;FİBA PORTFÖY HİSSE SENEDİ FONU(HİSSE SENEDİ YOĞUN FON)(637) : 0.25  ,  MARMARA CAPITAL PORTFÖY HİSSE SENEDİ FONU (HİSSE SENEDİ YOĞUN FON)(834) : 0.07  ,  İŞ PORTFÖY BİST TEKNOLOJİ AĞIRLIKLI SINIRLAMALI ENDEKSİ HİSSE SENEDİ FONU (HİSSE SENEDİ YOĞUN FON)(964) : 0.67  ,  ;9791.051776386077
2019-03-28;İŞ PORTFÖY İŞ BANKASI İŞTİRAKLERİ ENDEKSİ HİSSE SENEDİ FONU (HİSSE SENEDİ YOĞUN FON)(939) : 0.08493  ,  İŞ PORTFÖY BİST TEKNOLOJİ AĞIRLIKLI SINIRLAMALI ENDEKSİ HİSSE SENEDİ FONU (HİSSE SENEDİ YOĞUN FON)(964) : 0.91507  ,  ;9263.631160281218
2019-03-29;AK PORTFÖY GELİŞEN ÜLKELER YABANCI HİSSE SENEDİ FONU(518) : 0.23  ,  İŞ PORTFÖY BİST BANKA ENDEKSİ HİSSE SENEDİ FONU (HİSSE SENEDİ YOĞUN FON)(916) : 0.05  ,  İŞ PORTFÖY İŞ BANKASI İŞTİRAKLERİ ENDEKSİ HİSSE SENEDİ FONU (HİSSE SENEDİ YOĞUN FON)(939) : 0.07  ,  İŞ PORTFÖY BİST TEKNOLOJİ AĞIRLIKLI SINIRLAMALI ENDEKSİ HİSSE SENEDİ FONU (HİSSE SENEDİ YOĞUN FON)(964) : 0.63  ,  ;9501.095285962756
2019-04-01;KARE PORTFÖY HİSSE SENEDİ FONU(HİSSE SENEDİ YOĞUN FON)(832) : 0.14934  ,  İŞ PORTFÖY BİST BANKA ENDEKSİ HİSSE SENEDİ FONU (HİSSE SENEDİ YOĞUN FON)(916) : 0.12909  ,  İŞ PORTFÖY İŞ BANKASI İŞTİRAKLERİ ENDEKSİ HİSSE SENEDİ FONU (HİSSE SENEDİ YOĞUN FON)(939) : 0.04307  ,  İŞ PORTFÖY BİST TEKNOLOJİ AĞIRLIKLI SINIRLAMALI ENDEKSİ HİSSE SENEDİ FONU (HİSSE SENEDİ YOĞUN FON)(964) : 0.67851  ,  ;9618.81360888159
2019-04-02;DENİZ PORTFÖY KISALI VADELİ BORÇLANMA ARAÇLARI FONU(577) : 1.0  ,  ;9697.424409700188
2019-04-03;DENİZ PORTFÖY KISALI VADELİ BORÇLANMA ARAÇLARI FONU(577) : 0.99  ,  ;9702.331983722763
2019-04-04;AK PORTFÖY GELİŞEN ÜLKELER YABANCI HİSSE SENEDİ FONU(518) : 0.21244  ,  İŞ PORTFÖY İŞ BANKASI İŞTİRAKLERİ ENDEKSİ HİSSE SENEDİ FONU (HİSSE SENEDİ YOĞUN FON)(939) : 0.56642  ,  İŞ PORTFÖY BİST TEKNOLOJİ AĞIRLIKLI SINIRLAMALI ENDEKSİ HİSSE SENEDİ FONU (HİSSE SENEDİ YOĞUN FON)(964) : 0.22114  ,  ;9707.727667176
2019-04-05;DENİZ PORTFÖY KISALI VADELİ BORÇLANMA ARAÇLARI FONU(577) : 1.0  ,  ;9878.007055413642
2019-04-08;İŞ PORTFÖY BİST BANKA ENDEKSİ HİSSE SENEDİ FONU (HİSSE SENEDİ YOĞUN FON)(916) : 0.34088  ,  TACİRLER PORTFÖY DEĞIŞKEN FON(922) : 0.65912  ,  ;9893.251787814143
2019-04-09;İŞ PORTFÖY BİST BANKA ENDEKSİ HİSSE SENEDİ FONU (HİSSE SENEDİ YOĞUN FON)(916) : 0.33945  ,  TACİRLER PORTFÖY DEĞIŞKEN FON(922) : 0.66055  ,  ;9731.152849806957
2019-04-10;DENİZ PORTFÖY KISALI VADELİ BORÇLANMA ARAÇLARI FONU(577) : 1.0  ,  ;9816.788085496497
2019-04-11;AK PORTFÖY GELİŞEN ÜLKELER YABANCI HİSSE SENEDİ FONU(518) : 0.03011  ,  İŞ PORTFÖY BİST TEKNOLOJİ AĞIRLIKLI SINIRLAMALI ENDEKSİ HİSSE SENEDİ FONU (HİSSE SENEDİ YOĞUN FON)(964) : 0.96989  ,  ;9821.675936471353
2019-04-12;DENİZ PORTFÖY KISALI VADELİ BORÇLANMA ARAÇLARI FONU(577) : 0.99  ,  ;9604.42800504274
2019-04-15;İŞ PORTFÖY BİST TEKNOLOJİ AĞIRLIKLI SINIRLAMALI ENDEKSİ HİSSE SENEDİ FONU (HİSSE SENEDİ YOĞUN FON)(964) : 1.0  ,  ;9618.93074499174
2019-04-16;AK PORTFÖY GELİŞEN ÜLKELER YABANCI HİSSE SENEDİ FONU(518) : 0.04964  ,  İŞ PORTFÖY BİST TEKNOLOJİ AĞIRLIKLI SINIRLAMALI ENDEKSİ HİSSE SENEDİ FONU (HİSSE SENEDİ YOĞUN FON)(964) : 0.95036  ,  ;9602.297024341819
2019-04-17;DENİZ PORTFÖY KISALI VADELİ BORÇLANMA ARAÇLARI FONU(577) : 1.0  ,  ;9741.091175962873
2019-04-18;DENİZ PORTFÖY KISALI VADELİ BORÇLANMA ARAÇLARI FONU(577) : 1.0  ,  ;9743.256146735768
2019-04-19;İŞ PORTFÖY BİST BANKA ENDEKSİ HİSSE SENEDİ FONU (HİSSE SENEDİ YOĞUN FON)(916) : 0.0312  ,  TACİRLER PORTFÖY DEĞIŞKEN FON(922) : 0.9688  ,  ;9748.667402147023
2019-04-22;DENİZ PORTFÖY KISALI VADELİ BORÇLANMA ARAÇLARI FONU(577) : 1.0  ,  ;9717.010794724529
2019-04-24;AK PORTFÖY GELİŞEN ÜLKELER YABANCI HİSSE SENEDİ FONU(518) : 0.10189  ,  İŞ PORTFÖY BİST TEKNOLOJİ AĞIRLIKLI SINIRLAMALI ENDEKSİ HİSSE SENEDİ FONU (HİSSE SENEDİ YOĞUN FON)(964) : 0.89811  ,  ;9726.745786612037
2019-04-25;AK PORTFÖY GELİŞEN ÜLKELER YABANCI HİSSE SENEDİ FONU(518) : 0.6919  ,  İŞ PORTFÖY BİST TEKNOLOJİ AĞIRLIKLI SINIRLAMALI ENDEKSİ HİSSE SENEDİ FONU (HİSSE SENEDİ YOĞUN FON)(964) : 0.3081  ,  ;9762.7914355527
2019-04-26;DENİZ PORTFÖY BİST TEMETTÜ 25 ENDEKSİ HİSSE SENEDİ FONU ( HİSSE SENEDİ YOĞUN FON )(602) : 0.36877  ,  İŞ PORTFÖY İŞ BANKASI İŞTİRAKLERİ ENDEKSİ HİSSE SENEDİ FONU (HİSSE SENEDİ YOĞUN FON)(939) : 0.14198  ,  İŞ PORTFÖY BİST TEKNOLOJİ AĞIRLIKLI SINIRLAMALI ENDEKSİ HİSSE SENEDİ FONU (HİSSE SENEDİ YOĞUN FON)(964) : 0.48925  ,  ;9701.229181946916
2019-04-29;İŞ PORTFÖY İŞ BANKASI İŞTİRAKLERİ ENDEKSİ HİSSE SENEDİ FONU (HİSSE SENEDİ YOĞUN FON)(939) : 0.09117  ,  İŞ PORTFÖY BİST TEKNOLOJİ AĞIRLIKLI SINIRLAMALI ENDEKSİ HİSSE SENEDİ FONU (HİSSE SENEDİ YOĞUN FON)(964) : 0.90883  ,  ;9731.299054396104
2019-04-30;FİBA PORTFÖY HİSSE SENEDİ FONU(HİSSE SENEDİ YOĞUN FON)(637) : 0.18  ,  İŞ PORTFÖY BİST TEKNOLOJİ AĞIRLIKLI SINIRLAMALI ENDEKSİ HİSSE SENEDİ FONU (HİSSE SENEDİ YOĞUN FON)(964) : 0.8  ,  ;9668.720057279996
2019-05-02;AK PORTFÖY GELİŞEN ÜLKELER YABANCI HİSSE SENEDİ FONU(518) : 0.38162  ,  İŞ PORTFÖY BİST TEKNOLOJİ AĞIRLIKLI SINIRLAMALI ENDEKSİ HİSSE SENEDİ FONU (HİSSE SENEDİ YOĞUN FON)(964) : 0.61838  ,  ;9672.381208445706
2019-05-03;AK PORTFÖY GELİŞEN ÜLKELER YABANCI HİSSE SENEDİ FONU(518) : 0.21349  ,  İŞ PORTFÖY BİST TEKNOLOJİ AĞIRLIKLI SINIRLAMALI ENDEKSİ HİSSE SENEDİ FONU (HİSSE SENEDİ YOĞUN FON)(964) : 0.78651  ,  ;9541.844793123279
2019-05-06;DENİZ PORTFÖY KISALI VADELİ BORÇLANMA ARAÇLARI FONU(577) : 1.0  ,  ;9607.886992024045
2019-05-07;İŞ PORTFÖY BİST TEKNOLOJİ AĞIRLIKLI SINIRLAMALI ENDEKSİ HİSSE SENEDİ FONU (HİSSE SENEDİ YOĞUN FON)(964) : 1.0  ,  ;9613.256696153347
2019-05-08;İŞ PORTFÖY BİST TEKNOLOJİ AĞIRLIKLI SINIRLAMALI ENDEKSİ HİSSE SENEDİ FONU (HİSSE SENEDİ YOĞUN FON)(964) : 0.98  ,  ;9701.750065382583
2019-05-09;DENİZ PORTFÖY BİST TEMETTÜ 25 ENDEKSİ HİSSE SENEDİ FONU ( HİSSE SENEDİ YOĞUN FON )(602) : 0.14933  ,  İŞ PORTFÖY BİST TEKNOLOJİ AĞIRLIKLI SINIRLAMALI ENDEKSİ HİSSE SENEDİ FONU (HİSSE SENEDİ YOĞUN FON)(964) : 0.85067  ,  ;9548.95423627038
2019-05-10;DENİZ PORTFÖY BİST TEMETTÜ 25 ENDEKSİ HİSSE SENEDİ FONU ( HİSSE SENEDİ YOĞUN FON )(602) : 0.3006  ,  İŞ PORTFÖY BİST BANKA ENDEKSİ HİSSE SENEDİ FONU (HİSSE SENEDİ YOĞUN FON)(916) : 0.65745  ,  İŞ PORTFÖY BİST TEKNOLOJİ AĞIRLIKLI SINIRLAMALI ENDEKSİ HİSSE SENEDİ FONU (HİSSE SENEDİ YOĞUN FON)(964) : 0.04195  ,  ;9299.792077807253
2019-05-13;AK PORTFÖY GELİŞEN ÜLKELER YABANCI HİSSE SENEDİ FONU(518) : 0.07362  ,  İŞ PORTFÖY BİST TEKNOLOJİ AĞIRLIKLI SINIRLAMALI ENDEKSİ HİSSE SENEDİ FONU (HİSSE SENEDİ YOĞUN FON)(964) : 0.92638  ,  ;9256.07065763914
2019-05-14;İŞ PORTFÖY BİST BANKA ENDEKSİ HİSSE SENEDİ FONU (HİSSE SENEDİ YOĞUN FON)(916) : 0.32884  ,  İŞ PORTFÖY BİST TEKNOLOJİ AĞIRLIKLI SINIRLAMALI ENDEKSİ HİSSE SENEDİ FONU (HİSSE SENEDİ YOĞUN FON)(964) : 0.67116  ,  ;8902.934369001361
2019-05-15;AK PORTFÖY GELİŞEN ÜLKELER YABANCI HİSSE SENEDİ FONU(518) : 0.33105  ,  İŞ PORTFÖY BİST TEKNOLOJİ AĞIRLIKLI SINIRLAMALI ENDEKSİ HİSSE SENEDİ FONU (HİSSE SENEDİ YOĞUN FON)(964) : 0.3894  ,  YAPI KREDİ PORTFÖY YABANCI TEKNOLOJİ SEKTÖRÜ HİSSE SENEDİ FONU(989) : 0.27955  ,  ;9117.239180849798
2019-05-16;AK PORTFÖY GELİŞEN ÜLKELER YABANCI HİSSE SENEDİ FONU(518) : 0.38913  ,  İŞ PORTFÖY BİST TEKNOLOJİ AĞIRLIKLI SINIRLAMALI ENDEKSİ HİSSE SENEDİ FONU (HİSSE SENEDİ YOĞUN FON)(964) : 0.36404  ,  YAPI KREDİ PORTFÖY YABANCI TEKNOLOJİ SEKTÖRÜ HİSSE SENEDİ FONU(989) : 0.24684  ,  ;9110.16494415922
2019-05-17;İŞ PORTFÖY BİST BANKA ENDEKSİ HİSSE SENEDİ FONU (HİSSE SENEDİ YOĞUN FON)(916) : 0.85435  ,  TACİRLER PORTFÖY DEĞIŞKEN FON(922) : 0.14565  ,  ;9086.841650353339
2019-05-20;AK PORTFÖY GELİŞEN ÜLKELER YABANCI HİSSE SENEDİ FONU(518) : 0.31166  ,  İŞ PORTFÖY İŞ BANKASI İŞTİRAKLERİ ENDEKSİ HİSSE SENEDİ FONU (HİSSE SENEDİ YOĞUN FON)(939) : 0.33063  ,  İŞ PORTFÖY BİST TEKNOLOJİ AĞIRLIKLI SINIRLAMALI ENDEKSİ HİSSE SENEDİ FONU (HİSSE SENEDİ YOĞUN FON)(964) : 0.3577  ,  ;9083.838064421965
2019-05-21;AK PORTFÖY GELİŞEN ÜLKELER YABANCI HİSSE SENEDİ FONU(518) : 0.78  ,  İŞ PORTFÖY BİST TEKNOLOJİ AĞIRLIKLI SINIRLAMALI ENDEKSİ HİSSE SENEDİ FONU (HİSSE SENEDİ YOĞUN FON)(964) : 0.21  ,  ;9042.531576737234
2019-05-22;AK PORTFÖY GELİŞEN ÜLKELER YABANCI HİSSE SENEDİ FONU(518) : 0.61649  ,  İŞ PORTFÖY BİST TEKNOLOJİ AĞIRLIKLI SINIRLAMALI ENDEKSİ HİSSE SENEDİ FONU (HİSSE SENEDİ YOĞUN FON)(964) : 0.38351  ,  ;9130.191683061328
2019-05-23;AK PORTFÖY GELİŞEN ÜLKELER YABANCI HİSSE SENEDİ FONU(518) : 0.27718  ,  İŞ PORTFÖY BİST BANKA ENDEKSİ HİSSE SENEDİ FONU (HİSSE SENEDİ YOĞUN FON)(916) : 0.09103  ,  İŞ PORTFÖY BİST TEKNOLOJİ AĞIRLIKLI SINIRLAMALI ENDEKSİ HİSSE SENEDİ FONU (HİSSE SENEDİ YOĞUN FON)(964) : 0.63179  ,  ;9008.163728428264
2019-05-24;İŞ PORTFÖY BİST BANKA ENDEKSİ HİSSE SENEDİ FONU (HİSSE SENEDİ YOĞUN FON)(916) : 0.64116  ,  İŞ PORTFÖY BİST TEKNOLOJİ AĞIRLIKLI SINIRLAMALI ENDEKSİ HİSSE SENEDİ FONU (HİSSE SENEDİ YOĞUN FON)(964) : 0.35884  ,  ;8987.173097721468
2019-05-27;AK PORTFÖY GELİŞEN ÜLKELER YABANCI HİSSE SENEDİ FONU(518) : 0.16322  ,  İŞ PORTFÖY İŞ BANKASI İŞTİRAKLERİ ENDEKSİ HİSSE SENEDİ FONU (HİSSE SENEDİ YOĞUN FON)(939) : 0.06253  ,  İŞ PORTFÖY BİST TEKNOLOJİ AĞIRLIKLI SINIRLAMALI ENDEKSİ HİSSE SENEDİ FONU (HİSSE SENEDİ YOĞUN FON)(964) : 0.77425  ,  ;9264.537160002395
2019-05-28;İŞ PORTFÖY BİST BANKA ENDEKSİ HİSSE SENEDİ FONU (HİSSE SENEDİ YOĞUN FON)(916) : 1.0  ,  ;9272.063708288293
2019-05-29;İŞ PORTFÖY BİST BANKA ENDEKSİ HİSSE SENEDİ FONU (HİSSE SENEDİ YOĞUN FON)(916) : 1.0  ,  ;9358.249316032648
2019-05-30;DENİZ PORTFÖY KISALI VADELİ BORÇLANMA ARAÇLARI FONU(577) : 0.99936  ,  ;9283.817956925825
2019-05-31;İŞ PORTFÖY BİST BANKA ENDEKSİ HİSSE SENEDİ FONU (HİSSE SENEDİ YOĞUN FON)(916) : 0.11826  ,  TACİRLER PORTFÖY DEĞIŞKEN FON(922) : 0.54775  ,  AURA PORTFÖY HİSSE SENEDİ FONU (HİSSE SENEDİ YOĞUN FON)(946) : 0.33398  ,  ;9289.1167904359
2019-06-03;İŞ PORTFÖY BİST BANKA ENDEKSİ HİSSE SENEDİ FONU (HİSSE SENEDİ YOĞUN FON)(916) : 0.46802  ,  TACİRLER PORTFÖY DEĞIŞKEN FON(922) : 0.53198  ,  ;9468.76389657766
2019-06-07;İŞ PORTFÖY BİST BANKA ENDEKSİ HİSSE SENEDİ FONU (HİSSE SENEDİ YOĞUN FON)(916) : 0.57108  ,  TACİRLER PORTFÖY DEĞIŞKEN FON(922) : 0.42892  ,  ;9422.73022830707
2019-06-10;TACİRLER PORTFÖY DEĞIŞKEN FON(922) : 0.98  ,  ;9989.112301693434
2019-06-11;İŞ PORTFÖY BİST BANKA ENDEKSİ HİSSE SENEDİ FONU (HİSSE SENEDİ YOĞUN FON)(916) : 0.39177  ,  TACİRLER PORTFÖY DEĞIŞKEN FON(922) : 0.60823  ,  ;10145.887554697922
2019-06-12;İŞ PORTFÖY BİST BANKA ENDEKSİ HİSSE SENEDİ FONU (HİSSE SENEDİ YOĞUN FON)(916) : 0.59886  ,  TACİRLER PORTFÖY DEĞIŞKEN FON(922) : 0.40114  ,  ;9943.364771228498
2019-06-13;TACİRLER PORTFÖY DEĞIŞKEN FON(922) : 1.0  ,  ;9998.745524393522
2019-06-14;AK PORTFÖY GELİŞEN ÜLKELER YABANCI HİSSE SENEDİ FONU(518) : 0.47867  ,  İŞ PORTFÖY BİST TEKNOLOJİ AĞIRLIKLI SINIRLAMALI ENDEKSİ HİSSE SENEDİ FONU (HİSSE SENEDİ YOĞUN FON)(964) : 0.52133  ,  ;9811.529268375722
2019-06-17;AK PORTFÖY GELİŞEN ÜLKELER YABANCI HİSSE SENEDİ FONU(518) : 0.71135  ,  İŞ PORTFÖY BİST TEKNOLOJİ AĞIRLIKLI SINIRLAMALI ENDEKSİ HİSSE SENEDİ FONU (HİSSE SENEDİ YOĞUN FON)(964) : 0.28865  ,  ;9783.44386695367
2019-06-18;İŞ PORTFÖY İŞ BANKASI İŞTİRAKLERİ ENDEKSİ HİSSE SENEDİ FONU (HİSSE SENEDİ YOĞUN FON)(939) : 0.23378  ,  İŞ PORTFÖY BİST TEKNOLOJİ AĞIRLIKLI SINIRLAMALI ENDEKSİ HİSSE SENEDİ FONU (HİSSE SENEDİ YOĞUN FON)(964) : 0.76622  ,  ;9808.403368366757
2019-06-19;TACİRLER PORTFÖY DEĞIŞKEN FON(922) : 1.0  ,  ;10000.882348606756
2019-06-20;İŞ PORTFÖY BİST BANKA ENDEKSİ HİSSE SENEDİ FONU (HİSSE SENEDİ YOĞUN FON)(916) : 0.82246  ,  TACİRLER PORTFÖY DEĞIŞKEN FON(922) : 0.17754  ,  ;9894.950322977227
2019-06-21;İŞ PORTFÖY BİST BANKA ENDEKSİ HİSSE SENEDİ FONU (HİSSE SENEDİ YOĞUN FON)(916) : 0.55673  ,  TACİRLER PORTFÖY DEĞIŞKEN FON(922) : 0.44327  ,  ;10041.10943965091
2019-06-24;AK PORTFÖY BİST BANKA ENDEKSİ HİSSE SENEDİ FONU (HİSSE SENEDİ YOĞUN FON)(513) : 0.2  ,  DENİZ PORTFÖY KISALI VADELİ BORÇLANMA ARAÇLARI FONU(577) : 0.68  ,  TACİRLER PORTFÖY DEĞIŞKEN FON(922) : 0.11  ,  ;10055.914899508334
2019-06-25;İŞ PORTFÖY BİST BANKA ENDEKSİ HİSSE SENEDİ FONU (HİSSE SENEDİ YOĞUN FON)(916) : 0.11857  ,  TACİRLER PORTFÖY DEĞIŞKEN FON(922) : 0.88143  ,  ;10149.243457688983
2019-06-26;İŞ PORTFÖY BİST BANKA ENDEKSİ HİSSE SENEDİ FONU (HİSSE SENEDİ YOĞUN FON)(916) : 0.42382  ,  TACİRLER PORTFÖY DEĞIŞKEN FON(922) : 0.57618  ,  ;10334.514069827968
2019-06-27;İŞ PORTFÖY BİST BANKA ENDEKSİ HİSSE SENEDİ FONU (HİSSE SENEDİ YOĞUN FON)(916) : 0.46031  ,  TACİRLER PORTFÖY DEĞIŞKEN FON(922) : 0.53969  ,  ;10226.163313322753
2019-06-28;DENİZ PORTFÖY KISALI VADELİ BORÇLANMA ARAÇLARI FONU(577) : 1.0  ,  ;10324.429806825385
2019-07-01;DENİZ PORTFÖY KISALI VADELİ BORÇLANMA ARAÇLARI FONU(577) : 1.0  ,  ;10342.170479927394
2019-07-02;İŞ PORTFÖY BİST BANKA ENDEKSİ HİSSE SENEDİ FONU (HİSSE SENEDİ YOĞUN FON)(916) : 0.21196  ,  TACİRLER PORTFÖY DEĞIŞKEN FON(922) : 0.78804  ,  ;10347.8999450037
2019-07-03;İŞ PORTFÖY BİST BANKA ENDEKSİ HİSSE SENEDİ FONU (HİSSE SENEDİ YOĞUN FON)(916) : 0.60336  ,  TACİRLER PORTFÖY DEĞIŞKEN FON(922) : 0.39664  ,  ;10388.10324869213
2019-07-04;İŞ PORTFÖY BİST BANKA ENDEKSİ HİSSE SENEDİ FONU (HİSSE SENEDİ YOĞUN FON)(916) : 0.31585  ,  TACİRLER PORTFÖY DEĞIŞKEN FON(922) : 0.68415  ,  ;10332.084304586117
2019-07-05;DENİZ PORTFÖY KISALI VADELİ BORÇLANMA ARAÇLARI FONU(577) : 0.95242  ,  TACİRLER PORTFÖY DEĞIŞKEN FON(922) : 0.04758  ,  ;10314.21009180552
2019-07-08;AK PORTFÖY GELİŞEN ÜLKELER YABANCI HİSSE SENEDİ FONU(518) : 0.66828  ,  İŞ PORTFÖY BİST TEKNOLOJİ AĞIRLIKLI SINIRLAMALI ENDEKSİ HİSSE SENEDİ FONU (HİSSE SENEDİ YOĞUN FON)(964) : 0.33172  ,  ;10329.230709447113
2019-07-09;DENİZ PORTFÖY KISALI VADELİ BORÇLANMA ARAÇLARI FONU(577) : 0.99984  ,  ;10358.416161764057
2019-07-10;AK PORTFÖY GELİŞEN ÜLKELER YABANCI HİSSE SENEDİ FONU(518) : 0.22695  ,  İŞ PORTFÖY BİST TEKNOLOJİ AĞIRLIKLI SINIRLAMALI ENDEKSİ HİSSE SENEDİ FONU (HİSSE SENEDİ YOĞUN FON)(964) : 0.77305  ,  ;10363.600978192184
2019-07-11;İŞ PORTFÖY İŞ BANKASI İŞTİRAKLERİ ENDEKSİ HİSSE SENEDİ FONU (HİSSE SENEDİ YOĞUN FON)(939) : 0.45261  ,  İŞ PORTFÖY BİST TEKNOLOJİ AĞIRLIKLI SINIRLAMALI ENDEKSİ HİSSE SENEDİ FONU (HİSSE SENEDİ YOĞUN FON)(964) : 0.54739  ,  ;10471.801011106596
2019-07-12;İŞ PORTFÖY İŞ BANKASI İŞTİRAKLERİ ENDEKSİ HİSSE SENEDİ FONU (HİSSE SENEDİ YOĞUN FON)(939) : 0.0757  ,  İŞ PORTFÖY BİST TEKNOLOJİ AĞIRLIKLI SINIRLAMALI ENDEKSİ HİSSE SENEDİ FONU (HİSSE SENEDİ YOĞUN FON)(964) : 0.9243  ,  ;10562.633290804866
2019-07-16;TACİRLER PORTFÖY DEĞIŞKEN FON(922) : 1.0  ,  ;10297.482387854312
2019-07-17;AK PORTFÖY GELİŞEN ÜLKELER YABANCI HİSSE SENEDİ FONU(518) : 0.6472  ,  İŞ PORTFÖY İŞ BANKASI İŞTİRAKLERİ ENDEKSİ HİSSE SENEDİ FONU (HİSSE SENEDİ YOĞUN FON)(939) : 0.26383  ,  İŞ PORTFÖY BİST TEKNOLOJİ AĞIRLIKLI SINIRLAMALI ENDEKSİ HİSSE SENEDİ FONU (HİSSE SENEDİ YOĞUN FON)(964) : 0.08896  ,  ;10442.353836542414
2019-07-18;DENİZ PORTFÖY BİST TEMETTÜ 25 ENDEKSİ HİSSE SENEDİ FONU ( HİSSE SENEDİ YOĞUN FON )(602) : 0.11666  ,  MARMARA CAPITAL PORTFÖY HİSSE SENEDİ FONU (HİSSE SENEDİ YOĞUN FON)(834) : 0.17123  ,  İŞ PORTFÖY BİST TEKNOLOJİ AĞIRLIKLI SINIRLAMALI ENDEKSİ HİSSE SENEDİ FONU (HİSSE SENEDİ YOĞUN FON)(964) : 0.71211  ,  ;10473.852772670443
2019-07-19;TACİRLER PORTFÖY DEĞIŞKEN FON(922) : 1.0  ,  ;10589.998000104764
2019-07-22;İŞ PORTFÖY BİST BANKA ENDEKSİ HİSSE SENEDİ FONU (HİSSE SENEDİ YOĞUN FON)(916) : 0.09039  ,  TACİRLER PORTFÖY DEĞIŞKEN FON(922) : 0.85984  ,  AURA PORTFÖY HİSSE SENEDİ FONU (HİSSE SENEDİ YOĞUN FON)(946) : 0.04976  ,  ;10637.091591270471
2019-07-23;TACİRLER PORTFÖY DEĞIŞKEN FON(922) : 1.0  ,  ;10589.752259600142
2019-07-24;DENİZ PORTFÖY KISALI VADELİ BORÇLANMA ARAÇLARI FONU(577) : 0.98  ,  ;10713.383362530607
2019-07-25;AK PORTFÖY AMERİKA YABANCI HİSSE SENEDİ FONU(516) : 0.22493  ,  TACİRLER PORTFÖY DEĞIŞKEN FON(922) : 0.77507  ,  ;10718.927204135132
2019-07-26;İŞ PORTFÖY BİST BANKA ENDEKSİ HİSSE SENEDİ FONU (HİSSE SENEDİ YOĞUN FON)(916) : 0.19601  ,  TACİRLER PORTFÖY DEĞIŞKEN FON(922) : 0.80399  ,  ;10545.093882268888
2019-07-29;TACİRLER PORTFÖY DEĞIŞKEN FON(922) : 1.0  ,  ;10623.53705435768
2019-07-30;DENİZ PORTFÖY KISALI VADELİ BORÇLANMA ARAÇLARI FONU(577) : 1.0  ,  ;10684.618913752633
2019-07-31;TACİRLER PORTFÖY DEĞIŞKEN FON(922) : 1.0  ,  ;10690.25618121535
2019-08-01;DENİZ PORTFÖY KISALI VADELİ BORÇLANMA ARAÇLARI FONU(577) : 0.99  ,  ;10700.098267149982
2019-08-02;AK PORTFÖY GELİŞEN ÜLKELER YABANCI HİSSE SENEDİ FONU(518) : 1.0  ,  ;10705.165575334453
2019-08-05;AK PORTFÖY GELİŞEN ÜLKELER YABANCI HİSSE SENEDİ FONU(518) : 0.9347  ,  YAPI KREDİ PORTFÖY YABANCI TEKNOLOJİ SEKTÖRÜ HİSSE SENEDİ FONU(989) : 0.0653  ,  ;10562.251720630205
2019-08-06;AK PORTFÖY GELİŞEN ÜLKELER YABANCI HİSSE SENEDİ FONU(518) : 1.0  ,  ;10142.792706452377
2019-08-07;AK PORTFÖY GELİŞEN ÜLKELER YABANCI HİSSE SENEDİ FONU(518) : 0.65718  ,  İŞ PORTFÖY BİST TEKNOLOJİ AĞIRLIKLI SINIRLAMALI ENDEKSİ HİSSE SENEDİ FONU (HİSSE SENEDİ YOĞUN FON)(964) : 0.34282  ,  ;10232.367541390768
2019-08-08;AK PORTFÖY GELİŞEN ÜLKELER YABANCI HİSSE SENEDİ FONU(518) : 0.74505  ,  İŞ PORTFÖY BİST TEKNOLOJİ AĞIRLIKLI SINIRLAMALI ENDEKSİ HİSSE SENEDİ FONU (HİSSE SENEDİ YOĞUN FON)(964) : 0.14209  ,  YAPI KREDİ PORTFÖY YABANCI TEKNOLOJİ SEKTÖRÜ HİSSE SENEDİ FONU(989) : 0.11286  ,  ;10070.034904898777
2019-08-09;AK PORTFÖY GELİŞEN ÜLKELER YABANCI HİSSE SENEDİ FONU(518) : 0.66844  ,  İŞ PORTFÖY BİST TEKNOLOJİ AĞIRLIKLI SINIRLAMALI ENDEKSİ HİSSE SENEDİ FONU (HİSSE SENEDİ YOĞUN FON)(964) : 0.20489  ,  YAPI KREDİ PORTFÖY YABANCI TEKNOLOJİ SEKTÖRÜ HİSSE SENEDİ FONU(989) : 0.12666  ,  ;10182.844237659807
2019-08-15;AK PORTFÖY GELİŞEN ÜLKELER YABANCI HİSSE SENEDİ FONU(518) : 0.51893  ,  İŞ PORTFÖY İŞ BANKASI İŞTİRAKLERİ ENDEKSİ HİSSE SENEDİ FONU (HİSSE SENEDİ YOĞUN FON)(939) : 0.06277  ,  İŞ PORTFÖY BİST TEKNOLOJİ AĞIRLIKLI SINIRLAMALI ENDEKSİ HİSSE SENEDİ FONU (HİSSE SENEDİ YOĞUN FON)(964) : 0.4183  ,  ;9905.026114561313
2019-08-16;AK PORTFÖY GELİŞEN ÜLKELER YABANCI HİSSE SENEDİ FONU(518) : 0.88  ,  YAPI KREDİ PORTFÖY YABANCI TEKNOLOJİ SEKTÖRÜ HİSSE SENEDİ FONU(989) : 0.11  ,  ;10019.44845558558
2019-08-19;AK PORTFÖY AMERİKA YABANCI HİSSE SENEDİ FONU(516) : 0.33148  ,  İŞ PORTFÖY BİST BANKA ENDEKSİ HİSSE SENEDİ FONU (HİSSE SENEDİ YOĞUN FON)(916) : 0.66852  ,  ;10045.207360268827
2019-08-20;DENİZ PORTFÖY BİST TEMETTÜ 25 ENDEKSİ HİSSE SENEDİ FONU ( HİSSE SENEDİ YOĞUN FON )(602) : 0.59161  ,  İŞ PORTFÖY BİST BANKA ENDEKSİ HİSSE SENEDİ FONU (HİSSE SENEDİ YOĞUN FON)(916) : 0.40839  ,  ;10036.964504540445
2019-08-21;DENİZ PORTFÖY BİST TEMETTÜ 25 ENDEKSİ HİSSE SENEDİ FONU ( HİSSE SENEDİ YOĞUN FON )(602) : 0.32784  ,  İŞ PORTFÖY BİST BANKA ENDEKSİ HİSSE SENEDİ FONU (HİSSE SENEDİ YOĞUN FON)(916) : 0.67216  ,  ;10116.657561473232
2019-08-22;DENİZ PORTFÖY BİST TEMETTÜ 25 ENDEKSİ HİSSE SENEDİ FONU ( HİSSE SENEDİ YOĞUN FON )(602) : 0.51828  ,  İŞ PORTFÖY BİST TEKNOLOJİ AĞIRLIKLI SINIRLAMALI ENDEKSİ HİSSE SENEDİ FONU (HİSSE SENEDİ YOĞUN FON)(964) : 0.48172  ,  ;10101.041003843971
2019-08-23;DENİZ PORTFÖY KISALI VADELİ BORÇLANMA ARAÇLARI FONU(577) : 1.0  ,  ;10046.845121871453
2019-08-26;İŞ PORTFÖY BİST TEKNOLOJİ AĞIRLIKLI SINIRLAMALI ENDEKSİ HİSSE SENEDİ FONU (HİSSE SENEDİ YOĞUN FON)(964) : 1.0  ,  ;10054.955421952556
2019-08-27;AK PORTFÖY AMERİKA YABANCI HİSSE SENEDİ FONU(516) : 0.18655  ,  TACİRLER PORTFÖY DEĞIŞKEN FON(922) : 0.81345  ,  ;10008.575750064065
2019-08-28;GEDİK PORTFÖY İKİNCİ HİSSE SENEDİ FONU (HİSSE SENEDİ YOĞUN FON)(696) : 0.26348  ,  İŞ PORTFÖY BİST BANKA ENDEKSİ HİSSE SENEDİ FONU (HİSSE SENEDİ YOĞUN FON)(916) : 0.46866  ,  TACİRLER PORTFÖY DEĞIŞKEN FON(922) : 0.26785  ,  ;10065.759015329764
2019-08-29;DENİZ PORTFÖY KISALI VADELİ BORÇLANMA ARAÇLARI FONU(577) : 1.0  ,  ;10124.798017720237
2019-09-02;DENİZ PORTFÖY BİST TEMETTÜ 25 ENDEKSİ HİSSE SENEDİ FONU ( HİSSE SENEDİ YOĞUN FON )(602) : 1.0  ,  ;10142.503400156498
2019-09-03;AK PORTFÖY GELİŞEN ÜLKELER YABANCI HİSSE SENEDİ FONU(518) : 0.52  ,  GEDİK PORTFÖY İKİNCİ HİSSE SENEDİ FONU (HİSSE SENEDİ YOĞUN FON)(696) : 0.21  ,  İŞ PORTFÖY BİST TEKNOLOJİ AĞIRLIKLI SINIRLAMALI ENDEKSİ HİSSE SENEDİ FONU (HİSSE SENEDİ YOĞUN FON)(964) : 0.26  ,  ;10353.528030668887
2019-09-04;KARE PORTFÖY HİSSE SENEDİ FONU(HİSSE SENEDİ YOĞUN FON)(832) : 0.16985  ,  İŞ PORTFÖY BİST BANKA ENDEKSİ HİSSE SENEDİ FONU (HİSSE SENEDİ YOĞUN FON)(916) : 0.12638  ,  İŞ PORTFÖY BİST TEKNOLOJİ AĞIRLIKLI SINIRLAMALI ENDEKSİ HİSSE SENEDİ FONU (HİSSE SENEDİ YOĞUN FON)(964) : 0.70377  ,  ;10298.876768711467
2019-09-05;İŞ PORTFÖY BİST BANKA ENDEKSİ HİSSE SENEDİ FONU (HİSSE SENEDİ YOĞUN FON)(916) : 0.93168  ,  TACİRLER PORTFÖY DEĞIŞKEN FON(922) : 0.06832  ,  ;10484.412920319879
2019-09-06;İŞ PORTFÖY BİST BANKA ENDEKSİ HİSSE SENEDİ FONU (HİSSE SENEDİ YOĞUN FON)(916) : 0.38988  ,  TACİRLER PORTFÖY DEĞIŞKEN FON(922) : 0.61012  ,  ;10473.909295467103
2019-09-09;TACİRLER PORTFÖY DEĞIŞKEN FON(922) : 1.0  ,  ;10325.126227103226
2019-09-10;AK PORTFÖY AMERİKA YABANCI HİSSE SENEDİ FONU(516) : 0.36466  ,  TACİRLER PORTFÖY DEĞIŞKEN FON(922) : 0.369  ,  AURA PORTFÖY HİSSE SENEDİ FONU (HİSSE SENEDİ YOĞUN FON)(946) : 0.26634  ,  ;10433.255524798655
2019-09-11;DENİZ PORTFÖY KISALI VADELİ BORÇLANMA ARAÇLARI FONU(577) : 1.0  ,  ;10480.348303177745
2019-09-12;GEDİK PORTFÖY İKİNCİ HİSSE SENEDİ FONU (HİSSE SENEDİ YOĞUN FON)(696) : 0.32086  ,  İŞ PORTFÖY BİST BANKA ENDEKSİ HİSSE SENEDİ FONU (HİSSE SENEDİ YOĞUN FON)(916) : 0.43337  ,  İŞ PORTFÖY BİST TEKNOLOJİ AĞIRLIKLI SINIRLAMALI ENDEKSİ HİSSE SENEDİ FONU (HİSSE SENEDİ YOĞUN FON)(964) : 0.24577  ,  ;10484.369009816935
2019-09-13;AK PORTFÖY AMERİKA YABANCI HİSSE SENEDİ FONU(516) : 0.17568  ,  AK PORTFÖY GELİŞEN ÜLKELER YABANCI HİSSE SENEDİ FONU(518) : 0.0444  ,  İŞ PORTFÖY BİST BANKA ENDEKSİ HİSSE SENEDİ FONU (HİSSE SENEDİ YOĞUN FON)(916) : 0.11879  ,  İŞ PORTFÖY İŞ BANKASI İŞTİRAKLERİ ENDEKSİ HİSSE SENEDİ FONU (HİSSE SENEDİ YOĞUN FON)(939) : 0.06093  ,  İŞ PORTFÖY BİST TEKNOLOJİ AĞIRLIKLI SINIRLAMALI ENDEKSİ HİSSE SENEDİ FONU (HİSSE SENEDİ YOĞUN FON)(964) : 0.6002  ,  ;10609.94004478632
2019-09-16;AK PORTFÖY GELİŞEN ÜLKELER YABANCI HİSSE SENEDİ FONU(518) : 0.35  ,  İŞ PORTFÖY BİST BANKA ENDEKSİ HİSSE SENEDİ FONU (HİSSE SENEDİ YOĞUN FON)(916) : 0.28  ,  İŞ PORTFÖY BİST TEKNOLOJİ AĞIRLIKLI SINIRLAMALI ENDEKSİ HİSSE SENEDİ FONU (HİSSE SENEDİ YOĞUN FON)(964) : 0.36  ,  ;10646.55160756976
2019-09-17;İŞ PORTFÖY BİST BANKA ENDEKSİ HİSSE SENEDİ FONU (HİSSE SENEDİ YOĞUN FON)(916) : 0.17064  ,  İŞ PORTFÖY BİST TEKNOLOJİ AĞIRLIKLI SINIRLAMALI ENDEKSİ HİSSE SENEDİ FONU (HİSSE SENEDİ YOĞUN FON)(964) : 0.82936  ,  ;10599.332046188689
2019-09-18;GEDİK PORTFÖY İKİNCİ HİSSE SENEDİ FONU (HİSSE SENEDİ YOĞUN FON)(696) : 0.92169  ,  İŞ PORTFÖY İŞ BANKASI İŞTİRAKLERİ ENDEKSİ HİSSE SENEDİ FONU (HİSSE SENEDİ YOĞUN FON)(939) : 0.04145  ,  İŞ PORTFÖY BİST TEKNOLOJİ AĞIRLIKLI SINIRLAMALI ENDEKSİ HİSSE SENEDİ FONU (HİSSE SENEDİ YOĞUN FON)(964) : 0.03686  ,  ;10506.892750027779
2019-09-19;DENİZ PORTFÖY BİST TEMETTÜ 25 ENDEKSİ HİSSE SENEDİ FONU ( HİSSE SENEDİ YOĞUN FON )(602) : 0.55391  ,  İŞ PORTFÖY BİST TEKNOLOJİ AĞIRLIKLI SINIRLAMALI ENDEKSİ HİSSE SENEDİ FONU (HİSSE SENEDİ YOĞUN FON)(964) : 0.44609  ,  ;10642.050855204601
2019-09-20;AK PORTFÖY GELİŞEN ÜLKELER YABANCI HİSSE SENEDİ FONU(518) : 0.25158  ,  İŞ PORTFÖY İŞ BANKASI İŞTİRAKLERİ ENDEKSİ HİSSE SENEDİ FONU (HİSSE SENEDİ YOĞUN FON)(939) : 0.15055  ,  İŞ PORTFÖY BİST TEKNOLOJİ AĞIRLIKLI SINIRLAMALI ENDEKSİ HİSSE SENEDİ FONU (HİSSE SENEDİ YOĞUN FON)(964) : 0.59787  ,  ;10471.316887794526
2019-09-23;AK PORTFÖY GELİŞEN ÜLKELER YABANCI HİSSE SENEDİ FONU(518) : 1.00001  ,  ;10507.663846921418
2019-09-24;İŞ PORTFÖY İŞ BANKASI İŞTİRAKLERİ ENDEKSİ HİSSE SENEDİ FONU (HİSSE SENEDİ YOĞUN FON)(939) : 0.12314  ,  İŞ PORTFÖY BİST TEKNOLOJİ AĞIRLIKLI SINIRLAMALI ENDEKSİ HİSSE SENEDİ FONU (HİSSE SENEDİ YOĞUN FON)(964) : 0.87686  ,  ;10573.866463845752
2019-09-25;YAPI KREDİ PORTFÖY YABANCI TEKNOLOJİ SEKTÖRÜ HİSSE SENEDİ FONU(989) : 1.00002  ,  ;10664.430443845882
2019-09-26;DENİZ PORTFÖY KISALI VADELİ BORÇLANMA ARAÇLARI FONU(577) : 0.96978  ,  TACİRLER PORTFÖY DEĞIŞKEN FON(922) : 0.03013  ,  ;10800.509074016642
2019-09-27;DENİZ PORTFÖY BİST TEMETTÜ 25 ENDEKSİ HİSSE SENEDİ FONU ( HİSSE SENEDİ YOĞUN FON )(602) : 0.19414  ,  İŞ PORTFÖY BİST BANKA ENDEKSİ HİSSE SENEDİ FONU (HİSSE SENEDİ YOĞUN FON)(916) : 0.55469  ,  TACİRLER PORTFÖY DEĞIŞKEN FON(922) : 0.25117  ,  ;10802.774057929366
2019-09-30;İŞ PORTFÖY BİST BANKA ENDEKSİ HİSSE SENEDİ FONU (HİSSE SENEDİ YOĞUN FON)(916) : 0.23589  ,  TACİRLER PORTFÖY DEĞIŞKEN FON(922) : 0.76411  ,  ;11287.499341683886
2019-10-01;DENİZ PORTFÖY KISALI VADELİ BORÇLANMA ARAÇLARI FONU(577) : 1.0  ,  ;11382.076254661577
2019-10-02;DENİZ PORTFÖY BİST TEMETTÜ 25 ENDEKSİ HİSSE SENEDİ FONU ( HİSSE SENEDİ YOĞUN FON )(602) : 0.54643  ,  İŞ PORTFÖY BİST BANKA ENDEKSİ HİSSE SENEDİ FONU (HİSSE SENEDİ YOĞUN FON)(916) : 0.25978  ,  İŞ PORTFÖY BİST TEKNOLOJİ AĞIRLIKLI SINIRLAMALI ENDEKSİ HİSSE SENEDİ FONU (HİSSE SENEDİ YOĞUN FON)(964) : 0.19379  ,  ;11385.564742651211
2019-10-03;DENİZ PORTFÖY KISALI VADELİ BORÇLANMA ARAÇLARI FONU(577) : 0.99  ,  ;11324.33425509983
2019-10-04;AK PORTFÖY GELİŞEN ÜLKELER YABANCI HİSSE SENEDİ FONU(518) : 0.66126  ,  İŞ PORTFÖY İŞ BANKASI İŞTİRAKLERİ ENDEKSİ HİSSE SENEDİ FONU (HİSSE SENEDİ YOĞUN FON)(939) : 0.28099  ,  YAPI KREDİ PORTFÖY YABANCI TEKNOLOJİ SEKTÖRÜ HİSSE SENEDİ FONU(989) : 0.05775  ,  ;11328.771285128214
2019-10-07;DENİZ PORTFÖY KISALI VADELİ BORÇLANMA ARAÇLARI FONU(577) : 1.0  ,  ;11383.395554556866
2019-10-08;DENİZ PORTFÖY KISALI VADELİ BORÇLANMA ARAÇLARI FONU(577) : 1.0  ,  ;11387.372686050774
2019-10-09;AK PORTFÖY GELİŞEN ÜLKELER YABANCI HİSSE SENEDİ FONU(518) : 0.6655  ,  YAPI KREDİ PORTFÖY YABANCI TEKNOLOJİ SEKTÖRÜ HİSSE SENEDİ FONU(989) : 0.3345  ,  ;11390.851292620371
2019-10-10;İŞ PORTFÖY BİST TEKNOLOJİ AĞIRLIKLI SINIRLAMALI ENDEKSİ HİSSE SENEDİ FONU (HİSSE SENEDİ YOĞUN FON)(964) : 1.0  ,  ;11513.468509552878
2019-10-11;İŞ PORTFÖY BİST TEKNOLOJİ AĞIRLIKLI SINIRLAMALI ENDEKSİ HİSSE SENEDİ FONU (HİSSE SENEDİ YOĞUN FON)(964) : 1.0  ,  ;11412.705360076116
2019-10-14;DENİZ PORTFÖY BİST TEMETTÜ 25 ENDEKSİ HİSSE SENEDİ FONU ( HİSSE SENEDİ YOĞUN FON )(602) : 0.11107  ,  İŞ PORTFÖY BİST TEKNOLOJİ AĞIRLIKLI SINIRLAMALI ENDEKSİ HİSSE SENEDİ FONU (HİSSE SENEDİ YOĞUN FON)(964) : 0.88893  ,  ;11539.422036360016
2019-10-15;DENİZ PORTFÖY BİST TEMETTÜ 25 ENDEKSİ HİSSE SENEDİ FONU ( HİSSE SENEDİ YOĞUN FON )(602) : 0.4601  ,  İŞ PORTFÖY BİST TEKNOLOJİ AĞIRLIKLI SINIRLAMALI ENDEKSİ HİSSE SENEDİ FONU (HİSSE SENEDİ YOĞUN FON)(964) : 0.5399  ,  ;10989.799079255898
2019-10-16;DENİZ PORTFÖY BİST TEMETTÜ 25 ENDEKSİ HİSSE SENEDİ FONU ( HİSSE SENEDİ YOĞUN FON )(602) : 0.81613  ,  İŞ PORTFÖY BİST BANKA ENDEKSİ HİSSE SENEDİ FONU (HİSSE SENEDİ YOĞUN FON)(916) : 0.18387  ,  ;11147.741364948894
2019-10-17;DENİZ PORTFÖY BİST TEMETTÜ 25 ENDEKSİ HİSSE SENEDİ FONU ( HİSSE SENEDİ YOĞUN FON )(602) : 0.52883  ,  İŞ PORTFÖY BİST TEKNOLOJİ AĞIRLIKLI SINIRLAMALI ENDEKSİ HİSSE SENEDİ FONU (HİSSE SENEDİ YOĞUN FON)(964) : 0.47117  ,  ;11100.036889324389
2019-10-18;DENİZ PORTFÖY KISALI VADELİ BORÇLANMA ARAÇLARI FONU(577) : 0.99  ,  ;11162.069103500564
2019-10-21;İŞ PORTFÖY BİST TEKNOLOJİ AĞIRLIKLI SINIRLAMALI ENDEKSİ HİSSE SENEDİ FONU (HİSSE SENEDİ YOĞUN FON)(964) : 1.0  ,  ;11177.792748527367
2019-10-22;İŞ PORTFÖY BİST BANKA ENDEKSİ HİSSE SENEDİ FONU (HİSSE SENEDİ YOĞUN FON)(916) : 0.99999  ,  ;11189.003254372845
2019-10-23;DENİZ PORTFÖY BİST TEMETTÜ 25 ENDEKSİ HİSSE SENEDİ FONU ( HİSSE SENEDİ YOĞUN FON )(602) : 0.43  ,  İŞ PORTFÖY BİST TEKNOLOJİ AĞIRLIKLI SINIRLAMALI ENDEKSİ HİSSE SENEDİ FONU (HİSSE SENEDİ YOĞUN FON)(964) : 0.54  ,  ;11259.865489905838
2019-10-24;AK PORTFÖY AMERİKA YABANCI HİSSE SENEDİ FONU(516) : 0.72353  ,  GEDİK PORTFÖY İKİNCİ HİSSE SENEDİ FONU (HİSSE SENEDİ YOĞUN FON)(696) : 0.04134  ,  TACİRLER PORTFÖY DEĞIŞKEN FON(922) : 0.23513  ,  ;11551.86635474218
2019-10-25;İŞ PORTFÖY BİST BANKA ENDEKSİ HİSSE SENEDİ FONU (HİSSE SENEDİ YOĞUN FON)(916) : 0.2572  ,  TACİRLER PORTFÖY DEĞIŞKEN FON(922) : 0.33354  ,  AURA PORTFÖY HİSSE SENEDİ FONU (HİSSE SENEDİ YOĞUN FON)(946) : 0.40926  ,  ;11548.243178305549
2019-10-28;İŞ PORTFÖY BİST BANKA ENDEKSİ HİSSE SENEDİ FONU (HİSSE SENEDİ YOĞUN FON)(916) : 0.12  ,  TACİRLER PORTFÖY DEĞIŞKEN FON(922) : 0.22  ,  AURA PORTFÖY HİSSE SENEDİ FONU (HİSSE SENEDİ YOĞUN FON)(946) : 0.61  ,  İŞ PORTFÖY BİST TEKNOLOJİ AĞIRLIKLI SINIRLAMALI ENDEKSİ HİSSE SENEDİ FONU (HİSSE SENEDİ YOĞUN FON)(964) : 0.03  ,  ;11571.531472347799
2019-10-30;TACİRLER PORTFÖY DEĞIŞKEN FON(922) : 0.69  ,  AURA PORTFÖY HİSSE SENEDİ FONU (HİSSE SENEDİ YOĞUN FON)(946) : 0.3  ,  ;11575.369736427952
2019-10-31;AK PORTFÖY GELİŞEN ÜLKELER YABANCI HİSSE SENEDİ FONU(518) : 0.32  ,  İŞ PORTFÖY BİST TEKNOLOJİ AĞIRLIKLI SINIRLAMALI ENDEKSİ HİSSE SENEDİ FONU (HİSSE SENEDİ YOĞUN FON)(964) : 0.68  ,  ;11606.582192057711
2019-11-01;İŞ PORTFÖY BİST TEKNOLOJİ AĞIRLIKLI SINIRLAMALI ENDEKSİ HİSSE SENEDİ FONU (HİSSE SENEDİ YOĞUN FON)(964) : 1.00001  ,  ;11570.85944629067
2019-11-04;İŞ PORTFÖY BİST BANKA ENDEKSİ HİSSE SENEDİ FONU (HİSSE SENEDİ YOĞUN FON)(916) : 0.49993  ,  İŞ PORTFÖY İŞ BANKASI İŞTİRAKLERİ ENDEKSİ HİSSE SENEDİ FONU (HİSSE SENEDİ YOĞUN FON)(939) : 0.50007  ,  ;11593.707778818462
2019-11-05;İŞ PORTFÖY BİST TEKNOLOJİ AĞIRLIKLI SINIRLAMALI ENDEKSİ HİSSE SENEDİ FONU (HİSSE SENEDİ YOĞUN FON)(964) : 0.99999  ,  ;11762.409999576697
2019-11-06;AK PORTFÖY GELİŞEN ÜLKELER YABANCI HİSSE SENEDİ FONU(518) : 0.6892  ,  İŞ PORTFÖY BİST TEKNOLOJİ AĞIRLIKLI SINIRLAMALI ENDEKSİ HİSSE SENEDİ FONU (HİSSE SENEDİ YOĞUN FON)(964) : 0.3108  ,  ;11775.972542901922
2019-11-07;AK PORTFÖY GELİŞEN ÜLKELER YABANCI HİSSE SENEDİ FONU(518) : 0.4501  ,  İŞ PORTFÖY BİST TEKNOLOJİ AĞIRLIKLI SINIRLAMALI ENDEKSİ HİSSE SENEDİ FONU (HİSSE SENEDİ YOĞUN FON)(964) : 0.5499  ,  ;11804.370851331621
2019-11-08;AK PORTFÖY GELİŞEN ÜLKELER YABANCI HİSSE SENEDİ FONU(518) : 0.65653  ,  İŞ PORTFÖY BİST TEKNOLOJİ AĞIRLIKLI SINIRLAMALI ENDEKSİ HİSSE SENEDİ FONU (HİSSE SENEDİ YOĞUN FON)(964) : 0.15271  ,  YAPI KREDİ PORTFÖY YABANCI TEKNOLOJİ SEKTÖRÜ HİSSE SENEDİ FONU(989) : 0.19076  ,  ;11931.025235969402
2019-11-11;İŞ PORTFÖY BİST BANKA ENDEKSİ HİSSE SENEDİ FONU (HİSSE SENEDİ YOĞUN FON)(916) : 0.38  ,  İŞ PORTFÖY BİST TEKNOLOJİ AĞIRLIKLI SINIRLAMALI ENDEKSİ HİSSE SENEDİ FONU (HİSSE SENEDİ YOĞUN FON)(964) : 0.29  ,  YAPI KREDİ PORTFÖY YABANCI TEKNOLOJİ SEKTÖRÜ HİSSE SENEDİ FONU(989) : 0.32  ,  ;11899.104639983374
2019-11-12;İŞ PORTFÖY BİST BANKA ENDEKSİ HİSSE SENEDİ FONU (HİSSE SENEDİ YOĞUN FON)(916) : 0.59506  ,  TACİRLER PORTFÖY DEĞIŞKEN FON(922) : 0.40494  ,  ;11979.406501299374
2019-11-13;TACİRLER PORTFÖY DEĞIŞKEN FON(922) : 0.98  ,  ;12104.740905719898
2019-11-14;GEDİK PORTFÖY İKİNCİ HİSSE SENEDİ FONU (HİSSE SENEDİ YOĞUN FON)(696) : 0.06821  ,  İŞ PORTFÖY BİST BANKA ENDEKSİ HİSSE SENEDİ FONU (HİSSE SENEDİ YOĞUN FON)(916) : 0.20502  ,  TACİRLER PORTFÖY DEĞIŞKEN FON(922) : 0.60529  ,  İŞ PORTFÖY BİST TEKNOLOJİ AĞIRLIKLI SINIRLAMALI ENDEKSİ HİSSE SENEDİ FONU (HİSSE SENEDİ YOĞUN FON)(964) : 0.12148  ,  ;12284.783964971286
2019-11-15;İŞ PORTFÖY BİST BANKA ENDEKSİ HİSSE SENEDİ FONU (HİSSE SENEDİ YOĞUN FON)(916) : 0.64167  ,  TACİRLER PORTFÖY DEĞIŞKEN FON(922) : 0.35833  ,  ;12256.433523808006
2019-11-18;TACİRLER PORTFÖY DEĞIŞKEN FON(922) : 1.0  ,  ;12436.697923657239
2019-11-19;DENİZ PORTFÖY KISALI VADELİ BORÇLANMA ARAÇLARI FONU(577) : 0.99  ,  ;12707.900675734172
2019-11-20;İŞ PORTFÖY BİST BANKA ENDEKSİ HİSSE SENEDİ FONU (HİSSE SENEDİ YOĞUN FON)(916) : 0.26987  ,  TACİRLER PORTFÖY DEĞIŞKEN FON(922) : 0.73013  ,  ;12710.812868703728
2019-11-21;İŞ PORTFÖY BİST BANKA ENDEKSİ HİSSE SENEDİ FONU (HİSSE SENEDİ YOĞUN FON)(916) : 0.16285  ,  TACİRLER PORTFÖY DEĞIŞKEN FON(922) : 0.83715  ,  ;12666.937603779292
2019-11-22;TACİRLER PORTFÖY DEĞIŞKEN FON(922) : 1.0  ,  ;12637.57139660208
2019-11-25;DENİZ PORTFÖY KISALI VADELİ BORÇLANMA ARAÇLARI FONU(577) : 1.0  ,  ;12644.846143362867
2019-11-26;TACİRLER PORTFÖY DEĞIŞKEN FON(922) : 1.0  ,  ;12648.760420689414
2019-11-27;AK PORTFÖY GELİŞEN ÜLKELER YABANCI HİSSE SENEDİ FONU(518) : 0.3343  ,  İŞ PORTFÖY BİST TEKNOLOJİ AĞIRLIKLI SINIRLAMALI ENDEKSİ HİSSE SENEDİ FONU (HİSSE SENEDİ YOĞUN FON)(964) : 0.46422  ,  YAPI KREDİ PORTFÖY YABANCI TEKNOLOJİ SEKTÖRÜ HİSSE SENEDİ FONU(989) : 0.20147  ,  ;12624.429731368045
2019-11-28;DENİZ PORTFÖY KISALI VADELİ BORÇLANMA ARAÇLARI FONU(577) : 0.98  ,  ;12683.898236641624
2019-11-29;AK PORTFÖY AMERİKA YABANCI HİSSE SENEDİ FONU(516) : 0.22369  ,  GEDİK PORTFÖY İKİNCİ HİSSE SENEDİ FONU (HİSSE SENEDİ YOĞUN FON)(696) : 0.34574  ,  TACİRLER PORTFÖY DEĞIŞKEN FON(922) : 0.43057  ,  ;12686.772417891012
2019-12-02;AK PORTFÖY AMERİKA YABANCI HİSSE SENEDİ FONU(516) : 0.21255  ,  TACİRLER PORTFÖY DEĞIŞKEN FON(922) : 0.78745  ,  ;12704.760412705893
2019-12-03;TACİRLER PORTFÖY DEĞIŞKEN FON(922) : 1.0  ,  ;13002.181030976466
2019-12-04;İŞ PORTFÖY BİST TEKNOLOJİ AĞIRLIKLI SINIRLAMALI ENDEKSİ HİSSE SENEDİ FONU (HİSSE SENEDİ YOĞUN FON)(964) : 0.99999  ,  ;13101.081037781883
2019-12-05;GEDİK PORTFÖY İKİNCİ HİSSE SENEDİ FONU (HİSSE SENEDİ YOĞUN FON)(696) : 0.14  ,  TACİRLER PORTFÖY DEĞIŞKEN FON(922) : 0.86  ,  ;13411.00307817699
2019-12-06;DENİZ PORTFÖY KISALI VADELİ BORÇLANMA ARAÇLARI FONU(577) : 0.99  ,  ;13555.82753292451
2019-12-09;İŞ PORTFÖY BİST BANKA ENDEKSİ HİSSE SENEDİ FONU (HİSSE SENEDİ YOĞUN FON)(916) : 0.38498  ,  TACİRLER PORTFÖY DEĞIŞKEN FON(922) : 0.61502  ,  ;13564.515553986377
2019-12-10;AK PORTFÖY AMERİKA YABANCI HİSSE SENEDİ FONU(516) : 0.14828  ,  İŞ PORTFÖY BİST BANKA ENDEKSİ HİSSE SENEDİ FONU (HİSSE SENEDİ YOĞUN FON)(916) : 0.06471  ,  TACİRLER PORTFÖY DEĞIŞKEN FON(922) : 0.787  ,  ;13590.946387050359
2019-12-11;AK PORTFÖY GELİŞEN ÜLKELER YABANCI HİSSE SENEDİ FONU(518) : 0.36833  ,  İŞ PORTFÖY İŞ BANKASI İŞTİRAKLERİ ENDEKSİ HİSSE SENEDİ FONU (HİSSE SENEDİ YOĞUN FON)(939) : 0.19346  ,  YAPI KREDİ PORTFÖY YABANCI TEKNOLOJİ SEKTÖRÜ HİSSE SENEDİ FONU(989) : 0.43821  ,  ;13550.47797887517
2019-12-12;AK PORTFÖY AMERİKA YABANCI HİSSE SENEDİ FONU(516) : 0.63902  ,  AK PORTFÖY GELİŞEN ÜLKELER YABANCI HİSSE SENEDİ FONU(518) : 0.08118  ,  TACİRLER PORTFÖY DEĞIŞKEN FON(922) : 0.2798  ,  ;13626.060697311077
2019-12-13;AK PORTFÖY AMERİKA YABANCI HİSSE SENEDİ FONU(516) : 0.59234  ,  AK PORTFÖY GELİŞEN ÜLKELER YABANCI HİSSE SENEDİ FONU(518) : 0.40766  ,  ;13739.071620159748
2019-12-16;AK PORTFÖY AMERİKA YABANCI HİSSE SENEDİ FONU(516) : 0.64276  ,  İŞ PORTFÖY BİST BANKA ENDEKSİ HİSSE SENEDİ FONU (HİSSE SENEDİ YOĞUN FON)(916) : 0.20565  ,  TACİRLER PORTFÖY DEĞIŞKEN FON(922) : 0.15158  ,  ;13708.097769927945
2019-12-17;AK PORTFÖY AMERİKA YABANCI HİSSE SENEDİ FONU(516) : 0.14905  ,  İŞ PORTFÖY BİST BANKA ENDEKSİ HİSSE SENEDİ FONU (HİSSE SENEDİ YOĞUN FON)(916) : 0.85095  ,  ;13840.958972378077
2019-12-18;AK PORTFÖY GELİŞEN ÜLKELER YABANCI HİSSE SENEDİ FONU(518) : 0.34716  ,  İŞ PORTFÖY BİST BANKA ENDEKSİ HİSSE SENEDİ FONU (HİSSE SENEDİ YOĞUN FON)(916) : 0.17517  ,  YAPI KREDİ PORTFÖY YABANCI TEKNOLOJİ SEKTÖRÜ HİSSE SENEDİ FONU(989) : 0.47767  ,  ;13819.134368089559
2019-12-19;AK PORTFÖY AMERİKA YABANCI HİSSE SENEDİ FONU(516) : 1.0  ,  ;13885.350737340554
2019-12-20;DENİZ PORTFÖY KISALI VADELİ BORÇLANMA ARAÇLARI FONU(577) : 0.98  ,  ;13976.844661572148
2019-12-23;DENİZ PORTFÖY KISALI VADELİ BORÇLANMA ARAÇLARI FONU(577) : 1.0  ,  ;13984.932040212925
2019-12-24;AK PORTFÖY AMERİKA YABANCI HİSSE SENEDİ FONU(516) : 0.73662  ,  TACİRLER PORTFÖY DEĞIŞKEN FON(922) : 0.26338  ,  ;13987.842259934514
2019-12-25;AK PORTFÖY GELİŞEN ÜLKELER YABANCI HİSSE SENEDİ FONU(518) : 0.08909  ,  İŞ PORTFÖY BİST BANKA ENDEKSİ HİSSE SENEDİ FONU (HİSSE SENEDİ YOĞUN FON)(916) : 0.03617  ,  İŞ PORTFÖY İŞ BANKASI İŞTİRAKLERİ ENDEKSİ HİSSE SENEDİ FONU (HİSSE SENEDİ YOĞUN FON)(939) : 0.31063  ,  YAPI KREDİ PORTFÖY YABANCI TEKNOLOJİ SEKTÖRÜ HİSSE SENEDİ FONU(989) : 0.56412  ,  ;14024.528764406423
2019-12-26;AK PORTFÖY AMERİKA YABANCI HİSSE SENEDİ FONU(516) : 0.2542  ,  İŞ PORTFÖY BİST BANKA ENDEKSİ HİSSE SENEDİ FONU (HİSSE SENEDİ YOĞUN FON)(916) : 0.7458  ,  ;14046.390081428195
2019-12-27;İŞ PORTFÖY BİST BANKA ENDEKSİ HİSSE SENEDİ FONU (HİSSE SENEDİ YOĞUN FON)(916) : 0.44099  ,  TACİRLER PORTFÖY DEĞIŞKEN FON(922) : 0.55901  ,  ;14066.589491833316
2019-12-30;TACİRLER PORTFÖY DEĞIŞKEN FON(922) : 1.0  ,  ;14089.665545972479
2019-12-31;TACİRLER PORTFÖY DEĞIŞKEN FON(922) : 0.99  ,  ;14120.87174098008
2020-01-02;İŞ PORTFÖY BİST BANKA ENDEKSİ HİSSE SENEDİ FONU (HİSSE SENEDİ YOĞUN FON)(916) : 0.16653  ,  İŞ PORTFÖY İŞ BANKASI İŞTİRAKLERİ ENDEKSİ HİSSE SENEDİ FONU (HİSSE SENEDİ YOĞUN FON)(939) : 0.83347  ,  ;14171.080612248019
2020-01-03;İŞ PORTFÖY BİST BANKA ENDEKSİ HİSSE SENEDİ FONU (HİSSE SENEDİ YOĞUN FON)(916) : 0.19778  ,  TACİRLER PORTFÖY DEĞIŞKEN FON(922) : 0.80222  ,  ;14306.798317029996
2020-01-06;DENİZ PORTFÖY KISALI VADELİ BORÇLANMA ARAÇLARI FONU(577) : 1.0  ,  ;14089.421069900858
2020-01-07;DENİZ PORTFÖY KISALI VADELİ BORÇLANMA ARAÇLARI FONU(577) : 1.0  ,  ;14090.387813907044
2020-01-08;İŞ PORTFÖY BİST BANKA ENDEKSİ HİSSE SENEDİ FONU (HİSSE SENEDİ YOĞUN FON)(916) : 1.0  ,  ;14093.771090852428
2020-01-09;İŞ PORTFÖY BİST BANKA ENDEKSİ HİSSE SENEDİ FONU (HİSSE SENEDİ YOĞUN FON)(916) : 0.59373  ,  İŞ PORTFÖY İŞ BANKASI İŞTİRAKLERİ ENDEKSİ HİSSE SENEDİ FONU (HİSSE SENEDİ YOĞUN FON)(939) : 0.40627  ,  ;14306.836160596093
2020-01-10;İŞ PORTFÖY BİST BANKA ENDEKSİ HİSSE SENEDİ FONU (HİSSE SENEDİ YOĞUN FON)(916) : 1.0  ,  ;14888.13066761164
2020-01-13;İŞ PORTFÖY BİST BANKA ENDEKSİ HİSSE SENEDİ FONU (HİSSE SENEDİ YOĞUN FON)(916) : 1.0  ,  ;15055.368225540313
2020-01-14;İŞ PORTFÖY BİST BANKA ENDEKSİ HİSSE SENEDİ FONU (HİSSE SENEDİ YOĞUN FON)(916) : 1.0  ,  ;15196.238882166022
2020-01-15;İŞ PORTFÖY BİST BANKA ENDEKSİ HİSSE SENEDİ FONU (HİSSE SENEDİ YOĞUN FON)(916) : 1.0  ,  ;15319.844451745046
2020-01-16;İŞ PORTFÖY BİST BANKA ENDEKSİ HİSSE SENEDİ FONU (HİSSE SENEDİ YOĞUN FON)(916) : 0.4473  ,  İŞ PORTFÖY İŞ BANKASI İŞTİRAKLERİ ENDEKSİ HİSSE SENEDİ FONU (HİSSE SENEDİ YOĞUN FON)(939) : 0.11759  ,  İŞ PORTFÖY BİST TEKNOLOJİ AĞIRLIKLI SINIRLAMALI ENDEKSİ HİSSE SENEDİ FONU (HİSSE SENEDİ YOĞUN FON)(964) : 0.43511  ,  ;15257.750635388313
2020-01-17;İŞ PORTFÖY BİST BANKA ENDEKSİ HİSSE SENEDİ FONU (HİSSE SENEDİ YOĞUN FON)(916) : 0.75974  ,  İŞ PORTFÖY BİST TEKNOLOJİ AĞIRLIKLI SINIRLAMALI ENDEKSİ HİSSE SENEDİ FONU (HİSSE SENEDİ YOĞUN FON)(964) : 0.24026  ,  ;15394.736860025363
2020-01-20;İŞ PORTFÖY BİST BANKA ENDEKSİ HİSSE SENEDİ FONU (HİSSE SENEDİ YOĞUN FON)(916) : 0.65823  ,  TACİRLER PORTFÖY DEĞIŞKEN FON(922) : 0.34177  ,  ;15440.742896263071
2020-01-21;İŞ PORTFÖY BİST BANKA ENDEKSİ HİSSE SENEDİ FONU (HİSSE SENEDİ YOĞUN FON)(916) : 1.0  ,  ;15560.332634071672
2020-01-22;İŞ PORTFÖY BİST BANKA ENDEKSİ HİSSE SENEDİ FONU (HİSSE SENEDİ YOĞUN FON)(916) : 1.0  ,  ;15655.638242137205
2020-01-23;İŞ PORTFÖY BİST BANKA ENDEKSİ HİSSE SENEDİ FONU (HİSSE SENEDİ YOĞUN FON)(916) : 0.47382  ,  TACİRLER PORTFÖY DEĞIŞKEN FON(922) : 0.52618  ,  ;15532.208422366588
2020-01-24;TACİRLER PORTFÖY DEĞIŞKEN FON(922) : 1.0  ,  ;15518.116868583584
2020-01-27;TACİRLER PORTFÖY DEĞIŞKEN FON(922) : 0.29139  ,  İŞ PORTFÖY BİST TEKNOLOJİ AĞIRLIKLI SINIRLAMALI ENDEKSİ HİSSE SENEDİ FONU (HİSSE SENEDİ YOĞUN FON)(964) : 0.70861  ,  ;15613.264167758845
2020-01-28;TACİRLER PORTFÖY DEĞIŞKEN FON(922) : 0.38072  ,  İŞ PORTFÖY BİST TEKNOLOJİ AĞIRLIKLI SINIRLAMALI ENDEKSİ HİSSE SENEDİ FONU (HİSSE SENEDİ YOĞUN FON)(964) : 0.61928  ,  ;15853.363744842149
2020-01-29;DENİZ PORTFÖY KISALI VADELİ BORÇLANMA ARAÇLARI FONU(577) : 1.0  ,  ;15805.125099525445
2020-01-30;AK PORTFÖY GELİŞEN ÜLKELER YABANCI HİSSE SENEDİ FONU(518) : 1.0  ,  ;15808.004316378461
2020-01-31;AK PORTFÖY GELİŞEN ÜLKELER YABANCI HİSSE SENEDİ FONU(518) : 0.60536  ,  İŞ PORTFÖY BİST TEKNOLOJİ AĞIRLIKLI SINIRLAMALI ENDEKSİ HİSSE SENEDİ FONU (HİSSE SENEDİ YOĞUN FON)(964) : 0.39464  ,  ;15714.546372453227
2020-02-03;AK PORTFÖY GELİŞEN ÜLKELER YABANCI HİSSE SENEDİ FONU(518) : 0.83116  ,  İŞ PORTFÖY BİST TEKNOLOJİ AĞIRLIKLI SINIRLAMALI ENDEKSİ HİSSE SENEDİ FONU (HİSSE SENEDİ YOĞUN FON)(964) : 0.16884  ,  ;15626.44659953832
2020-02-04;AK PORTFÖY GELİŞEN ÜLKELER YABANCI HİSSE SENEDİ FONU(518) : 0.99  ,  ;15725.761469640289
2020-02-05;AK PORTFÖY GELİŞEN ÜLKELER YABANCI HİSSE SENEDİ FONU(518) : 1.0  ,  ;15947.9603741007
2020-02-06;DENİZ PORTFÖY KISALI VADELİ BORÇLANMA ARAÇLARI FONU(577) : 0.98  ,  ;15988.663105010422
2020-02-07;AK PORTFÖY AMERİKA YABANCI HİSSE SENEDİ FONU(516) : 0.66279  ,  İŞ PORTFÖY BİST BANKA ENDEKSİ HİSSE SENEDİ FONU (HİSSE SENEDİ YOĞUN FON)(916) : 0.33721  ,  ;15990.541309217217
2020-02-10;DENİZ PORTFÖY KISALI VADELİ BORÇLANMA ARAÇLARI FONU(577) : 1.0  ,  ;15886.497716993921
2020-02-11;AK PORTFÖY GELİŞEN ÜLKELER YABANCI HİSSE SENEDİ FONU(518) : 0.60295  ,  İŞ PORTFÖY BİST TEKNOLOJİ AĞIRLIKLI SINIRLAMALI ENDEKSİ HİSSE SENEDİ FONU (HİSSE SENEDİ YOĞUN FON)(964) : 0.21779  ,  YAPI KREDİ PORTFÖY YABANCI TEKNOLOJİ SEKTÖRÜ HİSSE SENEDİ FONU(989) : 0.17926  ,  ;15879.794983236081
2020-02-12;DENİZ PORTFÖY KISALI VADELİ BORÇLANMA ARAÇLARI FONU(577) : 1.0  ,  ;16061.224469429091
2020-02-13;DENİZ PORTFÖY KISALI VADELİ BORÇLANMA ARAÇLARI FONU(577) : 1.0  ,  ;16064.098996329873
2020-02-14;DENİZ PORTFÖY KISALI VADELİ BORÇLANMA ARAÇLARI FONU(577) : 1.0  ,  ;16064.577946471161
2020-02-17;DENİZ PORTFÖY KISALI VADELİ BORÇLANMA ARAÇLARI FONU(577) : 1.0  ,  ;16070.804000111008
2020-02-18;DENİZ PORTFÖY KISALI VADELİ BORÇLANMA ARAÇLARI FONU(577) : 1.0  ,  ;16074.63303375864
2020-02-19;AK PORTFÖY GELİŞEN ÜLKELER YABANCI HİSSE SENEDİ FONU(518) : 0.54603  ,  İŞ PORTFÖY İŞ BANKASI İŞTİRAKLERİ ENDEKSİ HİSSE SENEDİ FONU (HİSSE SENEDİ YOĞUN FON)(939) : 0.45397  ,  ;16075.589925773378
2020-02-20;İŞ PORTFÖY BİST BANKA ENDEKSİ HİSSE SENEDİ FONU (HİSSE SENEDİ YOĞUN FON)(916) : 0.96969  ,  İŞ PORTFÖY İŞ BANKASI İŞTİRAKLERİ ENDEKSİ HİSSE SENEDİ FONU (HİSSE SENEDİ YOĞUN FON)(939) : 0.03031  ,  ;16106.782238253314
2020-02-21;İŞ PORTFÖY BİST BANKA ENDEKSİ HİSSE SENEDİ FONU (HİSSE SENEDİ YOĞUN FON)(916) : 1.0  ,  ;15706.996131575177
2020-02-24;İŞ PORTFÖY BİST BANKA ENDEKSİ HİSSE SENEDİ FONU (HİSSE SENEDİ YOĞUN FON)(916) : 1.0  ,  ;15762.758213359564
2020-02-25;İŞ PORTFÖY BİST BANKA ENDEKSİ HİSSE SENEDİ FONU (HİSSE SENEDİ YOĞUN FON)(916) : 1.0  ,  ;15504.152556469808
2020-02-26;AK PORTFÖY BİST BANKA ENDEKSİ HİSSE SENEDİ FONU (HİSSE SENEDİ YOĞUN FON)(513) : 0.13211  ,  AK PORTFÖY GELİŞEN ÜLKELER YABANCI HİSSE SENEDİ FONU(518) : 0.86789  ,  ;15425.925465192933
2020-02-27;AK PORTFÖY GELİŞEN ÜLKELER YABANCI HİSSE SENEDİ FONU(518) : 0.87272  ,  İŞ PORTFÖY BİST BANKA ENDEKSİ HİSSE SENEDİ FONU (HİSSE SENEDİ YOĞUN FON)(916) : 0.12728  ,  ;15500.783813565216
2020-02-28;AK PORTFÖY GELİŞEN ÜLKELER YABANCI HİSSE SENEDİ FONU(518) : 0.78  ,  YAPI KREDİ PORTFÖY YABANCI TEKNOLOJİ SEKTÖRÜ HİSSE SENEDİ FONU(989) : 0.2  ,  ;15264.250480216546
2020-03-02;AK PORTFÖY GELİŞEN ÜLKELER YABANCI HİSSE SENEDİ FONU(518) : 0.32971  ,  İŞ PORTFÖY BİST BANKA ENDEKSİ HİSSE SENEDİ FONU (HİSSE SENEDİ YOĞUN FON)(916) : 0.27644  ,  YAPI KREDİ PORTFÖY YABANCI TEKNOLOJİ SEKTÖRÜ HİSSE SENEDİ FONU(989) : 0.39385  ,  ;15274.941783581618
2020-03-03;AK PORTFÖY AMERİKA YABANCI HİSSE SENEDİ FONU(516) : 0.23747  ,  İŞ PORTFÖY BİST BANKA ENDEKSİ HİSSE SENEDİ FONU (HİSSE SENEDİ YOĞUN FON)(916) : 0.70966  ,  YAPI KREDİ PORTFÖY YABANCI TEKNOLOJİ SEKTÖRÜ HİSSE SENEDİ FONU(989) : 0.05287  ,  ;15510.892441470529
2020-03-04;İŞ PORTFÖY BİST BANKA ENDEKSİ HİSSE SENEDİ FONU (HİSSE SENEDİ YOĞUN FON)(916) : 0.99999  ,  ;15821.598581849821
2020-03-05;İŞ PORTFÖY BİST BANKA ENDEKSİ HİSSE SENEDİ FONU (HİSSE SENEDİ YOĞUN FON)(916) : 1.0  ,  ;15924.382945506388
2020-03-06;İŞ PORTFÖY BİST BANKA ENDEKSİ HİSSE SENEDİ FONU (HİSSE SENEDİ YOĞUN FON)(916) : 1.0  ,  ;15880.937362473996
2020-03-09;AK PORTFÖY GELİŞEN ÜLKELER YABANCI HİSSE SENEDİ FONU(518) : 1.0  ,  ;15635.696724701047
2020-03-10;AK PORTFÖY AMERİKA YABANCI HİSSE SENEDİ FONU(516) : 0.50758  ,  AK PORTFÖY GELİŞEN ÜLKELER YABANCI HİSSE SENEDİ FONU(518) : 0.4167  ,  YAPI KREDİ PORTFÖY YABANCI TEKNOLOJİ SEKTÖRÜ HİSSE SENEDİ FONU(989) : 0.07572  ,  ;14972.497271356577
2020-03-11;AK PORTFÖY AMERİKA YABANCI HİSSE SENEDİ FONU(516) : 0.7134  ,  İŞ PORTFÖY BİST BANKA ENDEKSİ HİSSE SENEDİ FONU (HİSSE SENEDİ YOĞUN FON)(916) : 0.2866  ,  ;15436.536684389928
2020-03-12;AK PORTFÖY AMERİKA YABANCI HİSSE SENEDİ FONU(516) : 0.62039  ,  İŞ PORTFÖY BİST BANKA ENDEKSİ HİSSE SENEDİ FONU (HİSSE SENEDİ YOĞUN FON)(916) : 0.37961  ,  ;15133.097007038836
2020-03-13;İŞ PORTFÖY BİST BANKA ENDEKSİ HİSSE SENEDİ FONU (HİSSE SENEDİ YOĞUN FON)(916) : 0.19316  ,  İŞ PORTFÖY İŞ BANKASI İŞTİRAKLERİ ENDEKSİ HİSSE SENEDİ FONU (HİSSE SENEDİ YOĞUN FON)(939) : 0.73597  ,  YAPI KREDİ PORTFÖY YABANCI TEKNOLOJİ SEKTÖRÜ HİSSE SENEDİ FONU(989) : 0.07087  ,  ;14314.53629479195
2020-03-16;AK PORTFÖY AMERİKA YABANCI HİSSE SENEDİ FONU(516) : 0.34942  ,  AK PORTFÖY GELİŞEN ÜLKELER YABANCI HİSSE SENEDİ FONU(518) : 0.28909  ,  İŞ PORTFÖY BİST BANKA ENDEKSİ HİSSE SENEDİ FONU (HİSSE SENEDİ YOĞUN FON)(916) : 0.06098  ,  İŞ PORTFÖY İŞ BANKASI İŞTİRAKLERİ ENDEKSİ HİSSE SENEDİ FONU (HİSSE SENEDİ YOĞUN FON)(939) : 0.179  ,  YAPI KREDİ PORTFÖY YABANCI TEKNOLOJİ SEKTÖRÜ HİSSE SENEDİ FONU(989) : 0.12151  ,  ;14737.077072232874
2020-03-17;AK PORTFÖY GELİŞEN ÜLKELER YABANCI HİSSE SENEDİ FONU(518) : 0.36347  ,  HSBC PORTFÖY BİST 30 ENDEKSİ HİSSE SENEDİ FONU (HİSSE SENEDİ YOĞUN FON)(720) : 0.11407  ,  İŞ PORTFÖY BİST BANKA ENDEKSİ HİSSE SENEDİ FONU (HİSSE SENEDİ YOĞUN FON)(916) : 0.33659  ,  YAPI KREDİ PORTFÖY YABANCI TEKNOLOJİ SEKTÖRÜ HİSSE SENEDİ FONU(989) : 0.18587  ,  ;13824.644456358325
2020-03-18;DENİZ PORTFÖY BİST TEMETTÜ 25 ENDEKSİ HİSSE SENEDİ FONU ( HİSSE SENEDİ YOĞUN FON )(602) : 0.03943  ,  HSBC PORTFÖY BİST 30 ENDEKSİ HİSSE SENEDİ FONU (HİSSE SENEDİ YOĞUN FON)(720) : 0.96057  ,  ;14235.320940887013
2020-03-19;HSBC PORTFÖY BİST 30 ENDEKSİ HİSSE SENEDİ FONU (HİSSE SENEDİ YOĞUN FON)(720) : 0.70545  ,  İŞ PORTFÖY BİST BANKA ENDEKSİ HİSSE SENEDİ FONU (HİSSE SENEDİ YOĞUN FON)(916) : 0.16238  ,  YAPI KREDİ PORTFÖY YABANCI TEKNOLOJİ SEKTÖRÜ HİSSE SENEDİ FONU(989) : 0.13217  ,  ;14071.042752774947
2020-03-20;HSBC PORTFÖY BİST 30 ENDEKSİ HİSSE SENEDİ FONU (HİSSE SENEDİ YOĞUN FON)(720) : 1.0  ,  ;14023.636871930554
2020-03-23;AK PORTFÖY GELİŞEN ÜLKELER YABANCI HİSSE SENEDİ FONU(518) : 0.10768  ,  HSBC PORTFÖY BİST 30 ENDEKSİ HİSSE SENEDİ FONU (HİSSE SENEDİ YOĞUN FON)(720) : 0.37842  ,  İŞ PORTFÖY BİST BANKA ENDEKSİ HİSSE SENEDİ FONU (HİSSE SENEDİ YOĞUN FON)(916) : 0.5139  ,  ;14040.0940831813
2020-03-24;İŞ PORTFÖY BİST BANKA ENDEKSİ HİSSE SENEDİ FONU (HİSSE SENEDİ YOĞUN FON)(916) : 1.0  ,  ;13664.882911541086
2020-03-25;AK PORTFÖY BİST BANKA ENDEKSİ HİSSE SENEDİ FONU (HİSSE SENEDİ YOĞUN FON)(513) : 0.7846  ,  İŞ PORTFÖY BİST BANKA ENDEKSİ HİSSE SENEDİ FONU (HİSSE SENEDİ YOĞUN FON)(916) : 0.2154  ,  ;14392.976675811216
2020-03-26;AK PORTFÖY BİST BANKA ENDEKSİ HİSSE SENEDİ FONU (HİSSE SENEDİ YOĞUN FON)(513) : 1.0  ,  ;14226.777044530534
2020-03-27;HSBC PORTFÖY BİST 30 ENDEKSİ HİSSE SENEDİ FONU (HİSSE SENEDİ YOĞUN FON)(720) : 0.71288  ,  İŞ PORTFÖY BİST BANKA ENDEKSİ HİSSE SENEDİ FONU (HİSSE SENEDİ YOĞUN FON)(916) : 0.28712  ,  ;14570.801812332393
2020-03-30;AK PORTFÖY AMERİKA YABANCI HİSSE SENEDİ FONU(516) : 0.03277  ,  AK PORTFÖY GELİŞEN ÜLKELER YABANCI HİSSE SENEDİ FONU(518) : 0.49061  ,  İŞ PORTFÖY BİST TEKNOLOJİ AĞIRLIKLI SINIRLAMALI ENDEKSİ HİSSE SENEDİ FONU (HİSSE SENEDİ YOĞUN FON)(964) : 0.22201  ,  YAPI KREDİ PORTFÖY YABANCI TEKNOLOJİ SEKTÖRÜ HİSSE SENEDİ FONU(989) : 0.25461  ,  ;14226.17676747236
2020-03-31;AK PORTFÖY GELİŞEN ÜLKELER YABANCI HİSSE SENEDİ FONU(518) : 0.06017  ,  HSBC PORTFÖY BİST 30 ENDEKSİ HİSSE SENEDİ FONU (HİSSE SENEDİ YOĞUN FON)(720) : 0.14475  ,  AURA PORTFÖY HİSSE SENEDİ FONU (HİSSE SENEDİ YOĞUN FON)(946) : 0.17436  ,  YAPI KREDİ PORTFÖY YABANCI TEKNOLOJİ SEKTÖRÜ HİSSE SENEDİ FONU(989) : 0.62072  ,  ;14477.752240815707
2020-04-01;İŞ PORTFÖY BİST BANKA ENDEKSİ HİSSE SENEDİ FONU (HİSSE SENEDİ YOĞUN FON)(916) : 1.00001  ,  ;14520.15488666624
2020-04-02;AK PORTFÖY AMERİKA YABANCI HİSSE SENEDİ FONU(516) : 0.73166  ,  YAPI KREDİ PORTFÖY YABANCI TEKNOLOJİ SEKTÖRÜ HİSSE SENEDİ FONU(989) : 0.26834  ,  ;14291.484777486727
2020-04-03;AK PORTFÖY AMERİKA YABANCI HİSSE SENEDİ FONU(516) : 0.34181  ,  AK PORTFÖY GELİŞEN ÜLKELER YABANCI HİSSE SENEDİ FONU(518) : 0.17949  ,  DENİZ PORTFÖY BİST TEMETTÜ 25 ENDEKSİ HİSSE SENEDİ FONU ( HİSSE SENEDİ YOĞUN FON )(602) : 0.12139  ,  HSBC PORTFÖY BİST 30 ENDEKSİ HİSSE SENEDİ FONU (HİSSE SENEDİ YOĞUN FON)(720) : 0.35731  ,  ;14545.14552954179
2020-04-06;AK PORTFÖY AMERİKA YABANCI HİSSE SENEDİ FONU(516) : 0.11699  ,  AK PORTFÖY GELİŞEN ÜLKELER YABANCI HİSSE SENEDİ FONU(518) : 0.59472  ,  TACİRLER PORTFÖY DEĞIŞKEN FON(922) : 0.28829  ,  ;14504.899702576795
2020-04-07;AK PORTFÖY AMERİKA YABANCI HİSSE SENEDİ FONU(516) : 0.44982  ,  AK PORTFÖY GELİŞEN ÜLKELER YABANCI HİSSE SENEDİ FONU(518) : 0.29149  ,  DENİZ PORTFÖY BİST TEMETTÜ 25 ENDEKSİ HİSSE SENEDİ FONU ( HİSSE SENEDİ YOĞUN FON )(602) : 0.25869  ,  ;15045.668348457404
2020-04-08;AK PORTFÖY GELİŞEN ÜLKELER YABANCI HİSSE SENEDİ FONU(518) : 0.5264  ,  DENİZ PORTFÖY BİST TEMETTÜ 25 ENDEKSİ HİSSE SENEDİ FONU ( HİSSE SENEDİ YOĞUN FON )(602) : 0.12301  ,  YAPI KREDİ PORTFÖY YABANCI TEKNOLOJİ SEKTÖRÜ HİSSE SENEDİ FONU(989) : 0.35059  ,  ;15075.525246188927
2020-04-09;AK PORTFÖY AMERİKA YABANCI HİSSE SENEDİ FONU(516) : 0.42  ,  AK PORTFÖY GELİŞEN ÜLKELER YABANCI HİSSE SENEDİ FONU(518) : 0.21  ,  İŞ PORTFÖY BİST BANKA ENDEKSİ HİSSE SENEDİ FONU (HİSSE SENEDİ YOĞUN FON)(916) : 0.37  ,  ;15233.969699093901
2020-04-10;AK PORTFÖY AMERİKA YABANCI HİSSE SENEDİ FONU(516) : 0.46003  ,  AK PORTFÖY GELİŞEN ÜLKELER YABANCI HİSSE SENEDİ FONU(518) : 0.46363  ,  İŞ PORTFÖY BİST BANKA ENDEKSİ HİSSE SENEDİ FONU (HİSSE SENEDİ YOĞUN FON)(916) : 0.07635  ,  ;15503.178035338957
2020-04-13;AK PORTFÖY BİST BANKA ENDEKSİ HİSSE SENEDİ FONU (HİSSE SENEDİ YOĞUN FON)(513) : 0.05658  ,  AK PORTFÖY AMERİKA YABANCI HİSSE SENEDİ FONU(516) : 0.41257  ,  İŞ PORTFÖY BİST BANKA ENDEKSİ HİSSE SENEDİ FONU (HİSSE SENEDİ YOĞUN FON)(916) : 0.53086  ,  ;15440.209389280819
2020-04-14;AK PORTFÖY BİST BANKA ENDEKSİ HİSSE SENEDİ FONU (HİSSE SENEDİ YOĞUN FON)(513) : 0.2169  ,  İŞ PORTFÖY BİST BANKA ENDEKSİ HİSSE SENEDİ FONU (HİSSE SENEDİ YOĞUN FON)(916) : 0.7831  ,  ;15358.10001152584
2020-04-15;AK PORTFÖY AMERİKA YABANCI HİSSE SENEDİ FONU(516) : 0.15877  ,  AK PORTFÖY GELİŞEN ÜLKELER YABANCI HİSSE SENEDİ FONU(518) : 0.19279  ,  İŞ PORTFÖY BİST BANKA ENDEKSİ HİSSE SENEDİ FONU (HİSSE SENEDİ YOĞUN FON)(916) : 0.38025  ,  YAPI KREDİ PORTFÖY YABANCI TEKNOLOJİ SEKTÖRÜ HİSSE SENEDİ FONU(989) : 0.26819  ,  ;15449.510506133678
2020-04-16;AK PORTFÖY AMERİKA YABANCI HİSSE SENEDİ FONU(516) : 0.74122  ,  AK PORTFÖY GELİŞEN ÜLKELER YABANCI HİSSE SENEDİ FONU(518) : 0.04162  ,  İŞ PORTFÖY İŞ BANKASI İŞTİRAKLERİ ENDEKSİ HİSSE SENEDİ FONU (HİSSE SENEDİ YOĞUN FON)(939) : 0.1173  ,  AURA PORTFÖY HİSSE SENEDİ FONU (HİSSE SENEDİ YOĞUN FON)(946) : 0.09986  ,  ;15217.502625000878
2020-04-17;AK PORTFÖY AMERİKA YABANCI HİSSE SENEDİ FONU(516) : 0.73525  ,  ATA PORTFÖY BİRİNCİ HİSSE SENEDİ FONU (HİSSE SENEDİ YOĞUN FON)(562) : 0.22969  ,  AURA PORTFÖY HİSSE SENEDİ FONU (HİSSE SENEDİ YOĞUN FON)(946) : 0.03506  ,  ;15317.123047192636
