Tarih;Sepet İçeriği;Toplam Bakiye
2019-03-18;DENİZ PORTFÖY KISALI VADELİ BORÇLANMA ARAÇLARI FONU(577) : 0.96  ,  ;9600.0
2019-03-19;DENİZ PORTFÖY KISALI VADELİ BORÇLANMA ARAÇLARI FONU(577) : 0.98  ,  ;9605.274435470581
2019-03-20;AK PORTFÖY UZUN VADELİ BORÇLANMA ARAÇLARI FONU(540) : 0.21772  ,  İSTANBUL PORTFÖY YABANCI (GELİŞMEKTE OLAN PİYASALAR) BORÇLANMA ARAÇLARI FONU(551) : 0.31235  ,  ZİRAAT PORTFÖY İKİNCİ DEĞİŞKEN FON(1019) : 0.46994  ,  ;9610.655798383106
2019-03-21;AK PORTFÖY UZUN VADELİ BORÇLANMA ARAÇLARI FONU(540) : 0.4  ,  İSTANBUL PORTFÖY YABANCI (GELİŞMEKTE OLAN PİYASALAR) BORÇLANMA ARAÇLARI FONU(551) : 0.27  ,  ÜNLÜ PORTFÖY ÜÇÜNCÜ DEĞIŞKEN FON(915) : 0.07  ,  ZİRAAT PORTFÖY İKİNCİ DEĞİŞKEN FON(1019) : 0.26  ,  ;9600.550622901987
2019-03-22;DENİZ PORTFÖY KISALI VADELİ BORÇLANMA ARAÇLARI FONU(577) : 0.96  ,  ÜNLÜ PORTFÖY ÜÇÜNCÜ DEĞIŞKEN FON(915) : 0.03  ,  ;9628.812576574004
2019-03-25;ATA PORTFÖY BİRİNCİ DEĞİŞKEN FON(514) : 0.20512  ,  GLOBAL MD PORTFÖY BİRİNCİ DEĞİŞKEN FON(614) : 0.75567  ,  QNB FİNANS PORTFÖY BİRİNCİ SERBEST (DÖVİZ) FON(639) : 0.03921  ,  ;9642.978565839763
2019-03-26;GLOBAL MD PORTFÖY BİRİNCİ DEĞİŞKEN FON(614) : 0.83  ,  QNB FİNANS PORTFÖY BİRİNCİ SERBEST (DÖVİZ) FON(639) : 0.08  ,  QNB FINANS PORTFÖY EUROBOND BORÇLANMA ARAÇLARI FONU(644) : 0.03  ,  ALBARAKA PORTFÖY KATILIM FONU(895) : 0.06  ,  ;9628.791069754423
2019-03-27;AK PORTFÖY UZUN VADELİ BORÇLANMA ARAÇLARI FONU(540) : 0.0958  ,  İŞ PORTFÖY TEMA DEĞİŞKEN FON(948) : 0.9042  ,  ;9548.765203935502
2019-03-28;AK PORTFÖY UZUN VADELİ BORÇLANMA ARAÇLARI FONU(540) : 0.44605  ,  QNB FİNANS PORTFÖY BİRİNCİ SERBEST (DÖVİZ) FON(639) : 0.03294  ,  İŞ PORTFÖY TEMA DEĞİŞKEN FON(948) : 0.52101  ,  ;9338.180147305275
2019-03-29;FİBA PORTFÖY DEĞİŞKEN FON(630) : 0.13741  ,  İŞ PORTFÖY EUROBOND BORÇLANMA ARAÇLARI (DÖVİZ) FONU(803) : 0.11371  ,  İŞ PORTFÖY TEMA DEĞİŞKEN FON(948) : 0.63482  ,  İŞ PORTFÖY ALTIN FONU(963) : 0.11406  ,  ;9250.278661970591
2019-04-01;AK PORTFÖY UZUN VADELİ BORÇLANMA ARAÇLARI FONU(540) : 0.05  ,  FİBA PORTFÖY DEĞİŞKEN FON(630) : 0.11  ,  QNB FİNANS PORTFÖY BİRİNCİ SERBEST (DÖVİZ) FON(639) : 0.04  ,  İŞ PORTFÖY TEMA DEĞİŞKEN FON(948) : 0.81  ,  ;9297.502276829435
2019-04-02;DENİZ PORTFÖY KISALI VADELİ BORÇLANMA ARAÇLARI FONU(577) : 0.92  ,  TACİRLER PORTFÖY ÖZEL SEKTÖR BORÇLANMA ARAÇLARI FONU(953) : 0.06  ,  ;9373.943291340827
2019-04-03;DENİZ PORTFÖY KISALI VADELİ BORÇLANMA ARAÇLARI FONU(577) : 0.64  ,  TACİRLER PORTFÖY ÖZEL SEKTÖR BORÇLANMA ARAÇLARI FONU(953) : 0.34  ,  ;9378.734917728709
2019-04-04;AK PORTFÖY UZUN VADELİ BORÇLANMA ARAÇLARI FONU(540) : 0.03  ,  DENİZ PORTFÖY KISALI VADELİ BORÇLANMA ARAÇLARI FONU(577) : 0.93  ,  ;9383.794349041927
2019-04-05;DENİZ PORTFÖY KISALI VADELİ BORÇLANMA ARAÇLARI FONU(577) : 0.94  ,  TACİRLER PORTFÖY ÖZEL SEKTÖR BORÇLANMA ARAÇLARI FONU(953) : 0.03  ,  ;9388.151006319513
2019-04-08;İSTANBUL PORTFÖY YABANCI (GELİŞMEKTE OLAN PİYASALAR) BORÇLANMA ARAÇLARI FONU(551) : 0.18325  ,  HSBC PORTFÖY DEĞİŞKEN FON(740) : 0.50417  ,  TACİRLER PORTFÖY ÖZEL SEKTÖR BORÇLANMA ARAÇLARI FONU(953) : 0.25003  ,  ZİRAAT PORTFÖY İKİNCİ DEĞİŞKEN FON(1019) : 0.06254  ,  ;9402.89679614981
2019-04-09;İSTANBUL PORTFÖY YABANCI (GELİŞMEKTE OLAN PİYASALAR) BORÇLANMA ARAÇLARI FONU(551) : 0.15819  ,  HSBC PORTFÖY DEĞİŞKEN FON(740) : 0.28798  ,  ZİRAAT PORTFÖY İKİNCİ DEĞİŞKEN FON(1019) : 0.55383  ,  ;9395.799393964548
2019-04-10;AK PORTFÖY UZUN VADELİ BORÇLANMA ARAÇLARI FONU(540) : 0.36193  ,  İSTANBUL PORTFÖY YABANCI (GELİŞMEKTE OLAN PİYASALAR) BORÇLANMA ARAÇLARI FONU(551) : 0.12783  ,  GARANTİ PORTFÖY ÜÇÜNCÜ DEĞİŞKEN FON(705) : 0.10138  ,  ÜNLÜ PORTFÖY ÜÇÜNCÜ DEĞIŞKEN FON(915) : 0.24587  ,  TACİRLER PORTFÖY ÖZEL SEKTÖR BORÇLANMA ARAÇLARI FONU(953) : 0.16299  ,  ;9419.66110379936
2019-04-11;İSTANBUL PORTFÖY YABANCI (GELİŞMEKTE OLAN PİYASALAR) BORÇLANMA ARAÇLARI FONU(551) : 0.11  ,  DENİZ PORTFÖY KISALI VADELİ BORÇLANMA ARAÇLARI FONU(577) : 0.53  ,  ÜNLÜ PORTFÖY ÜÇÜNCÜ DEĞIŞKEN FON(915) : 0.22  ,  TACİRLER PORTFÖY ÖZEL SEKTÖR BORÇLANMA ARAÇLARI FONU(953) : 0.13  ,  ;9416.724509995318
2019-04-12;AK PORTFÖY UZUN VADELİ BORÇLANMA ARAÇLARI FONU(540) : 0.08765  ,  İSTANBUL PORTFÖY YABANCI (GELİŞMEKTE OLAN PİYASALAR) BORÇLANMA ARAÇLARI FONU(551) : 0.19177  ,  GARANTİ PORTFÖY ÜÇÜNCÜ DEĞİŞKEN FON(705) : 0.37609  ,  HSBC PORTFÖY DEĞİŞKEN FON(740) : 0.28773  ,  ZİRAAT PORTFÖY İKİNCİ DEĞİŞKEN FON(1019) : 0.05675  ,  ;9426.427644895748
2019-04-15;DENİZ PORTFÖY KISALI VADELİ BORÇLANMA ARAÇLARI FONU(577) : 0.96  ,  ;9464.776360473392
2019-04-16;DENİZ PORTFÖY KISALI VADELİ BORÇLANMA ARAÇLARI FONU(577) : 0.95  ,  ;9469.45725764535
2019-04-17;İSTANBUL PORTFÖY YABANCI (GELİŞMEKTE OLAN PİYASALAR) BORÇLANMA ARAÇLARI FONU(551) : 0.23757  ,  GEDİK PORTFÖY BİRİNCİ SERBEST (DÖVIZ) FON(661) : 0.41014  ,  GARANTİ PORTFÖY ÜÇÜNCÜ DEĞİŞKEN FON(705) : 0.24621  ,  HSBC PORTFÖY DEĞİŞKEN FON(740) : 0.06499  ,  TACİRLER PORTFÖY ÖZEL SEKTÖR BORÇLANMA ARAÇLARI FONU(953) : 0.04109  ,  ;9474.08713797242
2019-04-18;DENİZ PORTFÖY KISALI VADELİ BORÇLANMA ARAÇLARI FONU(577) : 0.89  ,  GEDİK PORTFÖY BİRİNCİ SERBEST (DÖVIZ) FON(661) : 0.09  ,  ;9464.248561223463
2019-04-19;AK PORTFÖY UZUN VADELİ BORÇLANMA ARAÇLARI FONU(540) : 0.28  ,  İSTANBUL PORTFÖY YABANCI (GELİŞMEKTE OLAN PİYASALAR) BORÇLANMA ARAÇLARI FONU(551) : 0.07  ,  GEDİK PORTFÖY BİRİNCİ SERBEST (DÖVIZ) FON(661) : 0.3  ,  ZİRAAT PORTFÖY İKİNCİ DEĞİŞKEN FON(1019) : 0.33  ,  ;9469.06457853948
2019-04-22;DENİZ PORTFÖY KISALI VADELİ BORÇLANMA ARAÇLARI FONU(577) : 0.95  ,  GEDİK PORTFÖY BİRİNCİ SERBEST (DÖVIZ) FON(661) : 0.03  ,  ;9452.361617567502
2019-04-24;DENİZ PORTFÖY KISALI VADELİ BORÇLANMA ARAÇLARI FONU(577) : 0.97  ,  ;9461.609859860633
2019-04-25;DENİZ PORTFÖY KISALI VADELİ BORÇLANMA ARAÇLARI FONU(577) : 0.98  ,  ;9466.850836735497
2019-04-26;DENİZ PORTFÖY KISALI VADELİ BORÇLANMA ARAÇLARI FONU(577) : 0.97  ,  ;9471.61377009763
2019-04-29;DENİZ PORTFÖY KISALI VADELİ BORÇLANMA ARAÇLARI FONU(577) : 0.98  ,  ;9486.273455961506
2019-04-30;AK PORTFÖY UZUN VADELİ BORÇLANMA ARAÇLARI FONU(540) : 0.62784  ,  İŞ PORTFÖY TEMA DEĞİŞKEN FON(948) : 0.37216  ,  ;9492.611370270319
2019-05-02;DENİZ PORTFÖY KISALI VADELİ BORÇLANMA ARAÇLARI FONU(577) : 0.97  ,  ;9480.128889255107
2019-05-03;DENİZ PORTFÖY KISALI VADELİ BORÇLANMA ARAÇLARI FONU(577) : 0.96  ,  ;9484.825973081644
2019-05-06;İSTANBUL PORTFÖY YABANCI (GELİŞMEKTE OLAN PİYASALAR) BORÇLANMA ARAÇLARI FONU(551) : 0.07925  ,  DENİZ PORTFÖY KISALI VADELİ BORÇLANMA ARAÇLARI FONU(577) : 0.56721  ,  GEDİK PORTFÖY BİRİNCİ SERBEST (DÖVIZ) FON(661) : 0.15505  ,  ÜNLÜ PORTFÖY ÜÇÜNCÜ DEĞIŞKEN FON(915) : 0.1382  ,  TACİRLER PORTFÖY ÖZEL SEKTÖR BORÇLANMA ARAÇLARI FONU(953) : 0.06029  ,  ;9499.281471871642
2019-05-07;DENİZ PORTFÖY KISALI VADELİ BORÇLANMA ARAÇLARI FONU(577) : 0.98  ,  ;9508.045997190342
2019-05-08;AK PORTFÖY UZUN VADELİ BORÇLANMA ARAÇLARI FONU(540) : 0.05  ,  DENİZ PORTFÖY KISALI VADELİ BORÇLANMA ARAÇLARI FONU(577) : 0.93  ,  ;9512.779534462921
2019-05-09;DENİZ PORTFÖY KISALI VADELİ BORÇLANMA ARAÇLARI FONU(577) : 0.98  ,  ;9512.926564066449
2019-05-10;AK PORTFÖY UZUN VADELİ BORÇLANMA ARAÇLARI FONU(540) : 0.51293  ,  GEDİK PORTFÖY BİRİNCİ SERBEST (DÖVIZ) FON(661) : 0.15396  ,  İŞ PORTFÖY TEMA DEĞİŞKEN FON(948) : 0.33311  ,  ;9518.18069231007
2019-05-13;AK PORTFÖY UZUN VADELİ BORÇLANMA ARAÇLARI FONU(540) : 0.80342  ,  İŞ PORTFÖY TEMA DEĞİŞKEN FON(948) : 0.19658  ,  ;9495.744251133247
2019-05-14;GLOBAL MD PORTFÖY BİRİNCİ DEĞİŞKEN FON(614) : 0.74437  ,  İŞ PORTFÖY TEMA DEĞİŞKEN FON(948) : 0.25563  ,  ;9519.686170811283
2019-05-15;ATA PORTFÖY BİRİNCİ DEĞİŞKEN FON(514) : 0.22091  ,  GLOBAL MD PORTFÖY BİRİNCİ DEĞİŞKEN FON(614) : 0.34582  ,  ALBARAKA PORTFÖY KATILIM FONU(895) : 0.16839  ,  İŞ PORTFÖY YABANCI BORÇLANMA ARAÇLARI FONU(926) : 0.13174  ,  İŞ PORTFÖY ALTIN FONU(963) : 0.13314  ,  ;9592.838969132103
2019-05-16;ATA PORTFÖY BİRİNCİ DEĞİŞKEN FON(514) : 0.24018  ,  GLOBAL MD PORTFÖY BİRİNCİ DEĞİŞKEN FON(614) : 0.32139  ,  İŞ PORTFÖY YABANCI BORÇLANMA ARAÇLARI FONU(926) : 0.3466  ,  TACİRLER PORTFÖY ÖZEL SEKTÖR BORÇLANMA ARAÇLARI FONU(953) : 0.09183  ,  ;9604.601186039938
2019-05-17;AK PORTFÖY UZUN VADELİ BORÇLANMA ARAÇLARI FONU(540) : 0.94  ,  İSTANBUL PORTFÖY YABANCI (GELİŞMEKTE OLAN PİYASALAR) BORÇLANMA ARAÇLARI FONU(551) : 0.06  ,  ;9581.332035409554
2019-05-20;AK PORTFÖY UZUN VADELİ BORÇLANMA ARAÇLARI FONU(540) : 0.04  ,  DENİZ PORTFÖY KISALI VADELİ BORÇLANMA ARAÇLARI FONU(577) : 0.95  ,  ;9582.274629235952
2019-05-21;ATA PORTFÖY BİRİNCİ DEĞİŞKEN FON(514) : 0.28507  ,  ALBARAKA PORTFÖY KATILIM FONU(895) : 0.30801  ,  İŞ PORTFÖY YABANCI BORÇLANMA ARAÇLARI FONU(926) : 0.40692  ,  ;9588.297301724664
2019-05-22;ATA PORTFÖY BİRİNCİ DEĞİŞKEN FON(514) : 0.75  ,  GLOBAL MD PORTFÖY BİRİNCİ DEĞİŞKEN FON(614) : 0.1  ,  İŞ PORTFÖY YABANCI BORÇLANMA ARAÇLARI FONU(926) : 0.13  ,  ;9579.370412545906
2019-05-23;ATA PORTFÖY BİRİNCİ DEĞİŞKEN FON(514) : 0.35194  ,  GLOBAL MD PORTFÖY BİRİNCİ DEĞİŞKEN FON(614) : 0.38374  ,  GEDİK PORTFÖY BİRİNCİ SERBEST (DÖVIZ) FON(661) : 0.0547  ,  İŞ PORTFÖY YABANCI BORÇLANMA ARAÇLARI FONU(926) : 0.10047  ,  İŞ PORTFÖY ALTIN FONU(963) : 0.10916  ,  ;9548.849983413988
2019-05-24;GLOBAL MD PORTFÖY BİRİNCİ DEĞİŞKEN FON(614) : 0.47  ,  FİBA PORTFÖY DEĞİŞKEN FON(630) : 0.07  ,  GEDİK PORTFÖY BİRİNCİ SERBEST (DÖVIZ) FON(661) : 0.08  ,  ZİRAAT PORTFÖY İKİNCİ DEĞİŞKEN FON(1019) : 0.39  ,  ;9580.607130713772
2019-05-27;ATA PORTFÖY BİRİNCİ DEĞİŞKEN FON(514) : 0.07  ,  GLOBAL MD PORTFÖY BİRİNCİ DEĞİŞKEN FON(614) : 0.27  ,  İŞ PORTFÖY TEMA DEĞİŞKEN FON(948) : 0.64  ,  ;9656.27095166123
2019-05-28;DENİZ PORTFÖY KISALI VADELİ BORÇLANMA ARAÇLARI FONU(577) : 0.94  ,  ZİRAAT PORTFÖY İKİNCİ DEĞİŞKEN FON(1019) : 0.05  ,  ;9643.453873307672
2019-05-29;AK PORTFÖY UZUN VADELİ BORÇLANMA ARAÇLARI FONU(540) : 0.24978  ,  İŞ PORTFÖY TEMA DEĞİŞKEN FON(948) : 0.51086  ,  TACİRLER PORTFÖY ÖZEL SEKTÖR BORÇLANMA ARAÇLARI FONU(953) : 0.12509  ,  ZİRAAT PORTFÖY İKİNCİ DEĞİŞKEN FON(1019) : 0.11428  ,  ;9651.919582839137
2019-05-30;DENİZ PORTFÖY KISALI VADELİ BORÇLANMA ARAÇLARI FONU(577) : 0.97  ,  ;9661.88935238161
2019-05-31;AK PORTFÖY UZUN VADELİ BORÇLANMA ARAÇLARI FONU(540) : 0.44186  ,  HSBC PORTFÖY DEĞİŞKEN FON(740) : 0.25103  ,  ZİRAAT PORTFÖY İKİNCİ DEĞİŞKEN FON(1019) : 0.30711  ,  ;9667.032512508864
2019-06-03;AK PORTFÖY UZUN VADELİ BORÇLANMA ARAÇLARI FONU(540) : 0.5  ,  HSBC PORTFÖY DEĞİŞKEN FON(740) : 0.09  ,  İŞ PORTFÖY TEMA DEĞİŞKEN FON(948) : 0.08  ,  ZİRAAT PORTFÖY İKİNCİ DEĞİŞKEN FON(1019) : 0.32  ,  ;9712.618826962056
2019-06-07;AK PORTFÖY UZUN VADELİ BORÇLANMA ARAÇLARI FONU(540) : 0.421  ,  İŞ PORTFÖY TEMA DEĞİŞKEN FON(948) : 0.23499  ,  ZİRAAT PORTFÖY İKİNCİ DEĞİŞKEN FON(1019) : 0.34401  ,  ;9749.198473941282
2019-06-10;AK PORTFÖY UZUN VADELİ BORÇLANMA ARAÇLARI FONU(540) : 0.4  ,  TACİRLER PORTFÖY ÖZEL SEKTÖR BORÇLANMA ARAÇLARI FONU(953) : 0.18  ,  ZİRAAT PORTFÖY İKİNCİ DEĞİŞKEN FON(1019) : 0.42  ,  ;9892.823319176887
2019-06-11;AK PORTFÖY UZUN VADELİ BORÇLANMA ARAÇLARI FONU(540) : 0.55624  ,  HSBC PORTFÖY DEĞİŞKEN FON(740) : 0.13756  ,  ZİRAAT PORTFÖY İKİNCİ DEĞİŞKEN FON(1019) : 0.3062  ,  ;9929.770124546396
2019-06-12;AK PORTFÖY UZUN VADELİ BORÇLANMA ARAÇLARI FONU(540) : 0.42343  ,  HSBC PORTFÖY DEĞİŞKEN FON(740) : 0.082  ,  ZİRAAT PORTFÖY İKİNCİ DEĞİŞKEN FON(1019) : 0.49457  ,  ;9969.079900003133
2019-06-13;AK PORTFÖY UZUN VADELİ BORÇLANMA ARAÇLARI FONU(540) : 0.1  ,  DENİZ PORTFÖY KISALI VADELİ BORÇLANMA ARAÇLARI FONU(577) : 0.84  ,  ÜNLÜ PORTFÖY ÜÇÜNCÜ DEĞIŞKEN FON(915) : 0.04  ,  ;9975.355567638298
2019-06-14;DENİZ PORTFÖY KISALI VADELİ BORÇLANMA ARAÇLARI FONU(577) : 0.97  ,  ;9985.623425000196
2019-06-17;AK PORTFÖY UZUN VADELİ BORÇLANMA ARAÇLARI FONU(540) : 0.05  ,  DENİZ PORTFÖY KISALI VADELİ BORÇLANMA ARAÇLARI FONU(577) : 0.89  ,  ;10001.947379772744
2019-06-18;DENİZ PORTFÖY KISALI VADELİ BORÇLANMA ARAÇLARI FONU(577) : 0.98  ,  ;10008.534892203272
2019-06-19;İSTANBUL PORTFÖY YABANCI (GELİŞMEKTE OLAN PİYASALAR) BORÇLANMA ARAÇLARI FONU(551) : 0.2  ,  GEDİK PORTFÖY BİRİNCİ SERBEST (DÖVIZ) FON(661) : 0.23  ,  GARANTİ PORTFÖY ÜÇÜNCÜ DEĞİŞKEN FON(705) : 0.1  ,  ÜNLÜ PORTFÖY ÜÇÜNCÜ DEĞIŞKEN FON(915) : 0.15  ,  ZİRAAT PORTFÖY İKİNCİ DEĞİŞKEN FON(1019) : 0.28  ,  ;10013.677089705634
2019-06-20;AK PORTFÖY UZUN VADELİ BORÇLANMA ARAÇLARI FONU(540) : 0.28  ,  GEDİK PORTFÖY BİRİNCİ SERBEST (DÖVIZ) FON(661) : 0.45  ,  ZİRAAT PORTFÖY İKİNCİ DEĞİŞKEN FON(1019) : 0.24  ,  ;10028.364624500675
2019-06-21;AK PORTFÖY UZUN VADELİ BORÇLANMA ARAÇLARI FONU(540) : 0.57  ,  İSTANBUL PORTFÖY YABANCI (GELİŞMEKTE OLAN PİYASALAR) BORÇLANMA ARAÇLARI FONU(551) : 0.09  ,  GEDİK PORTFÖY BİRİNCİ SERBEST (DÖVIZ) FON(661) : 0.09  ,  ZİRAAT PORTFÖY İKİNCİ DEĞİŞKEN FON(1019) : 0.25  ,  ;10091.644639829332
2019-06-24;AK PORTFÖY UZUN VADELİ BORÇLANMA ARAÇLARI FONU(540) : 0.53  ,  İSTANBUL PORTFÖY YABANCI (GELİŞMEKTE OLAN PİYASALAR) BORÇLANMA ARAÇLARI FONU(551) : 0.14  ,  GEDİK PORTFÖY BİRİNCİ SERBEST (DÖVIZ) FON(661) : 0.16  ,  ÜNLÜ PORTFÖY ÜÇÜNCÜ DEĞIŞKEN FON(915) : 0.16  ,  ;10156.567997358412
2019-06-25;AK PORTFÖY UZUN VADELİ BORÇLANMA ARAÇLARI FONU(540) : 0.77  ,  İSTANBUL PORTFÖY YABANCI (GELİŞMEKTE OLAN PİYASALAR) BORÇLANMA ARAÇLARI FONU(551) : 0.04  ,  GEDİK PORTFÖY BİRİNCİ SERBEST (DÖVIZ) FON(661) : 0.11  ,  İŞ PORTFÖY ALTIN FONU(963) : 0.08  ,  ;10210.99819212338
2019-06-26;AK PORTFÖY UZUN VADELİ BORÇLANMA ARAÇLARI FONU(540) : 0.51653  ,  İSTANBUL PORTFÖY YABANCI (GELİŞMEKTE OLAN PİYASALAR) BORÇLANMA ARAÇLARI FONU(551) : 0.17826  ,  GEDİK PORTFÖY BİRİNCİ SERBEST (DÖVIZ) FON(661) : 0.04898  ,  HSBC PORTFÖY DEĞİŞKEN FON(740) : 0.10494  ,  İŞ PORTFÖY ALTIN FONU(963) : 0.15128  ,  ;10180.078631673414
2019-06-27;AK PORTFÖY UZUN VADELİ BORÇLANMA ARAÇLARI FONU(540) : 0.39  ,  GEDİK PORTFÖY BİRİNCİ SERBEST (DÖVIZ) FON(661) : 0.13  ,  ZİRAAT PORTFÖY İKİNCİ DEĞİŞKEN FON(1019) : 0.46  ,  ;10164.726592887333
2019-06-28;AK PORTFÖY UZUN VADELİ BORÇLANMA ARAÇLARI FONU(540) : 0.10382  ,  İSTANBUL PORTFÖY YABANCI (GELİŞMEKTE OLAN PİYASALAR) BORÇLANMA ARAÇLARI FONU(551) : 0.14658  ,  GEDİK PORTFÖY BİRİNCİ SERBEST (DÖVIZ) FON(661) : 0.22279  ,  GEDİK PORTFÖY KARMA FON(663) : 0.14531  ,  GARANTİ PORTFÖY EUROBOND BORÇLANMA ARAÇLARI (DÖVİZ) FONU(697) : 0.17494  ,  ZİRAAT PORTFÖY İKİNCİ DEĞİŞKEN FON(1019) : 0.20656  ,  ;10178.516526617259
2019-07-01;DENİZ PORTFÖY KISALI VADELİ BORÇLANMA ARAÇLARI FONU(577) : 0.98  ,  ;10247.69793045877
2019-07-02;AK PORTFÖY UZUN VADELİ BORÇLANMA ARAÇLARI FONU(540) : 0.23  ,  İSTANBUL PORTFÖY YABANCI (GELİŞMEKTE OLAN PİYASALAR) BORÇLANMA ARAÇLARI FONU(551) : 0.08  ,  GEDİK PORTFÖY BİRİNCİ SERBEST (DÖVIZ) FON(661) : 0.31  ,  ZİRAAT PORTFÖY İKİNCİ DEĞİŞKEN FON(1019) : 0.38  ,  ;10253.312806233549
2019-07-03;GEDİK PORTFÖY BİRİNCİ SERBEST (DÖVIZ) FON(661) : 0.5297  ,  HSBC PORTFÖY DEĞİŞKEN FON(740) : 0.13256  ,  ZİRAAT PORTFÖY İKİNCİ DEĞİŞKEN FON(1019) : 0.33773  ,  ;10256.722526056381
2019-07-04;AK PORTFÖY UZUN VADELİ BORÇLANMA ARAÇLARI FONU(540) : 0.10238  ,  DENİZ PORTFÖY KISALI VADELİ BORÇLANMA ARAÇLARI FONU(577) : 0.52415  ,  GEDİK PORTFÖY BİRİNCİ SERBEST (DÖVIZ) FON(661) : 0.0462  ,  TACİRLER PORTFÖY ÖZEL SEKTÖR BORÇLANMA ARAÇLARI FONU(953) : 0.03136  ,  ZİRAAT PORTFÖY İKİNCİ DEĞİŞKEN FON(1019) : 0.2959  ,  ;10241.136391133561
2019-07-05;DENİZ PORTFÖY KISALI VADELİ BORÇLANMA ARAÇLARI FONU(577) : 0.96  ,  ;10257.188604241092
2019-07-08;DENİZ PORTFÖY KISALI VADELİ BORÇLANMA ARAÇLARI FONU(577) : 0.99  ,  ;10272.654771999121
2019-07-09;DENİZ PORTFÖY KISALI VADELİ BORÇLANMA ARAÇLARI FONU(577) : 1.0  ,  ;10278.305163738862
2019-07-10;DENİZ PORTFÖY KISALI VADELİ BORÇLANMA ARAÇLARI FONU(577) : 0.85  ,  ÜNLÜ PORTFÖY ÜÇÜNCÜ DEĞIŞKEN FON(915) : 0.06  ,  TACİRLER PORTFÖY ÖZEL SEKTÖR BORÇLANMA ARAÇLARI FONU(953) : 0.06  ,  ;10283.490809870369
2019-07-11;DENİZ PORTFÖY KISALI VADELİ BORÇLANMA ARAÇLARI FONU(577) : 0.93  ,  İŞ PORTFÖY YABANCI BORÇLANMA ARAÇLARI FONU(926) : 0.06  ,  ;10290.186503825473
2019-07-12;ATA PORTFÖY BİRİNCİ DEĞİŞKEN FON(514) : 0.33814  ,  FİBA PORTFÖY DEĞİŞKEN FON(630) : 0.42797  ,  QNB FİNANS PORTFÖY BİRİNCİ SERBEST (DÖVİZ) FON(639) : 0.09262  ,  İŞ PORTFÖY ALTIN FONU(963) : 0.14126  ,  ;10287.554291317254
2019-07-16;DENİZ PORTFÖY KISALI VADELİ BORÇLANMA ARAÇLARI FONU(577) : 0.98  ,  ;10233.78781389691
2019-07-17;QNB FİNANS PORTFÖY BİRİNCİ SERBEST (DÖVİZ) FON(639) : 0.14868  ,  QNB FINANS PORTFÖY EUROBOND BORÇLANMA ARAÇLARI FONU(644) : 0.49957  ,  TEB PORTFÖY EUROBOND (DÖVİZ) BORÇLANMA ARAÇLARI FONU(955) : 0.35175  ,  ;10238.850320354188
2019-07-18;ATA PORTFÖY BİRİNCİ DEĞİŞKEN FON(514) : 0.12213  ,  ZİRAAT PORTFÖY İKİNCİ DEĞİŞKEN FON(1019) : 0.87787  ,  ;10285.902865607191
2019-07-19;AK PORTFÖY EUROBOND (AMERİKAN DOLARI) BORÇLANMA ARAÇLARI FONU(538) : 0.24  ,  İSTANBUL PORTFÖY YABANCI (GELİŞMEKTE OLAN PİYASALAR) BORÇLANMA ARAÇLARI FONU(551) : 0.21  ,  GARANTİ PORTFÖY ÜÇÜNCÜ DEĞİŞKEN FON(705) : 0.06  ,  ZİRAAT PORTFÖY İKİNCİ DEĞİŞKEN FON(1019) : 0.46  ,  ;10363.393890055491
2019-07-22;AK PORTFÖY UZUN VADELİ BORÇLANMA ARAÇLARI FONU(540) : 0.39442  ,  GARANTİ PORTFÖY ÜÇÜNCÜ DEĞİŞKEN FON(705) : 0.30859  ,  ZİRAAT PORTFÖY İKİNCİ DEĞİŞKEN FON(1019) : 0.29698  ,  ;10348.527286256614
2019-07-23;AK PORTFÖY UZUN VADELİ BORÇLANMA ARAÇLARI FONU(540) : 0.56  ,  GARANTİ PORTFÖY ÜÇÜNCÜ DEĞİŞKEN FON(705) : 0.2  ,  ÜNLÜ PORTFÖY ÜÇÜNCÜ DEĞIŞKEN FON(915) : 0.09  ,  İŞ PORTFÖY ALTIN FONU(963) : 0.09  ,  ZİRAAT PORTFÖY İKİNCİ DEĞİŞKEN FON(1019) : 0.06  ,  ;10322.700758387007
2019-07-24;DENİZ PORTFÖY KISALI VADELİ BORÇLANMA ARAÇLARI FONU(577) : 0.93  ,  ;10347.509561375862
2019-07-25;AK PORTFÖY UZUN VADELİ BORÇLANMA ARAÇLARI FONU(540) : 0.13358  ,  İSTANBUL PORTFÖY YABANCI (GELİŞMEKTE OLAN PİYASALAR) BORÇLANMA ARAÇLARI FONU(551) : 0.29137  ,  GEDİK PORTFÖY KARMA FON(663) : 0.1251  ,  GARANTİ PORTFÖY EUROBOND BORÇLANMA ARAÇLARI (DÖVİZ) FONU(697) : 0.13297  ,  ÜNLÜ PORTFÖY ÜÇÜNCÜ DEĞIŞKEN FON(915) : 0.26443  ,  ZİRAAT PORTFÖY İKİNCİ DEĞİŞKEN FON(1019) : 0.05256  ,  ;10352.770553918932
2019-07-26;AK PORTFÖY EUROBOND (AMERİKAN DOLARI) BORÇLANMA ARAÇLARI FONU(538) : 0.20422  ,  AK PORTFÖY UZUN VADELİ BORÇLANMA ARAÇLARI FONU(540) : 0.04882  ,  İSTANBUL PORTFÖY YABANCI (GELİŞMEKTE OLAN PİYASALAR) BORÇLANMA ARAÇLARI FONU(551) : 0.13103  ,  GARANTİ PORTFÖY EUROBOND BORÇLANMA ARAÇLARI (DÖVİZ) FONU(697) : 0.07565  ,  HSBC PORTFÖY DEĞİŞKEN FON(740) : 0.0824  ,  ZİRAAT PORTFÖY İKİNCİ DEĞİŞKEN FON(1019) : 0.45788  ,  ;10360.078987737836
2019-07-29;AK PORTFÖY EUROBOND (AMERİKAN DOLARI) BORÇLANMA ARAÇLARI FONU(538) : 0.21  ,  FİBA PORTFÖY DEĞİŞKEN FON(630) : 0.04  ,  GARANTİ PORTFÖY EUROBOND BORÇLANMA ARAÇLARI (DÖVİZ) FONU(697) : 0.11  ,  TACİRLER PORTFÖY ÖZEL SEKTÖR BORÇLANMA ARAÇLARI FONU(953) : 0.42  ,  ZİRAAT PORTFÖY İKİNCİ DEĞİŞKEN FON(1019) : 0.22  ,  ;10364.511775111438
2019-07-30;AK PORTFÖY UZUN VADELİ BORÇLANMA ARAÇLARI FONU(540) : 0.17  ,  DENİZ PORTFÖY KISALI VADELİ BORÇLANMA ARAÇLARI FONU(577) : 0.29  ,  ÜNLÜ PORTFÖY ÜÇÜNCÜ DEĞIŞKEN FON(915) : 0.04  ,  TACİRLER PORTFÖY ÖZEL SEKTÖR BORÇLANMA ARAÇLARI FONU(953) : 0.49  ,  ;10359.858720308623
2019-07-31;DENİZ PORTFÖY KISALI VADELİ BORÇLANMA ARAÇLARI FONU(577) : 0.94  ,  TACİRLER PORTFÖY ÖZEL SEKTÖR BORÇLANMA ARAÇLARI FONU(953) : 0.04  ,  ;10362.551181944944
2019-08-01;İŞ PORTFÖY YABANCI BORÇLANMA ARAÇLARI FONU(926) : 0.99  ,  ;10369.07123649441
2019-08-02;ALBARAKA PORTFÖY KATILIM FONU(895) : 0.23  ,  İŞ PORTFÖY YABANCI BORÇLANMA ARAÇLARI FONU(926) : 0.63  ,  TEB PORTFÖY EUROBOND (DÖVİZ) BORÇLANMA ARAÇLARI FONU(955) : 0.06  ,  İŞ PORTFÖY ALTIN FONU(963) : 0.07  ,  ;10473.844897624895
2019-08-05;ATA PORTFÖY BİRİNCİ DEĞİŞKEN FON(514) : 0.20223  ,  ALBARAKA PORTFÖY KATILIM FONU(895) : 0.57957  ,  İŞ PORTFÖY YABANCI BORÇLANMA ARAÇLARI FONU(926) : 0.03184  ,  TEB PORTFÖY EUROBOND (DÖVİZ) BORÇLANMA ARAÇLARI FONU(955) : 0.05267  ,  İŞ PORTFÖY ALTIN FONU(963) : 0.13369  ,  ;10511.293419629637
2019-08-06;ATA PORTFÖY BİRİNCİ DEĞİŞKEN FON(514) : 0.98  ,  ;10490.075918288174
2019-08-07;ATA PORTFÖY BİRİNCİ DEĞİŞKEN FON(514) : 0.1039  ,  GLOBAL MD PORTFÖY BİRİNCİ DEĞİŞKEN FON(614) : 0.38848  ,  FİBA PORTFÖY DEĞİŞKEN FON(630) : 0.11931  ,  QNB FINANS PORTFÖY EUROBOND BORÇLANMA ARAÇLARI FONU(644) : 0.18296  ,  HSBC PORTFÖY ÇOKLU VARLIK ÜÇÜNCÜ DEĞİŞKEN FON(731) : 0.10893  ,  ALBARAKA PORTFÖY KATILIM FONU(895) : 0.09642  ,  ;10527.78635599861
2019-08-08;FİBA PORTFÖY DEĞİŞKEN FON(630) : 0.15696  ,  QNB FINANS PORTFÖY EUROBOND BORÇLANMA ARAÇLARI FONU(644) : 0.36414  ,  HSBC PORTFÖY ÇOKLU VARLIK ÜÇÜNCÜ DEĞİŞKEN FON(731) : 0.06488  ,  ALBARAKA PORTFÖY KATILIM FONU(895) : 0.27954  ,  TEB PORTFÖY EUROBOND (DÖVİZ) BORÇLANMA ARAÇLARI FONU(955) : 0.13448  ,  ;10488.972415178176
2019-08-09;FİBA PORTFÖY DEĞİŞKEN FON(630) : 0.0452  ,  QNB FİNANS PORTFÖY BİRİNCİ SERBEST (DÖVİZ) FON(639) : 0.07343  ,  QNB FINANS PORTFÖY EUROBOND BORÇLANMA ARAÇLARI FONU(644) : 0.27337  ,  ALBARAKA PORTFÖY KATILIM FONU(895) : 0.60801  ,  ;10495.985664344222
2019-08-15;FİBA PORTFÖY DEĞİŞKEN FON(630) : 0.30085  ,  ALBARAKA PORTFÖY KATILIM FONU(895) : 0.69915  ,  ;10521.893061214349
2019-08-16;DENİZ PORTFÖY KISALI VADELİ BORÇLANMA ARAÇLARI FONU(577) : 0.98  ,  ;10556.570858223586
2019-08-19;ALBARAKA PORTFÖY KATILIM FONU(895) : 0.03063  ,  İŞ PORTFÖY YABANCI BORÇLANMA ARAÇLARI FONU(926) : 0.26168  ,  TACİRLER PORTFÖY ÖZEL SEKTÖR BORÇLANMA ARAÇLARI FONU(953) : 0.37054  ,  İŞ PORTFÖY ALTIN FONU(963) : 0.33715  ,  ;10571.011915134155
2019-08-20;ATA PORTFÖY BİRİNCİ DEĞİŞKEN FON(514) : 0.2186  ,  FİBA PORTFÖY DEĞİŞKEN FON(630) : 0.55584  ,  ZİRAAT PORTFÖY İKİNCİ DEĞİŞKEN FON(1019) : 0.22555  ,  ;10595.666084491377
2019-08-21;DENİZ PORTFÖY KISALI VADELİ BORÇLANMA ARAÇLARI FONU(577) : 0.97  ,  ;10643.524632255334
2019-08-22;İSTANBUL PORTFÖY YABANCI (GELİŞMEKTE OLAN PİYASALAR) BORÇLANMA ARAÇLARI FONU(551) : 0.13335  ,  İŞ PORTFÖY EUROBOND BORÇLANMA ARAÇLARI (DÖVİZ) FONU(803) : 0.39655  ,  İŞ PORTFÖY YABANCI BORÇLANMA ARAÇLARI FONU(926) : 0.09792  ,  İŞ PORTFÖY ALTIN FONU(963) : 0.03039  ,  ZİRAAT PORTFÖY KATILIM FONU (DÖVİZ)(1022) : 0.34179  ,  ;10645.000216657747
2019-08-23;İSTANBUL PORTFÖY YABANCI (GELİŞMEKTE OLAN PİYASALAR) BORÇLANMA ARAÇLARI FONU(551) : 0.3  ,  İŞ PORTFÖY EUROBOND BORÇLANMA ARAÇLARI (DÖVİZ) FONU(803) : 0.14  ,  İŞ PORTFÖY YABANCI BORÇLANMA ARAÇLARI FONU(926) : 0.15  ,  ZİRAAT PORTFÖY KATILIM FONU (DÖVİZ)(1022) : 0.4  ,  ;10708.623411408778
2019-08-26;İSTANBUL PORTFÖY YABANCI (GELİŞMEKTE OLAN PİYASALAR) BORÇLANMA ARAÇLARI FONU(551) : 0.21358  ,  İŞ PORTFÖY EUROBOND BORÇLANMA ARAÇLARI (DÖVİZ) FONU(803) : 0.1068  ,  ALBARAKA PORTFÖY KATILIM FONU(895) : 0.122  ,  ÜNLÜ PORTFÖY ÜÇÜNCÜ DEĞIŞKEN FON(915) : 0.09236  ,  TACİRLER PORTFÖY ÖZEL SEKTÖR BORÇLANMA ARAÇLARI FONU(953) : 0.0587  ,  ZİRAAT PORTFÖY KATILIM FONU (DÖVİZ)(1022) : 0.40655  ,  ;10717.525481179799
2019-08-27;İSTANBUL PORTFÖY YABANCI (GELİŞMEKTE OLAN PİYASALAR) BORÇLANMA ARAÇLARI FONU(551) : 0.1919  ,  FİBA PORTFÖY DEĞİŞKEN FON(630) : 0.11464  ,  ALBARAKA PORTFÖY KATILIM FONU(895) : 0.0778  ,  İŞ PORTFÖY YABANCI BORÇLANMA ARAÇLARI FONU(926) : 0.21716  ,  ZİRAAT PORTFÖY KATILIM FONU (DÖVİZ)(1022) : 0.3985  ,  ;10797.331180817175
2019-08-28;İSTANBUL PORTFÖY YABANCI (GELİŞMEKTE OLAN PİYASALAR) BORÇLANMA ARAÇLARI FONU(551) : 0.14  ,  FİBA PORTFÖY DEĞİŞKEN FON(630) : 0.32  ,  ALBARAKA PORTFÖY KATILIM FONU(895) : 0.18  ,  İŞ PORTFÖY YABANCI BORÇLANMA ARAÇLARI FONU(926) : 0.13  ,  İŞ PORTFÖY ALTIN FONU(963) : 0.08  ,  ZİRAAT PORTFÖY KATILIM FONU (DÖVİZ)(1022) : 0.14  ,  ;10834.809797170103
2019-08-29;İSTANBUL PORTFÖY YABANCI (GELİŞMEKTE OLAN PİYASALAR) BORÇLANMA ARAÇLARI FONU(551) : 0.23546  ,  İŞ PORTFÖY EUROBOND BORÇLANMA ARAÇLARI (DÖVİZ) FONU(803) : 0.26729  ,  ALBARAKA PORTFÖY KATILIM FONU(895) : 0.3667  ,  İŞ PORTFÖY ALTIN FONU(963) : 0.13055  ,  ;10810.940139009916
2019-09-02;İSTANBUL PORTFÖY YABANCI (GELİŞMEKTE OLAN PİYASALAR) BORÇLANMA ARAÇLARI FONU(551) : 0.11775  ,  QNB FİNANS PORTFÖY BİRİNCİ SERBEST (DÖVİZ) FON(639) : 0.06079  ,  İŞ PORTFÖY EUROBOND BORÇLANMA ARAÇLARI (DÖVİZ) FONU(803) : 0.20963  ,  ALBARAKA PORTFÖY KATILIM FONU(895) : 0.18274  ,  TACİRLER PORTFÖY ÖZEL SEKTÖR BORÇLANMA ARAÇLARI FONU(953) : 0.42909  ,  ;10836.538276888712
2019-09-03;FİBA PORTFÖY DEĞİŞKEN FON(630) : 0.07  ,  FİBA PORTFÖY EUROBOND BORÇLANMA ARAÇLARI (DÖVİZ)FONU(636) : 0.03  ,  GEDİK PORTFÖY BİRİNCİ SERBEST (DÖVIZ) FON(661) : 0.1  ,  ALBARAKA PORTFÖY KATILIM FONU(895) : 0.06  ,  TACİRLER PORTFÖY ÖZEL SEKTÖR BORÇLANMA ARAÇLARI FONU(953) : 0.72  ,  ;10835.571525206811
2019-09-04;FİBA PORTFÖY DEĞİŞKEN FON(630) : 0.2522  ,  GEDİK PORTFÖY BİRİNCİ SERBEST (DÖVIZ) FON(661) : 0.62403  ,  TACİRLER PORTFÖY ÖZEL SEKTÖR BORÇLANMA ARAÇLARI FONU(953) : 0.12378  ,  ;10841.262799966576
2019-09-05;AK PORTFÖY UZUN VADELİ BORÇLANMA ARAÇLARI FONU(540) : 0.19  ,  GEDİK PORTFÖY BİRİNCİ SERBEST (DÖVIZ) FON(661) : 0.12  ,  HSBC PORTFÖY DEĞİŞKEN FON(740) : 0.03  ,  TACİRLER PORTFÖY ÖZEL SEKTÖR BORÇLANMA ARAÇLARI FONU(953) : 0.4  ,  ZİRAAT PORTFÖY İKİNCİ DEĞİŞKEN FON(1019) : 0.25  ,  ;10845.589994607335
2019-09-06;DENİZ PORTFÖY KISALI VADELİ BORÇLANMA ARAÇLARI FONU(577) : 0.96  ,  ;10856.75741232706
2019-09-09;ALBARAKA PORTFÖY KATILIM FONU(895) : 0.70557  ,  İŞ PORTFÖY YABANCI BORÇLANMA ARAÇLARI FONU(926) : 0.18666  ,  İŞ PORTFÖY ALTIN FONU(963) : 0.10778  ,  ;10869.331719631848
2019-09-10;AK PORTFÖY UZUN VADELİ BORÇLANMA ARAÇLARI FONU(540) : 0.14  ,  GEDİK PORTFÖY BİRİNCİ SERBEST (DÖVIZ) FON(661) : 0.15  ,  HSBC PORTFÖY DEĞİŞKEN FON(740) : 0.07  ,  TACİRLER PORTFÖY ÖZEL SEKTÖR BORÇLANMA ARAÇLARI FONU(953) : 0.49  ,  ZİRAAT PORTFÖY İKİNCİ DEĞİŞKEN FON(1019) : 0.12  ,  ;10904.220761146144
2019-09-11;DENİZ PORTFÖY KISALI VADELİ BORÇLANMA ARAÇLARI FONU(577) : 0.89  ,  GEDİK PORTFÖY BİRİNCİ SERBEST (DÖVIZ) FON(661) : 0.03  ,  TACİRLER PORTFÖY ÖZEL SEKTÖR BORÇLANMA ARAÇLARI FONU(953) : 0.06  ,  ;10911.229924030553
2019-09-12;ATA PORTFÖY BİRİNCİ DEĞİŞKEN FON(514) : 0.09123  ,  İSTANBUL PORTFÖY YABANCI (GELİŞMEKTE OLAN PİYASALAR) BORÇLANMA ARAÇLARI FONU(551) : 0.06554  ,  FİBA PORTFÖY DEĞİŞKEN FON(630) : 0.84323  ,  ;10915.06445084652
2019-09-13;ATA PORTFÖY BİRİNCİ DEĞİŞKEN FON(514) : 0.13  ,  FİBA PORTFÖY DEĞİŞKEN FON(630) : 0.72  ,  ALBARAKA PORTFÖY KATILIM FONU(895) : 0.15  ,  ;10933.773312782398
2019-09-16;ATA PORTFÖY BİRİNCİ DEĞİŞKEN FON(514) : 0.10422  ,  HSBC PORTFÖY DEĞİŞKEN FON(740) : 0.06999  ,  TACİRLER PORTFÖY ÖZEL SEKTÖR BORÇLANMA ARAÇLARI FONU(953) : 0.22368  ,  ZİRAAT PORTFÖY İKİNCİ DEĞİŞKEN FON(1019) : 0.60211  ,  ;10955.904662769633
2019-09-17;ATA PORTFÖY BİRİNCİ DEĞİŞKEN FON(514) : 0.1  ,  AK PORTFÖY UZUN VADELİ BORÇLANMA ARAÇLARI FONU(540) : 0.41  ,  TACİRLER PORTFÖY ÖZEL SEKTÖR BORÇLANMA ARAÇLARI FONU(953) : 0.24  ,  ZİRAAT PORTFÖY İKİNCİ DEĞİŞKEN FON(1019) : 0.23  ,  ;10924.506392117306
2019-09-18;İŞ PORTFÖY YABANCI BORÇLANMA ARAÇLARI FONU(926) : 0.79132  ,  TEB PORTFÖY EUROBOND (DÖVİZ) BORÇLANMA ARAÇLARI FONU(955) : 0.14481  ,  İŞ PORTFÖY ALTIN FONU(963) : 0.06387  ,  ;10906.777139390846
2019-09-19;AK PORTFÖY UZUN VADELİ BORÇLANMA ARAÇLARI FONU(540) : 0.09688  ,  İSTANBUL PORTFÖY YABANCI (GELİŞMEKTE OLAN PİYASALAR) BORÇLANMA ARAÇLARI FONU(551) : 0.15971  ,  İŞ PORTFÖY EUROBOND BORÇLANMA ARAÇLARI (DÖVİZ) FONU(803) : 0.31888  ,  ALBARAKA PORTFÖY KATILIM FONU(895) : 0.38942  ,  İŞ PORTFÖY ALTIN FONU(963) : 0.0351  ,  ;10847.7344168724
2019-09-20;ATA PORTFÖY BİRİNCİ DEĞİŞKEN FON(514) : 0.47  ,  QNB FİNANS PORTFÖY BİRİNCİ SERBEST (DÖVİZ) FON(639) : 0.28  ,  İŞ PORTFÖY ALTIN FONU(963) : 0.24  ,  ;10873.31498448418
2019-09-23;GEDİK PORTFÖY BİRİNCİ SERBEST (DÖVIZ) FON(661) : 0.37414  ,  ALBARAKA PORTFÖY KATILIM FONU(895) : 0.50284  ,  İŞ PORTFÖY YABANCI BORÇLANMA ARAÇLARI FONU(926) : 0.12302  ,  ;10914.677406640936
2019-09-24;DENİZ PORTFÖY KISALI VADELİ BORÇLANMA ARAÇLARI FONU(577) : 0.99  ,  ;10944.365603992137
2019-09-25;AK PORTFÖY EUROBOND (AMERİKAN DOLARI) BORÇLANMA ARAÇLARI FONU(538) : 0.31577  ,  AK PORTFÖY UZUN VADELİ BORÇLANMA ARAÇLARI FONU(540) : 0.10533  ,  QNB FİNANS PORTFÖY BİRİNCİ SERBEST (DÖVİZ) FON(639) : 0.07406  ,  QNB FINANS PORTFÖY EUROBOND BORÇLANMA ARAÇLARI FONU(644) : 0.05985  ,  GARANTİ PORTFÖY EUROBOND BORÇLANMA ARAÇLARI (DÖVİZ) FONU(697) : 0.19323  ,  İŞ PORTFÖY EUROBOND BORÇLANMA ARAÇLARI (DÖVİZ) FONU(803) : 0.1111  ,  İŞ PORTFÖY ALTIN FONU(963) : 0.14066  ,  ;10949.314366801436
2019-09-26;AK PORTFÖY UZUN VADELİ BORÇLANMA ARAÇLARI FONU(540) : 0.45  ,  QNB FİNANS PORTFÖY BİRİNCİ SERBEST (DÖVİZ) FON(639) : 0.33  ,  İŞ PORTFÖY ALTIN FONU(963) : 0.21  ,  ;10977.570797853848
2019-09-27;AK PORTFÖY UZUN VADELİ BORÇLANMA ARAÇLARI FONU(540) : 0.44655  ,  QNB FİNANS PORTFÖY BİRİNCİ SERBEST (DÖVİZ) FON(639) : 0.32996  ,  TACİRLER PORTFÖY ÖZEL SEKTÖR BORÇLANMA ARAÇLARI FONU(953) : 0.07995  ,  ZİRAAT PORTFÖY İKİNCİ DEĞİŞKEN FON(1019) : 0.14355  ,  ;10978.164653668744
2019-09-30;AK PORTFÖY UZUN VADELİ BORÇLANMA ARAÇLARI FONU(540) : 0.42  ,  İSTANBUL PORTFÖY YABANCI (GELİŞMEKTE OLAN PİYASALAR) BORÇLANMA ARAÇLARI FONU(551) : 0.03  ,  QNB FİNANS PORTFÖY BİRİNCİ SERBEST (DÖVİZ) FON(639) : 0.16  ,  ÜNLÜ PORTFÖY ÜÇÜNCÜ DEĞIŞKEN FON(915) : 0.2  ,  TACİRLER PORTFÖY ÖZEL SEKTÖR BORÇLANMA ARAÇLARI FONU(953) : 0.17  ,  ;11007.039564356352
2019-10-01;DENİZ PORTFÖY KISALI VADELİ BORÇLANMA ARAÇLARI FONU(577) : 0.97  ,  ;11004.884181991943
2019-10-02;FİBA PORTFÖY DEĞİŞKEN FON(630) : 0.85  ,  HSBC PORTFÖY DEĞİŞKEN FON(740) : 0.12  ,  ;11008.268015341888
2019-10-03;AK PORTFÖY UZUN VADELİ BORÇLANMA ARAÇLARI FONU(540) : 0.06  ,  GEDİK PORTFÖY BİRİNCİ SERBEST (DÖVIZ) FON(661) : 0.19  ,  ÜNLÜ PORTFÖY ÜÇÜNCÜ DEĞIŞKEN FON(915) : 0.12  ,  TACİRLER PORTFÖY ÖZEL SEKTÖR BORÇLANMA ARAÇLARI FONU(953) : 0.6  ,  ;10994.47283959676
2019-10-04;AK PORTFÖY UZUN VADELİ BORÇLANMA ARAÇLARI FONU(540) : 0.07  ,  İSTANBUL PORTFÖY YABANCI (GELİŞMEKTE OLAN PİYASALAR) BORÇLANMA ARAÇLARI FONU(551) : 0.17  ,  İŞ PORTFÖY EUROBOND BORÇLANMA ARAÇLARI (DÖVİZ) FONU(803) : 0.19  ,  İŞ PORTFÖY YABANCI BORÇLANMA ARAÇLARI FONU(926) : 0.05  ,  TACİRLER PORTFÖY ÖZEL SEKTÖR BORÇLANMA ARAÇLARI FONU(953) : 0.5  ,  ;10992.590778518048
2019-10-07;AK PORTFÖY UZUN VADELİ BORÇLANMA ARAÇLARI FONU(540) : 0.11  ,  İSTANBUL PORTFÖY YABANCI (GELİŞMEKTE OLAN PİYASALAR) BORÇLANMA ARAÇLARI FONU(551) : 0.08  ,  ÜNLÜ PORTFÖY ÜÇÜNCÜ DEĞIŞKEN FON(915) : 0.1  ,  TACİRLER PORTFÖY ÖZEL SEKTÖR BORÇLANMA ARAÇLARI FONU(953) : 0.42  ,  İŞ PORTFÖY ALTIN FONU(963) : 0.28  ,  ;11006.665096541572
2019-10-08;DENİZ PORTFÖY KISALI VADELİ BORÇLANMA ARAÇLARI FONU(577) : 0.9  ,  TACİRLER PORTFÖY ÖZEL SEKTÖR BORÇLANMA ARAÇLARI FONU(953) : 0.05  ,  ;11021.138097194751
2019-10-09;ATA PORTFÖY BİRİNCİ DEĞİŞKEN FON(514) : 0.22  ,  QNB FINANS PORTFÖY EUROBOND BORÇLANMA ARAÇLARI FONU(644) : 0.19  ,  İŞ PORTFÖY YABANCI BORÇLANMA ARAÇLARI FONU(926) : 0.53  ,  TEB PORTFÖY EUROBOND (DÖVİZ) BORÇLANMA ARAÇLARI FONU(955) : 0.06  ,  ;11024.504490019612
2019-10-10;İSTANBUL PORTFÖY YABANCI (GELİŞMEKTE OLAN PİYASALAR) BORÇLANMA ARAÇLARI FONU(551) : 0.10123  ,  İŞ PORTFÖY EUROBOND BORÇLANMA ARAÇLARI (DÖVİZ) FONU(803) : 0.0879  ,  ALBARAKA PORTFÖY KATILIM FONU(895) : 0.55841  ,  İŞ PORTFÖY YABANCI BORÇLANMA ARAÇLARI FONU(926) : 0.1633  ,  ZİRAAT PORTFÖY KATILIM FONU (DÖVİZ)(1022) : 0.08915  ,  ;11024.433270676871
2019-10-11;DENİZ PORTFÖY KISALI VADELİ BORÇLANMA ARAÇLARI FONU(577) : 0.89  ,  İŞ PORTFÖY YABANCI BORÇLANMA ARAÇLARI FONU(926) : 0.03  ,  ZİRAAT PORTFÖY KATILIM FONU (DÖVİZ)(1022) : 0.03  ,  ;11055.010841602032
2019-10-14;ATA PORTFÖY BİRİNCİ DEĞİŞKEN FON(514) : 0.06701  ,  GLOBAL MD PORTFÖY BİRİNCİ DEĞİŞKEN FON(614) : 0.48741  ,  FİBA PORTFÖY DEĞİŞKEN FON(630) : 0.03166  ,  ÜNLÜ PORTFÖY ÜÇÜNCÜ DEĞIŞKEN FON(915) : 0.41392  ,  ;11058.001042941449
2019-10-15;ATA PORTFÖY BİRİNCİ DEĞİŞKEN FON(514) : 0.31392  ,  GLOBAL MD PORTFÖY BİRİNCİ DEĞİŞKEN FON(614) : 0.14576  ,  ÜNLÜ PORTFÖY ÜÇÜNCÜ DEĞIŞKEN FON(915) : 0.54032  ,  ;10876.786687454127
2019-10-16;ATA PORTFÖY BİRİNCİ DEĞİŞKEN FON(514) : 0.24  ,  GLOBAL MD PORTFÖY BİRİNCİ DEĞİŞKEN FON(614) : 0.15  ,  ÜNLÜ PORTFÖY ÜÇÜNCÜ DEĞIŞKEN FON(915) : 0.61  ,  ;10919.404820048236
2019-10-17;ATA PORTFÖY BİRİNCİ DEĞİŞKEN FON(514) : 0.16  ,  GLOBAL MD PORTFÖY BİRİNCİ DEĞİŞKEN FON(614) : 0.38  ,  FİBA PORTFÖY DEĞİŞKEN FON(630) : 0.45  ,  ;10848.52608832437
2019-10-18;ATA PORTFÖY BİRİNCİ DEĞİŞKEN FON(514) : 0.12247  ,  AK PORTFÖY EUROBOND (AMERİKAN DOLARI) BORÇLANMA ARAÇLARI FONU(538) : 0.03892  ,  QNB FINANS PORTFÖY EUROBOND BORÇLANMA ARAÇLARI FONU(644) : 0.0558  ,  ALBARAKA PORTFÖY KATILIM FONU(895) : 0.03827  ,  ÜNLÜ PORTFÖY ÜÇÜNCÜ DEĞIŞKEN FON(915) : 0.65899  ,  İŞ PORTFÖY ALTIN FONU(963) : 0.08556  ,  ;10887.631750477047
2019-10-21;ATA PORTFÖY BİRİNCİ DEĞİŞKEN FON(514) : 0.40608  ,  FİBA PORTFÖY DEĞİŞKEN FON(630) : 0.06033  ,  ALBARAKA PORTFÖY KATILIM FONU(895) : 0.08339  ,  ÜNLÜ PORTFÖY ÜÇÜNCÜ DEĞIŞKEN FON(915) : 0.19389  ,  İŞ PORTFÖY YABANCI BORÇLANMA ARAÇLARI FONU(926) : 0.08987  ,  İŞ PORTFÖY ALTIN FONU(963) : 0.16644  ,  ;10959.977835977275
2019-10-22;ALBARAKA PORTFÖY KATILIM FONU(895) : 0.1475  ,  ÜNLÜ PORTFÖY ÜÇÜNCÜ DEĞIŞKEN FON(915) : 0.25628  ,  İŞ PORTFÖY YABANCI BORÇLANMA ARAÇLARI FONU(926) : 0.59621  ,  ;10970.972333621688
2019-10-23;AK PORTFÖY UZUN VADELİ BORÇLANMA ARAÇLARI FONU(540) : 0.08656  ,  GLOBAL MD PORTFÖY BİRİNCİ DEĞİŞKEN FON(614) : 0.14414  ,  İŞ PORTFÖY TEMA DEĞİŞKEN FON(948) : 0.7693  ,  ;11025.366399131266
2019-10-24;AK PORTFÖY UZUN VADELİ BORÇLANMA ARAÇLARI FONU(540) : 0.29  ,  İSTANBUL PORTFÖY YABANCI (GELİŞMEKTE OLAN PİYASALAR) BORÇLANMA ARAÇLARI FONU(551) : 0.13  ,  GEDİK PORTFÖY BİRİNCİ SERBEST (DÖVIZ) FON(661) : 0.26  ,  GARANTİ PORTFÖY EUROBOND BORÇLANMA ARAÇLARI (DÖVİZ) FONU(697) : 0.1  ,  HSBC PORTFÖY ÇOKLU VARLIK ÜÇÜNCÜ DEĞİŞKEN FON(731) : 0.22  ,  ;11131.631779539282
2019-10-25;AK PORTFÖY UZUN VADELİ BORÇLANMA ARAÇLARI FONU(540) : 0.43  ,  GEDİK PORTFÖY BİRİNCİ SERBEST (DÖVIZ) FON(661) : 0.09  ,  HSBC PORTFÖY DEĞİŞKEN FON(740) : 0.1  ,  ZİRAAT PORTFÖY İKİNCİ DEĞİŞKEN FON(1019) : 0.37  ,  ;11155.8724061926
2019-10-28;AK PORTFÖY UZUN VADELİ BORÇLANMA ARAÇLARI FONU(540) : 0.47  ,  ÜNLÜ PORTFÖY ÜÇÜNCÜ DEĞIŞKEN FON(915) : 0.17  ,  ZİRAAT PORTFÖY İKİNCİ DEĞİŞKEN FON(1019) : 0.35  ,  ;11168.570321597212
2019-10-30;AK PORTFÖY EUROBOND (AMERİKAN DOLARI) BORÇLANMA ARAÇLARI FONU(538) : 0.11845  ,  AK PORTFÖY UZUN VADELİ BORÇLANMA ARAÇLARI FONU(540) : 0.33277  ,  HSBC PORTFÖY DEĞİŞKEN FON(740) : 0.03269  ,  ÜNLÜ PORTFÖY ÜÇÜNCÜ DEĞIŞKEN FON(915) : 0.43677  ,  ZİRAAT PORTFÖY İKİNCİ DEĞİŞKEN FON(1019) : 0.07932  ,  ;11165.485695624928
2019-10-31;ATA PORTFÖY BİRİNCİ DEĞİŞKEN FON(514) : 0.12  ,  AK PORTFÖY EUROBOND (AMERİKAN DOLARI) BORÇLANMA ARAÇLARI FONU(538) : 0.45  ,  FİBA PORTFÖY DEĞİŞKEN FON(630) : 0.37  ,  İŞ PORTFÖY ALTIN FONU(963) : 0.05  ,  ;11105.596023006301
2019-11-01;AK PORTFÖY UZUN VADELİ BORÇLANMA ARAÇLARI FONU(540) : 0.26  ,  ÜNLÜ PORTFÖY ÜÇÜNCÜ DEĞIŞKEN FON(915) : 0.48  ,  İŞ PORTFÖY TEMA DEĞİŞKEN FON(948) : 0.17  ,  TACİRLER PORTFÖY ÖZEL SEKTÖR BORÇLANMA ARAÇLARI FONU(953) : 0.09  ,  ;11079.748145535039
2019-11-04;ALBARAKA PORTFÖY KATILIM FONU(895) : 0.27  ,  İŞ PORTFÖY YABANCI BORÇLANMA ARAÇLARI FONU(926) : 0.56  ,  İŞ PORTFÖY ALTIN FONU(963) : 0.16  ,  ;11087.690290948925
2019-11-05;ATA PORTFÖY BİRİNCİ DEĞİŞKEN FON(514) : 0.17511  ,  AK PORTFÖY UZUN VADELİ BORÇLANMA ARAÇLARI FONU(540) : 0.15829  ,  İŞ PORTFÖY TEMA DEĞİŞKEN FON(948) : 0.04949  ,  TACİRLER PORTFÖY ÖZEL SEKTÖR BORÇLANMA ARAÇLARI FONU(953) : 0.57474  ,  İŞ PORTFÖY ALTIN FONU(963) : 0.04236  ,  ;11023.802526390773
2019-11-06;ATA PORTFÖY BİRİNCİ DEĞİŞKEN FON(514) : 0.59206  ,  GLOBAL MD PORTFÖY BİRİNCİ DEĞİŞKEN FON(614) : 0.21449  ,  FİBA PORTFÖY DEĞİŞKEN FON(630) : 0.19344  ,  ;11025.637413796752
2019-11-07;ATA PORTFÖY BİRİNCİ DEĞİŞKEN FON(514) : 0.3787  ,  GLOBAL MD PORTFÖY BİRİNCİ DEĞİŞKEN FON(614) : 0.27428  ,  FİBA PORTFÖY DEĞİŞKEN FON(630) : 0.27409  ,  QNB FİNANS PORTFÖY BİRİNCİ SERBEST (DÖVİZ) FON(639) : 0.07293  ,  ;11057.416826175075
2019-11-08;FİBA PORTFÖY DEĞİŞKEN FON(630) : 0.11987  ,  FİBA PORTFÖY EUROBOND BORÇLANMA ARAÇLARI (DÖVİZ)FONU(636) : 0.26594  ,  İŞ PORTFÖY EUROBOND BORÇLANMA ARAÇLARI (DÖVİZ) FONU(803) : 0.24768  ,  ALBARAKA PORTFÖY KATILIM FONU(895) : 0.3665  ,  ;11130.13830473088
2019-11-11;FİBA PORTFÖY DEĞİŞKEN FON(630) : 0.49  ,  FİBA PORTFÖY EUROBOND BORÇLANMA ARAÇLARI (DÖVİZ)FONU(636) : 0.39  ,  QNB FINANS PORTFÖY EUROBOND BORÇLANMA ARAÇLARI FONU(644) : 0.1  ,  ;11144.108719106876
2019-11-12;AK PORTFÖY UZUN VADELİ BORÇLANMA ARAÇLARI FONU(540) : 0.27  ,  İSTANBUL PORTFÖY YABANCI (GELİŞMEKTE OLAN PİYASALAR) BORÇLANMA ARAÇLARI FONU(551) : 0.14  ,  HSBC PORTFÖY DEĞİŞKEN FON(740) : 0.06  ,  ÜNLÜ PORTFÖY ÜÇÜNCÜ DEĞIŞKEN FON(915) : 0.09  ,  TACİRLER PORTFÖY ÖZEL SEKTÖR BORÇLANMA ARAÇLARI FONU(953) : 0.15  ,  ZİRAAT PORTFÖY İKİNCİ DEĞİŞKEN FON(1019) : 0.28  ,  ;11183.550874070506
2019-11-13;AK PORTFÖY UZUN VADELİ BORÇLANMA ARAÇLARI FONU(540) : 0.06  ,  İSTANBUL PORTFÖY YABANCI (GELİŞMEKTE OLAN PİYASALAR) BORÇLANMA ARAÇLARI FONU(551) : 0.04  ,  DENİZ PORTFÖY KISALI VADELİ BORÇLANMA ARAÇLARI FONU(577) : 0.83  ,  ÜNLÜ PORTFÖY ÜÇÜNCÜ DEĞIŞKEN FON(915) : 0.04  ,  ;11218.596785151263
2019-11-14;FİBA PORTFÖY DEĞİŞKEN FON(630) : 0.2  ,  HSBC PORTFÖY DEĞİŞKEN FON(740) : 0.14  ,  İŞ PORTFÖY EUROBOND BORÇLANMA ARAÇLARI (DÖVİZ) FONU(803) : 0.31  ,  ALBARAKA PORTFÖY KATILIM FONU(895) : 0.15  ,  ÜNLÜ PORTFÖY ÜÇÜNCÜ DEĞIŞKEN FON(915) : 0.19  ,  ;11220.464575358328
2019-11-15;FİBA PORTFÖY DEĞİŞKEN FON(630) : 0.05  ,  QNB FİNANS PORTFÖY BİRİNCİ SERBEST (DÖVİZ) FON(639) : 0.19  ,  HSBC PORTFÖY DEĞİŞKEN FON(740) : 0.23  ,  ÜNLÜ PORTFÖY ÜÇÜNCÜ DEĞIŞKEN FON(915) : 0.52  ,  ;11224.329239048673
2019-11-18;AK PORTFÖY EUROBOND (AMERİKAN DOLARI) BORÇLANMA ARAÇLARI FONU(538) : 0.08  ,  AK PORTFÖY UZUN VADELİ BORÇLANMA ARAÇLARI FONU(540) : 0.07  ,  ÜNLÜ PORTFÖY ÜÇÜNCÜ DEĞIŞKEN FON(915) : 0.72  ,  ZİRAAT PORTFÖY İKİNCİ DEĞİŞKEN FON(1019) : 0.12  ,  ;11286.021333473918
2019-11-19;AK PORTFÖY UZUN VADELİ BORÇLANMA ARAÇLARI FONU(540) : 0.09  ,  GEDİK PORTFÖY BİRİNCİ SERBEST (DÖVIZ) FON(661) : 0.04  ,  GARANTİ PORTFÖY EUROBOND BORÇLANMA ARAÇLARI (DÖVİZ) FONU(697) : 0.12  ,  ÜNLÜ PORTFÖY ÜÇÜNCÜ DEĞIŞKEN FON(915) : 0.74  ,  ;11369.262509131348
2019-11-20;AK PORTFÖY UZUN VADELİ BORÇLANMA ARAÇLARI FONU(540) : 0.10952  ,  GEDİK PORTFÖY BİRİNCİ SERBEST (DÖVIZ) FON(661) : 0.15473  ,  ÜNLÜ PORTFÖY ÜÇÜNCÜ DEĞIŞKEN FON(915) : 0.68706  ,  ZİRAAT PORTFÖY İKİNCİ DEĞİŞKEN FON(1019) : 0.04869  ,  ;11414.89169806536
2019-11-21;AK PORTFÖY UZUN VADELİ BORÇLANMA ARAÇLARI FONU(540) : 0.03  ,  DENİZ PORTFÖY KISALI VADELİ BORÇLANMA ARAÇLARI FONU(577) : 0.7  ,  ÜNLÜ PORTFÖY ÜÇÜNCÜ DEĞIŞKEN FON(915) : 0.26  ,  ;11438.722183894408
2019-11-22;DENİZ PORTFÖY KISALI VADELİ BORÇLANMA ARAÇLARI FONU(577) : 0.94  ,  ÜNLÜ PORTFÖY ÜÇÜNCÜ DEĞIŞKEN FON(915) : 0.06  ,  ;11433.494711667066
2019-11-25;ALBARAKA PORTFÖY KATILIM FONU(895) : 0.73646  ,  TEB PORTFÖY EUROBOND (DÖVİZ) BORÇLANMA ARAÇLARI FONU(955) : 0.26354  ,  ;11442.369167206081
2019-11-26;DENİZ PORTFÖY KISALI VADELİ BORÇLANMA ARAÇLARI FONU(577) : 0.98  ,  ;11469.145991370091
2019-11-27;FİBA PORTFÖY DEĞİŞKEN FON(630) : 0.27994  ,  ALBARAKA PORTFÖY KATILIM FONU(895) : 0.1841  ,  İŞ PORTFÖY YABANCI BORÇLANMA ARAÇLARI FONU(926) : 0.53597  ,  ;11472.02185951056
2019-11-28;ALBARAKA PORTFÖY KATILIM FONU(895) : 0.62  ,  İŞ PORTFÖY YABANCI BORÇLANMA ARAÇLARI FONU(926) : 0.38  ,  ;11487.0828064335
2019-11-29;İSTANBUL PORTFÖY YABANCI (GELİŞMEKTE OLAN PİYASALAR) BORÇLANMA ARAÇLARI FONU(551) : 0.11949  ,  FİBA PORTFÖY DEĞİŞKEN FON(630) : 0.08736  ,  ALBARAKA PORTFÖY KATILIM FONU(895) : 0.40014  ,  ÜNLÜ PORTFÖY ÜÇÜNCÜ DEĞIŞKEN FON(915) : 0.06516  ,  İŞ PORTFÖY YABANCI BORÇLANMA ARAÇLARI FONU(926) : 0.32785  ,  ;11494.341736953447
2019-12-02;DENİZ PORTFÖY KISALI VADELİ BORÇLANMA ARAÇLARI FONU(577) : 0.98  ,  ;11475.591042350743
2019-12-03;DENİZ PORTFÖY KISALI VADELİ BORÇLANMA ARAÇLARI FONU(577) : 0.98  ,  ;11478.939997632915
2019-12-04;DENİZ PORTFÖY KISALI VADELİ BORÇLANMA ARAÇLARI FONU(577) : 0.98  ,  ;11481.809550119373
2019-12-05;ATA PORTFÖY BİRİNCİ DEĞİŞKEN FON(514) : 0.1  ,  AK PORTFÖY UZUN VADELİ BORÇLANMA ARAÇLARI FONU(540) : 0.14  ,  FİBA PORTFÖY DEĞİŞKEN FON(630) : 0.04  ,  GEDİK PORTFÖY KARMA FON(663) : 0.38  ,  İŞ PORTFÖY ALTIN FONU(963) : 0.32  ,  ;11484.678262613885
2019-12-06;AK PORTFÖY UZUN VADELİ BORÇLANMA ARAÇLARI FONU(540) : 0.05  ,  DENİZ PORTFÖY KISALI VADELİ BORÇLANMA ARAÇLARI FONU(577) : 0.82  ,  İŞ PORTFÖY ALTIN FONU(963) : 0.11  ,  ;11506.985465747486
2019-12-09;İSTANBUL PORTFÖY YABANCI (GELİŞMEKTE OLAN PİYASALAR) BORÇLANMA ARAÇLARI FONU(551) : 0.39109  ,  GARANTİ PORTFÖY EUROBOND BORÇLANMA ARAÇLARI (DÖVİZ) FONU(697) : 0.17378  ,  HSBC PORTFÖY DEĞİŞKEN FON(740) : 0.27504  ,  İŞ PORTFÖY ALTIN FONU(963) : 0.16009  ,  ;11513.381532392872
2019-12-10;AK PORTFÖY EUROBOND (AMERİKAN DOLARI) BORÇLANMA ARAÇLARI FONU(538) : 0.37  ,  İSTANBUL PORTFÖY YABANCI (GELİŞMEKTE OLAN PİYASALAR) BORÇLANMA ARAÇLARI FONU(551) : 0.4  ,  GARANTİ PORTFÖY EUROBOND BORÇLANMA ARAÇLARI (DÖVİZ) FONU(697) : 0.11  ,  İŞ PORTFÖY EUROBOND BORÇLANMA ARAÇLARI (DÖVİZ) FONU(803) : 0.12  ,  ;11555.946135250295
2019-12-11;ATA PORTFÖY BİRİNCİ DEĞİŞKEN FON(514) : 0.1812  ,  QNB FINANS PORTFÖY EUROBOND BORÇLANMA ARAÇLARI FONU(644) : 0.2056  ,  İŞ PORTFÖY EUROBOND BORÇLANMA ARAÇLARI (DÖVİZ) FONU(803) : 0.0541  ,  ALBARAKA PORTFÖY KATILIM FONU(895) : 0.14026  ,  İŞ PORTFÖY YABANCI BORÇLANMA ARAÇLARI FONU(926) : 0.41885  ,  ;11588.292316392122
2019-12-12;İSTANBUL PORTFÖY YABANCI (GELİŞMEKTE OLAN PİYASALAR) BORÇLANMA ARAÇLARI FONU(551) : 0.19371  ,  İŞ PORTFÖY EUROBOND BORÇLANMA ARAÇLARI (DÖVİZ) FONU(803) : 0.20212  ,  ALBARAKA PORTFÖY KATILIM FONU(895) : 0.13552  ,  İŞ PORTFÖY YABANCI BORÇLANMA ARAÇLARI FONU(926) : 0.46864  ,  ;11584.008933599052
2019-12-13;İSTANBUL PORTFÖY YABANCI (GELİŞMEKTE OLAN PİYASALAR) BORÇLANMA ARAÇLARI FONU(551) : 0.23942  ,  QNB FİNANS PORTFÖY BİRİNCİ SERBEST (DÖVİZ) FON(639) : 0.55068  ,  İŞ PORTFÖY ALTIN FONU(963) : 0.20991  ,  ;11586.102357745262
2019-12-16;AK PORTFÖY UZUN VADELİ BORÇLANMA ARAÇLARI FONU(540) : 0.24  ,  İSTANBUL PORTFÖY YABANCI (GELİŞMEKTE OLAN PİYASALAR) BORÇLANMA ARAÇLARI FONU(551) : 0.35  ,  HSBC PORTFÖY DEĞİŞKEN FON(740) : 0.08  ,  ÜNLÜ PORTFÖY ÜÇÜNCÜ DEĞIŞKEN FON(915) : 0.1  ,  ZİRAAT PORTFÖY İKİNCİ DEĞİŞKEN FON(1019) : 0.24  ,  ;11578.25289991639
2019-12-17;AK PORTFÖY UZUN VADELİ BORÇLANMA ARAÇLARI FONU(540) : 0.19  ,  İSTANBUL PORTFÖY YABANCI (GELİŞMEKTE OLAN PİYASALAR) BORÇLANMA ARAÇLARI FONU(551) : 0.25  ,  HSBC PORTFÖY DEĞİŞKEN FON(740) : 0.08  ,  ÜNLÜ PORTFÖY ÜÇÜNCÜ DEĞIŞKEN FON(915) : 0.47  ,  ;11610.822722943374
2019-12-18;ATA PORTFÖY BİRİNCİ DEĞİŞKEN FON(514) : 0.07  ,  QNB FINANS PORTFÖY EUROBOND BORÇLANMA ARAÇLARI FONU(644) : 0.23  ,  GEDİK PORTFÖY BİRİNCİ SERBEST (DÖVIZ) FON(661) : 0.47  ,  İŞ PORTFÖY YABANCI BORÇLANMA ARAÇLARI FONU(926) : 0.04  ,  TEB PORTFÖY EUROBOND (DÖVİZ) BORÇLANMA ARAÇLARI FONU(955) : 0.17  ,  ;11607.776593328967
2019-12-19;GEDİK PORTFÖY BİRİNCİ SERBEST (DÖVIZ) FON(661) : 0.42  ,  İŞ PORTFÖY YABANCI BORÇLANMA ARAÇLARI FONU(926) : 0.32  ,  İŞ PORTFÖY ALTIN FONU(963) : 0.25  ,  ;11607.0655719813
2019-12-20;İSTANBUL PORTFÖY YABANCI (GELİŞMEKTE OLAN PİYASALAR) BORÇLANMA ARAÇLARI FONU(551) : 0.36956  ,  GEDİK PORTFÖY BİRİNCİ SERBEST (DÖVIZ) FON(661) : 0.21808  ,  İŞ PORTFÖY EUROBOND BORÇLANMA ARAÇLARI (DÖVİZ) FONU(803) : 0.11668  ,  İŞ PORTFÖY YABANCI BORÇLANMA ARAÇLARI FONU(926) : 0.11113  ,  İŞ PORTFÖY ALTIN FONU(963) : 0.07223  ,  ZİRAAT PORTFÖY KATILIM FONU (DÖVİZ)(1022) : 0.11233  ,  ;11620.516119571548
2019-12-23;İSTANBUL PORTFÖY YABANCI (GELİŞMEKTE OLAN PİYASALAR) BORÇLANMA ARAÇLARI FONU(551) : 0.61  ,  İŞ PORTFÖY ALTIN FONU(963) : 0.19  ,  ZİRAAT PORTFÖY KATILIM FONU (DÖVİZ)(1022) : 0.19  ,  ;11609.047524541105
2019-12-24;İSTANBUL PORTFÖY YABANCI (GELİŞMEKTE OLAN PİYASALAR) BORÇLANMA ARAÇLARI FONU(551) : 0.54934  ,  GEDİK PORTFÖY BİRİNCİ SERBEST (DÖVIZ) FON(661) : 0.21214  ,  GARANTİ PORTFÖY EUROBOND BORÇLANMA ARAÇLARI (DÖVİZ) FONU(697) : 0.09172  ,  HSBC PORTFÖY DEĞİŞKEN FON(740) : 0.05645  ,  İŞ PORTFÖY EUROBOND BORÇLANMA ARAÇLARI (DÖVİZ) FONU(803) : 0.04275  ,  İŞ PORTFÖY ALTIN FONU(963) : 0.0476  ,  ;11638.211964350086
2019-12-25;ATA PORTFÖY BİRİNCİ DEĞİŞKEN FON(514) : 0.24  ,  FİBA PORTFÖY DEĞİŞKEN FON(630) : 0.2  ,  QNB FINANS PORTFÖY EUROBOND BORÇLANMA ARAÇLARI FONU(644) : 0.04  ,  GEDİK PORTFÖY BİRİNCİ SERBEST (DÖVIZ) FON(661) : 0.14  ,  İŞ PORTFÖY ALTIN FONU(963) : 0.38  ,  ;11656.23050927173
2019-12-26;İSTANBUL PORTFÖY YABANCI (GELİŞMEKTE OLAN PİYASALAR) BORÇLANMA ARAÇLARI FONU(551) : 0.13  ,  FİBA PORTFÖY DEĞİŞKEN FON(630) : 0.15  ,  ÜNLÜ PORTFÖY ÜÇÜNCÜ DEĞIŞKEN FON(915) : 0.36  ,  İŞ PORTFÖY YABANCI BORÇLANMA ARAÇLARI FONU(926) : 0.1  ,  İŞ PORTFÖY ALTIN FONU(963) : 0.24  ,  ;11651.564347157373
2019-12-27;İSTANBUL PORTFÖY YABANCI (GELİŞMEKTE OLAN PİYASALAR) BORÇLANMA ARAÇLARI FONU(551) : 0.13801  ,  FİBA PORTFÖY DEĞİŞKEN FON(630) : 0.04555  ,  QNB FİNANS PORTFÖY BİRİNCİ SERBEST (DÖVİZ) FON(639) : 0.04138  ,  ÜNLÜ PORTFÖY ÜÇÜNCÜ DEĞIŞKEN FON(915) : 0.68061  ,  İŞ PORTFÖY ALTIN FONU(963) : 0.09444  ,  ;11659.825125838368
2019-12-30;AK PORTFÖY UZUN VADELİ BORÇLANMA ARAÇLARI FONU(540) : 0.27949  ,  İSTANBUL PORTFÖY YABANCI (GELİŞMEKTE OLAN PİYASALAR) BORÇLANMA ARAÇLARI FONU(551) : 0.17346  ,  ÜNLÜ PORTFÖY ÜÇÜNCÜ DEĞIŞKEN FON(915) : 0.54704  ,  ;11673.764986375723
2019-12-31;AK PORTFÖY UZUN VADELİ BORÇLANMA ARAÇLARI FONU(540) : 0.09971  ,  İSTANBUL PORTFÖY YABANCI (GELİŞMEKTE OLAN PİYASALAR) BORÇLANMA ARAÇLARI FONU(551) : 0.13697  ,  ÜNLÜ PORTFÖY ÜÇÜNCÜ DEĞIŞKEN FON(915) : 0.49313  ,  İŞ PORTFÖY ALTIN FONU(963) : 0.27019  ,  ;11722.406399568452
2020-01-02;FİBA PORTFÖY DEĞİŞKEN FON(630) : 0.06  ,  ALBARAKA PORTFÖY KATILIM FONU(895) : 0.38  ,  ÜNLÜ PORTFÖY ÜÇÜNCÜ DEĞIŞKEN FON(915) : 0.33  ,  İŞ PORTFÖY ALTIN FONU(963) : 0.23  ,  ;11723.659626749935
2020-01-03;GEDİK PORTFÖY BİRİNCİ SERBEST (DÖVIZ) FON(661) : 0.09511  ,  ALBARAKA PORTFÖY KATILIM FONU(895) : 0.35482  ,  ÜNLÜ PORTFÖY ÜÇÜNCÜ DEĞIŞKEN FON(915) : 0.55007  ,  ;11837.413533532985
2020-01-06;GEDİK PORTFÖY BİRİNCİ SERBEST (DÖVIZ) FON(661) : 0.36  ,  ALBARAKA PORTFÖY KATILIM FONU(895) : 0.07  ,  ÜNLÜ PORTFÖY ÜÇÜNCÜ DEĞIŞKEN FON(915) : 0.47  ,  İŞ PORTFÖY ALTIN FONU(963) : 0.09  ,  ;11761.679143950609
2020-01-07;ALBARAKA PORTFÖY KATILIM FONU(895) : 0.09  ,  ÜNLÜ PORTFÖY ÜÇÜNCÜ DEĞIŞKEN FON(915) : 0.59  ,  İŞ PORTFÖY ALTIN FONU(963) : 0.31  ,  ;11702.20296450616
2020-01-08;DENİZ PORTFÖY KISALI VADELİ BORÇLANMA ARAÇLARI FONU(577) : 1.0  ,  ;11742.431272253303
2020-01-09;GEDİK PORTFÖY BİRİNCİ SERBEST (DÖVIZ) FON(661) : 0.58201  ,  HSBC PORTFÖY DEĞİŞKEN FON(740) : 0.19825  ,  ÜNLÜ PORTFÖY ÜÇÜNCÜ DEĞIŞKEN FON(915) : 0.18468  ,  İŞ PORTFÖY TEMA DEĞİŞKEN FON(948) : 0.03506  ,  ;11745.813404929537
2020-01-10;DENİZ PORTFÖY KISALI VADELİ BORÇLANMA ARAÇLARI FONU(577) : 0.88947  ,  İŞ PORTFÖY YABANCI BORÇLANMA ARAÇLARI FONU(926) : 0.06635  ,  İŞ PORTFÖY ALTIN FONU(963) : 0.04418  ,  ;11838.769679829486
2020-01-13;İŞ PORTFÖY YABANCI BORÇLANMA ARAÇLARI FONU(926) : 0.6686  ,  İŞ PORTFÖY ALTIN FONU(963) : 0.3314  ,  ;11845.648685526045
2020-01-14;İŞ PORTFÖY YABANCI BORÇLANMA ARAÇLARI FONU(926) : 0.47726  ,  İŞ PORTFÖY ALTIN FONU(963) : 0.52274  ,  ;11823.40297114255
2020-01-15;ATA PORTFÖY BİRİNCİ DEĞİŞKEN FON(514) : 0.14  ,  FİBA PORTFÖY DEĞİŞKEN FON(630) : 0.23  ,  HSBC PORTFÖY DEĞİŞKEN FON(740) : 0.22  ,  ÜNLÜ PORTFÖY ÜÇÜNCÜ DEĞIŞKEN FON(915) : 0.41  ,  ;11846.65706217605
2020-01-16;ATA PORTFÖY BİRİNCİ DEĞİŞKEN FON(514) : 0.42109  ,  AK PORTFÖY EUROBOND (AMERİKAN DOLARI) BORÇLANMA ARAÇLARI FONU(538) : 0.1935  ,  FİBA PORTFÖY DEĞİŞKEN FON(630) : 0.38541  ,  ;11826.717212900001
2020-01-17;AK PORTFÖY EUROBOND (AMERİKAN DOLARI) BORÇLANMA ARAÇLARI FONU(538) : 0.19  ,  FİBA PORTFÖY DEĞİŞKEN FON(630) : 0.21  ,  İŞ PORTFÖY YABANCI BORÇLANMA ARAÇLARI FONU(926) : 0.34  ,  TEB PORTFÖY EUROBOND (DÖVİZ) BORÇLANMA ARAÇLARI FONU(955) : 0.26  ,  ;11832.543277654288
2020-01-20;ATA PORTFÖY BİRİNCİ DEĞİŞKEN FON(514) : 0.04  ,  AK PORTFÖY EUROBOND (AMERİKAN DOLARI) BORÇLANMA ARAÇLARI FONU(538) : 0.2  ,  AK PORTFÖY UZUN VADELİ BORÇLANMA ARAÇLARI FONU(540) : 0.23  ,  GEDİK PORTFÖY BİRİNCİ SERBEST (DÖVIZ) FON(661) : 0.5  ,  ;11806.362032827094
2020-01-21;ATA PORTFÖY BİRİNCİ DEĞİŞKEN FON(514) : 0.13  ,  AK PORTFÖY UZUN VADELİ BORÇLANMA ARAÇLARI FONU(540) : 0.26  ,  GEDİK PORTFÖY BİRİNCİ SERBEST (DÖVIZ) FON(661) : 0.22  ,  HSBC PORTFÖY DEĞİŞKEN FON(740) : 0.15  ,  İŞ PORTFÖY TEMA DEĞİŞKEN FON(948) : 0.22  ,  ;11812.825871958476
2020-01-22;ATA PORTFÖY BİRİNCİ DEĞİŞKEN FON(514) : 0.22334  ,  İSTANBUL PORTFÖY YABANCI (GELİŞMEKTE OLAN PİYASALAR) BORÇLANMA ARAÇLARI FONU(551) : 0.15373  ,  FİBA PORTFÖY DEĞİŞKEN FON(630) : 0.19207  ,  HSBC PORTFÖY DEĞİŞKEN FON(740) : 0.21393  ,  İŞ PORTFÖY ALTIN FONU(963) : 0.21693  ,  ;11827.854177096246
2020-01-23;FİBA PORTFÖY DEĞİŞKEN FON(630) : 0.07065  ,  İŞ PORTFÖY YABANCI BORÇLANMA ARAÇLARI FONU(926) : 0.88372  ,  İŞ PORTFÖY ALTIN FONU(963) : 0.04563  ,  ;11806.714519067435
2020-01-24;AK PORTFÖY UZUN VADELİ BORÇLANMA ARAÇLARI FONU(540) : 0.08  ,  HSBC PORTFÖY DEĞİŞKEN FON(740) : 0.04  ,  İŞ PORTFÖY EUROBOND BORÇLANMA ARAÇLARI (DÖVİZ) FONU(803) : 0.37  ,  ÜNLÜ PORTFÖY ÜÇÜNCÜ DEĞIŞKEN FON(915) : 0.05  ,  İŞ PORTFÖY YABANCI BORÇLANMA ARAÇLARI FONU(926) : 0.34  ,  ZİRAAT PORTFÖY KATILIM FONU (DÖVİZ)(1022) : 0.11  ,  ;11800.629242744319
2020-01-27;AK PORTFÖY EUROBOND (AMERİKAN DOLARI) BORÇLANMA ARAÇLARI FONU(538) : 0.07859  ,  GEDİK PORTFÖY BİRİNCİ SERBEST (DÖVIZ) FON(661) : 0.10356  ,  GARANTİ PORTFÖY EUROBOND BORÇLANMA ARAÇLARI (DÖVİZ) FONU(697) : 0.16496  ,  ALBARAKA PORTFÖY KATILIM FONU(895) : 0.27574  ,  ÜNLÜ PORTFÖY ÜÇÜNCÜ DEĞIŞKEN FON(915) : 0.37716  ,  ;11827.371916531047
2020-01-28;GEDİK PORTFÖY BİRİNCİ SERBEST (DÖVIZ) FON(661) : 0.06109  ,  ALBARAKA PORTFÖY KATILIM FONU(895) : 0.15269  ,  ÜNLÜ PORTFÖY ÜÇÜNCÜ DEĞIŞKEN FON(915) : 0.71646  ,  ZİRAAT PORTFÖY KATILIM FONU (DÖVİZ)(1022) : 0.06977  ,  ;11838.342562311509
2020-01-29;ÜNLÜ PORTFÖY ÜÇÜNCÜ DEĞIŞKEN FON(915) : 0.32294  ,  İŞ PORTFÖY YABANCI BORÇLANMA ARAÇLARI FONU(926) : 0.12012  ,  İŞ PORTFÖY ALTIN FONU(963) : 0.55695  ,  ;11858.844885594894
2020-01-30;AK PORTFÖY UZUN VADELİ BORÇLANMA ARAÇLARI FONU(540) : 0.26374  ,  ÜNLÜ PORTFÖY ÜÇÜNCÜ DEĞIŞKEN FON(915) : 0.11087  ,  İŞ PORTFÖY YABANCI BORÇLANMA ARAÇLARI FONU(926) : 0.29984  ,  İŞ PORTFÖY ALTIN FONU(963) : 0.32556  ,  ;11834.626537912703
2020-01-31;DENİZ PORTFÖY KISALI VADELİ BORÇLANMA ARAÇLARI FONU(577) : 0.98  ,  ;11885.9978299127
2020-02-03;DENİZ PORTFÖY KISALI VADELİ BORÇLANMA ARAÇLARI FONU(577) : 0.98  ,  ;11893.520017487659
2020-02-04;DENİZ PORTFÖY KISALI VADELİ BORÇLANMA ARAÇLARI FONU(577) : 0.97  ,  ;11893.989793624947
2020-02-05;DENİZ PORTFÖY KISALI VADELİ BORÇLANMA ARAÇLARI FONU(577) : 0.7  ,  GEDİK PORTFÖY BİRİNCİ SERBEST (DÖVIZ) FON(661) : 0.09  ,  ÜNLÜ PORTFÖY ÜÇÜNCÜ DEĞIŞKEN FON(915) : 0.17  ,  ;11896.31459469867
2020-02-06;DENİZ PORTFÖY KISALI VADELİ BORÇLANMA ARAÇLARI FONU(577) : 0.98  ,  ;11905.62936734659
2020-02-07;DENİZ PORTFÖY KISALI VADELİ BORÇLANMA ARAÇLARI FONU(577) : 0.97  ,  ÜNLÜ PORTFÖY ÜÇÜNCÜ DEĞIŞKEN FON(915) : 0.03  ,  ;11907.507571553384
2020-02-10;DENİZ PORTFÖY KISALI VADELİ BORÇLANMA ARAÇLARI FONU(577) : 0.97  ,  ;11913.611806141458
2020-02-11;ATA PORTFÖY BİRİNCİ DEĞİŞKEN FON(514) : 0.21475  ,  GEDİK PORTFÖY BİRİNCİ SERBEST (DÖVIZ) FON(661) : 0.15219  ,  İŞ PORTFÖY YABANCI BORÇLANMA ARAÇLARI FONU(926) : 0.04665  ,  İŞ PORTFÖY ALTIN FONU(963) : 0.58641  ,  ;11907.110154396354
2020-02-12;DENİZ PORTFÖY KISALI VADELİ BORÇLANMA ARAÇLARI FONU(577) : 1.0  ,  ;11924.017162662223
2020-02-13;DENİZ PORTFÖY KISALI VADELİ BORÇLANMA ARAÇLARI FONU(577) : 1.0  ,  ;11926.891689563005
2020-02-14;DENİZ PORTFÖY KISALI VADELİ BORÇLANMA ARAÇLARI FONU(577) : 0.99  ,  ;11927.370639704293
2020-02-17;DENİZ PORTFÖY KISALI VADELİ BORÇLANMA ARAÇLARI FONU(577) : 0.99  ,  ;11933.53443280774
2020-02-18;DENİZ PORTFÖY KISALI VADELİ BORÇLANMA ARAÇLARI FONU(577) : 0.99  ,  ;11937.325176118899
2020-02-19;DENİZ PORTFÖY KISALI VADELİ BORÇLANMA ARAÇLARI FONU(577) : 0.96  ,  ;11938.272499213488
2020-02-20;GEDİK PORTFÖY BİRİNCİ SERBEST (DÖVIZ) FON(661) : 0.36  ,  ÜNLÜ PORTFÖY ÜÇÜNCÜ DEĞIŞKEN FON(915) : 0.23  ,  İŞ PORTFÖY ALTIN FONU(963) : 0.41  ,  ;11941.028084536169
2020-02-21;İŞ PORTFÖY ALTIN FONU(963) : 0.99  ,  ;11973.028286401834
2020-02-24;İŞ PORTFÖY ALTIN FONU(963) : 1.0  ,  ;12100.29945541109
2020-02-25;AK PORTFÖY UZUN VADELİ BORÇLANMA ARAÇLARI FONU(540) : 0.3  ,  GEDİK PORTFÖY BİRİNCİ SERBEST (DÖVIZ) FON(661) : 0.18  ,  HSBC PORTFÖY DEĞİŞKEN FON(740) : 0.13  ,  İŞ PORTFÖY TEMA DEĞİŞKEN FON(948) : 0.38  ,  ;12427.201920577221
2020-02-26;ÜNLÜ PORTFÖY ÜÇÜNCÜ DEĞIŞKEN FON(915) : 0.42921  ,  İŞ PORTFÖY YABANCI BORÇLANMA ARAÇLARI FONU(926) : 0.06603  ,  İŞ PORTFÖY ALTIN FONU(963) : 0.50476  ,  ;12422.097017950335
2020-02-27;GLOBAL MD PORTFÖY BİRİNCİ DEĞİŞKEN FON(614) : 0.04  ,  HSBC PORTFÖY ÇOKLU VARLIK ÜÇÜNCÜ DEĞİŞKEN FON(731) : 0.59  ,  HSBC PORTFÖY DEĞİŞKEN FON(740) : 0.22  ,  İŞ PORTFÖY TEMA DEĞİŞKEN FON(948) : 0.15  ,  ;12422.805946908775
2020-02-28;ATA PORTFÖY BİRİNCİ DEĞİŞKEN FON(514) : 0.28668  ,  İŞ PORTFÖY ALTIN FONU(963) : 0.71332  ,  ;12279.852600076469
2020-03-02;ATA PORTFÖY BİRİNCİ DEĞİŞKEN FON(514) : 0.18045  ,  FİBA PORTFÖY DEĞİŞKEN FON(630) : 0.24465  ,  HSBC PORTFÖY DEĞİŞKEN FON(740) : 0.5749  ,  ;12192.403654429132
2020-03-03;ATA PORTFÖY BİRİNCİ DEĞİŞKEN FON(514) : 0.05299  ,  AK PORTFÖY EUROBOND (AMERİKAN DOLARI) BORÇLANMA ARAÇLARI FONU(538) : 0.18453  ,  GEDİK PORTFÖY KARMA FON(663) : 0.13857  ,  ZİRAAT PORTFÖY İKİNCİ DEĞİŞKEN FON(1019) : 0.62392  ,  ;12304.588632790314
2020-03-04;AK PORTFÖY EUROBOND (AMERİKAN DOLARI) BORÇLANMA ARAÇLARI FONU(538) : 0.06255  ,  AK PORTFÖY UZUN VADELİ BORÇLANMA ARAÇLARI FONU(540) : 0.40009  ,  İSTANBUL PORTFÖY YABANCI (GELİŞMEKTE OLAN PİYASALAR) BORÇLANMA ARAÇLARI FONU(551) : 0.0593  ,  İŞ PORTFÖY ALTIN FONU(963) : 0.23163  ,  ZİRAAT PORTFÖY İKİNCİ DEĞİŞKEN FON(1019) : 0.24643  ,  ;12483.052982888903
2020-03-05;AK PORTFÖY EUROBOND (AMERİKAN DOLARI) BORÇLANMA ARAÇLARI FONU(538) : 0.31  ,  AK PORTFÖY UZUN VADELİ BORÇLANMA ARAÇLARI FONU(540) : 0.69  ,  ;12563.360777069047
2020-03-06;ÜNLÜ PORTFÖY ÜÇÜNCÜ DEĞIŞKEN FON(915) : 0.17788  ,  İŞ PORTFÖY YABANCI BORÇLANMA ARAÇLARI FONU(926) : 0.69958  ,  İŞ PORTFÖY ALTIN FONU(963) : 0.12254  ,  ;12623.853803998645
2020-03-09;İSTANBUL PORTFÖY YABANCI (GELİŞMEKTE OLAN PİYASALAR) BORÇLANMA ARAÇLARI FONU(551) : 0.21411  ,  İŞ PORTFÖY YABANCI BORÇLANMA ARAÇLARI FONU(926) : 0.1187  ,  ZİRAAT PORTFÖY KATILIM FONU (DÖVİZ)(1022) : 0.66719  ,  ;12697.60303056641
2020-03-10;İSTANBUL PORTFÖY YABANCI (GELİŞMEKTE OLAN PİYASALAR) BORÇLANMA ARAÇLARI FONU(551) : 0.90709  ,  FİBA PORTFÖY DEĞİŞKEN FON(630) : 0.09291  ,  ;12591.722525322262
2020-03-11;İSTANBUL PORTFÖY YABANCI (GELİŞMEKTE OLAN PİYASALAR) BORÇLANMA ARAÇLARI FONU(551) : 0.71475  ,  FİBA PORTFÖY DEĞİŞKEN FON(630) : 0.09695  ,  HSBC PORTFÖY DEĞİŞKEN FON(740) : 0.1883  ,  ;12472.330043268808
2020-03-12;İSTANBUL PORTFÖY YABANCI (GELİŞMEKTE OLAN PİYASALAR) BORÇLANMA ARAÇLARI FONU(551) : 0.55  ,  FİBA PORTFÖY DEĞİŞKEN FON(630) : 0.19  ,  ÜNLÜ PORTFÖY ÜÇÜNCÜ DEĞIŞKEN FON(915) : 0.1  ,  ZİRAAT PORTFÖY İKİNCİ DEĞİŞKEN FON(1019) : 0.15  ,  ;12415.977179511463
2020-03-13;ATA PORTFÖY BİRİNCİ DEĞİŞKEN FON(514) : 0.38704  ,  İSTANBUL PORTFÖY YABANCI (GELİŞMEKTE OLAN PİYASALAR) BORÇLANMA ARAÇLARI FONU(551) : 0.23764  ,  FİBA PORTFÖY DEĞİŞKEN FON(630) : 0.07349  ,  ÜNLÜ PORTFÖY ÜÇÜNCÜ DEĞIŞKEN FON(915) : 0.30183  ,  ;12124.200383721747
2020-03-16;ATA PORTFÖY BİRİNCİ DEĞİŞKEN FON(514) : 0.53767  ,  İSTANBUL PORTFÖY YABANCI (GELİŞMEKTE OLAN PİYASALAR) BORÇLANMA ARAÇLARI FONU(551) : 0.31806  ,  FİBA PORTFÖY DEĞİŞKEN FON(630) : 0.14427  ,  ;12166.587162769925
2020-03-17;ATA PORTFÖY BİRİNCİ DEĞİŞKEN FON(514) : 0.78704  ,  İSTANBUL PORTFÖY YABANCI (GELİŞMEKTE OLAN PİYASALAR) BORÇLANMA ARAÇLARI FONU(551) : 0.06156  ,  İŞ PORTFÖY ALTIN FONU(963) : 0.1514  ,  ;11773.320912086207
2020-03-18;ATA PORTFÖY BİRİNCİ DEĞİŞKEN FON(514) : 0.66  ,  İŞ PORTFÖY ALTIN FONU(963) : 0.33  ,  ;11725.116317183249
2020-03-19;ATA PORTFÖY BİRİNCİ DEĞİŞKEN FON(514) : 0.86  ,  FİBA PORTFÖY DEĞİŞKEN FON(630) : 0.08  ,  İŞ PORTFÖY ALTIN FONU(963) : 0.04  ,  ;11665.232925881057
2020-03-20;ATA PORTFÖY BİRİNCİ DEĞİŞKEN FON(514) : 0.72642  ,  İSTANBUL PORTFÖY YABANCI (GELİŞMEKTE OLAN PİYASALAR) BORÇLANMA ARAÇLARI FONU(551) : 0.15829  ,  FİBA PORTFÖY DEĞİŞKEN FON(630) : 0.1153  ,  ;11586.057906240483
2020-03-23;ATA PORTFÖY BİRİNCİ DEĞİŞKEN FON(514) : 0.36669  ,  İSTANBUL PORTFÖY YABANCI (GELİŞMEKTE OLAN PİYASALAR) BORÇLANMA ARAÇLARI FONU(551) : 0.11178  ,  FİBA PORTFÖY DEĞİŞKEN FON(630) : 0.22114  ,  İŞ PORTFÖY YABANCI BORÇLANMA ARAÇLARI FONU(926) : 0.25466  ,  TEB PORTFÖY EUROBOND (DÖVİZ) BORÇLANMA ARAÇLARI FONU(955) : 0.04573  ,  ;11733.732257898704
2020-03-24;ATA PORTFÖY BİRİNCİ DEĞİŞKEN FON(514) : 0.48932  ,  İSTANBUL PORTFÖY YABANCI (GELİŞMEKTE OLAN PİYASALAR) BORÇLANMA ARAÇLARI FONU(551) : 0.13744  ,  FİBA PORTFÖY DEĞİŞKEN FON(630) : 0.37324  ,  ;11785.121204036823
2020-03-25;İSTANBUL PORTFÖY YABANCI (GELİŞMEKTE OLAN PİYASALAR) BORÇLANMA ARAÇLARI FONU(551) : 0.24324  ,  FİBA PORTFÖY DEĞİŞKEN FON(630) : 0.29078  ,  HSBC PORTFÖY ÇOKLU VARLIK ÜÇÜNCÜ DEĞİŞKEN FON(731) : 0.13661  ,  ZİRAAT PORTFÖY İKİNCİ DEĞİŞKEN FON(1019) : 0.32937  ,  ;12112.90958176376
2020-03-26;İSTANBUL PORTFÖY YABANCI (GELİŞMEKTE OLAN PİYASALAR) BORÇLANMA ARAÇLARI FONU(551) : 0.25467  ,  FİBA PORTFÖY DEĞİŞKEN FON(630) : 0.52173  ,  QNB FİNANS PORTFÖY BİRİNCİ SERBEST (DÖVİZ) FON(639) : 0.14335  ,  ZİRAAT PORTFÖY İKİNCİ DEĞİŞKEN FON(1019) : 0.08026  ,  ;12139.805051771054
2020-03-27;ATA PORTFÖY BİRİNCİ DEĞİŞKEN FON(514) : 0.04  ,  DENİZ PORTFÖY KISALI VADELİ BORÇLANMA ARAÇLARI FONU(577) : 0.92  ,  İŞ PORTFÖY ALTIN FONU(963) : 0.03  ,  ;12284.206628900116
2020-03-30;ATA PORTFÖY BİRİNCİ DEĞİŞKEN FON(514) : 0.37  ,  AK PORTFÖY EUROBOND (AMERİKAN DOLARI) BORÇLANMA ARAÇLARI FONU(538) : 0.29  ,  İŞ PORTFÖY ALTIN FONU(963) : 0.33  ,  ;12282.11122329744
2020-03-31;ATA PORTFÖY BİRİNCİ DEĞİŞKEN FON(514) : 0.55885  ,  ÜNLÜ PORTFÖY ÜÇÜNCÜ DEĞIŞKEN FON(915) : 0.0507  ,  İŞ PORTFÖY YABANCI BORÇLANMA ARAÇLARI FONU(926) : 0.21638  ,  İŞ PORTFÖY ALTIN FONU(963) : 0.17407  ,  ;12285.172906104153
2020-04-01;ATA PORTFÖY BİRİNCİ DEĞİŞKEN FON(514) : 0.13665  ,  GEDİK PORTFÖY BİRİNCİ SERBEST (DÖVIZ) FON(661) : 0.2977  ,  ÜNLÜ PORTFÖY ÜÇÜNCÜ DEĞIŞKEN FON(915) : 0.30707  ,  İŞ PORTFÖY ALTIN FONU(963) : 0.25857  ,  ;12330.701104799768
2020-04-02;ATA PORTFÖY BİRİNCİ DEĞİŞKEN FON(514) : 0.29951  ,  QNB FİNANS PORTFÖY BİRİNCİ SERBEST (DÖVİZ) FON(639) : 0.06098  ,  ÜNLÜ PORTFÖY ÜÇÜNCÜ DEĞIŞKEN FON(915) : 0.20998  ,  İŞ PORTFÖY YABANCI BORÇLANMA ARAÇLARI FONU(926) : 0.27274  ,  İŞ PORTFÖY ALTIN FONU(963) : 0.15679  ,  ;12347.647144728293
2020-04-03;ATA PORTFÖY BİRİNCİ DEĞİŞKEN FON(514) : 0.348  ,  FİBA PORTFÖY DEĞİŞKEN FON(630) : 0.11322  ,  QNB FİNANS PORTFÖY BİRİNCİ SERBEST (DÖVİZ) FON(639) : 0.32821  ,  İŞ PORTFÖY YABANCI BORÇLANMA ARAÇLARI FONU(926) : 0.14354  ,  İŞ PORTFÖY ALTIN FONU(963) : 0.06703  ,  ;12368.663345759087
2020-04-06;ATA PORTFÖY BİRİNCİ DEĞİŞKEN FON(514) : 0.36945  ,  ÜNLÜ PORTFÖY ÜÇÜNCÜ DEĞIŞKEN FON(915) : 0.17958  ,  İŞ PORTFÖY YABANCI BORÇLANMA ARAÇLARI FONU(926) : 0.13719  ,  İŞ PORTFÖY ALTIN FONU(963) : 0.31377  ,  ;12416.658059107915
2020-04-07;ATA PORTFÖY BİRİNCİ DEĞİŞKEN FON(514) : 0.48614  ,  ÜNLÜ PORTFÖY ÜÇÜNCÜ DEĞIŞKEN FON(915) : 0.04107  ,  İŞ PORTFÖY ALTIN FONU(963) : 0.47278  ,  ;12589.689320483529
2020-04-08;ATA PORTFÖY BİRİNCİ DEĞİŞKEN FON(514) : 0.53757  ,  İŞ PORTFÖY YABANCI BORÇLANMA ARAÇLARI FONU(926) : 0.03282  ,  İŞ PORTFÖY ALTIN FONU(963) : 0.42961  ,  ;12634.573281151965
2020-04-09;ATA PORTFÖY BİRİNCİ DEĞİŞKEN FON(514) : 0.54  ,  İSTANBUL PORTFÖY YABANCI (GELİŞMEKTE OLAN PİYASALAR) BORÇLANMA ARAÇLARI FONU(551) : 0.33  ,  İŞ PORTFÖY ALTIN FONU(963) : 0.13  ,  ;12676.999248622615
2020-04-10;ATA PORTFÖY BİRİNCİ DEĞİŞKEN FON(514) : 0.14093  ,  AK PORTFÖY EUROBOND (AMERİKAN DOLARI) BORÇLANMA ARAÇLARI FONU(538) : 0.63586  ,  GEDİK PORTFÖY BİRİNCİ SERBEST (DÖVIZ) FON(661) : 0.22321  ,  ;12725.956210948367
2020-04-13;ATA PORTFÖY BİRİNCİ DEĞİŞKEN FON(514) : 0.26  ,  AK PORTFÖY EUROBOND (AMERİKAN DOLARI) BORÇLANMA ARAÇLARI FONU(538) : 0.51  ,  İSTANBUL PORTFÖY YABANCI (GELİŞMEKTE OLAN PİYASALAR) BORÇLANMA ARAÇLARI FONU(551) : 0.1  ,  FİBA PORTFÖY DEĞİŞKEN FON(630) : 0.14  ,  ;12823.850750403148
2020-04-14;ATA PORTFÖY BİRİNCİ DEĞİŞKEN FON(514) : 0.05568  ,  AK PORTFÖY EUROBOND (AMERİKAN DOLARI) BORÇLANMA ARAÇLARI FONU(538) : 0.52206  ,  FİBA PORTFÖY DEĞİŞKEN FON(630) : 0.05891  ,  ZİRAAT PORTFÖY İKİNCİ DEĞİŞKEN FON(1019) : 0.36334  ,  ;12939.593445737748
2020-04-15;ATA PORTFÖY BİRİNCİ DEĞİŞKEN FON(514) : 0.35612  ,  AK PORTFÖY EUROBOND (AMERİKAN DOLARI) BORÇLANMA ARAÇLARI FONU(538) : 0.64388  ,  ;12988.040606270175
2020-04-16;ATA PORTFÖY BİRİNCİ DEĞİŞKEN FON(514) : 0.25048  ,  AK PORTFÖY EUROBOND (AMERİKAN DOLARI) BORÇLANMA ARAÇLARI FONU(538) : 0.11127  ,  İSTANBUL PORTFÖY YABANCI (GELİŞMEKTE OLAN PİYASALAR) BORÇLANMA ARAÇLARI FONU(551) : 0.44708  ,  FİBA PORTFÖY DEĞİŞKEN FON(630) : 0.12653  ,  QNB FİNANS PORTFÖY BİRİNCİ SERBEST (DÖVİZ) FON(639) : 0.06465  ,  ;12959.75169537124
2020-04-17;ATA PORTFÖY BİRİNCİ DEĞİŞKEN FON(514) : 0.20679  ,  İSTANBUL PORTFÖY YABANCI (GELİŞMEKTE OLAN PİYASALAR) BORÇLANMA ARAÇLARI FONU(551) : 0.6924  ,  FİBA PORTFÖY DEĞİŞKEN FON(630) : 0.06853  ,  ZİRAAT PORTFÖY İKİNCİ DEĞİŞKEN FON(1019) : 0.03228  ,  ;13018.179984821334
