Tarih;Sepet İçeriği;Toplam Bakiye
2019-03-18;OYAK PORTFÖY BİRİNCİ BORÇLANMA ARAÇLARI FONU(856) : 0.16072  ,  ÜNLÜ PORTFÖY İKİNCİ DEĞİŞKEN FON(914) : 0.83928  ,  ;10000.000000000002
2019-03-19;ATLAS PORTFÖY BİRİNCİ ÖZEL SEKTÖR BORÇLANMA ARAÇLARI FONU(525) : 0.11  ,  ÜNLÜ PORTFÖY İKİNCİ DEĞİŞKEN FON(914) : 0.88  ,  ;10005.419948359604
2019-03-20;ATLAS PORTFÖY BİRİNCİ ÖZEL SEKTÖR BORÇLANMA ARAÇLARI FONU(525) : 0.66  ,  GLOBAL MD PORTFÖY ORTA VADELİ BORÇLANMA ARAÇLARI FONU(616) : 0.12  ,  YAPI KREDİ PORTFÖY KİRA SERTİFİKALARI KATILIM FONU(996) : 0.04  ,  ACTUS PORTFÖY BORÇLANMA ARAÇLARI FONU(508) : 0.18  ,  ;10011.359335477708
2019-03-21;MÜKAFAT PORTFÖY KİRA SERTİFİKASI KATILIM FONU(840) : 0.1471  ,  ÜNLÜ PORTFÖY İKİNCİ DEĞİŞKEN FON(914) : 0.14454  ,  TEB PORTFÖY MUTLAK GETİRİ HEDEFLİ DEĞİŞKEN FON(929) : 0.08429  ,  ACTUS PORTFÖY BORÇLANMA ARAÇLARI FONU(508) : 0.62408  ,  ;10016.142945552576
2019-03-22;ACTUS PORTFÖY BORÇLANMA ARAÇLARI FONU(508) : 1.0  ,  ;10021.800731732767
2019-03-25;AK PORTFÖY DEĞİŞKEN FON(512) : 0.28  ,  OYAK PORTFÖY BİRİNCİ BORÇLANMA ARAÇLARI FONU(856) : 0.39  ,  ÜNLÜ PORTFÖY İKİNCİ DEĞİŞKEN FON(914) : 0.32  ,  ;10035.950975880629
2019-03-26;OYAK PORTFÖY BİRİNCİ BORÇLANMA ARAÇLARI FONU(856) : 0.32638  ,  ÜNLÜ PORTFÖY İKİNCİ DEĞİŞKEN FON(914) : 0.67362  ,  ;10042.40781204734
2019-03-27;ATLAS PORTFÖY BİRİNCİ ÖZEL SEKTÖR BORÇLANMA ARAÇLARI FONU(525) : 0.43  ,  DENİZ PORTFÖY ÖZEL SEKTÖR BORÇLANMA ARAÇLARI FONU(579) : 0.21  ,  GLOBAL MD PORTFÖY ORTA VADELİ BORÇLANMA ARAÇLARI FONU(616) : 0.04  ,  FİBA PORTFÖY BORÇLANMA ARAÇLARI FONU(632) : 0.05  ,  YAPI KREDİ PORTFÖY KİRA SERTİFİKALARI KATILIM FONU(996) : 0.26  ,  ;10049.286977697842
2019-03-28;HSBC PORTFÖY ÇOKLU VARLIK BİRİNCİ DEĞİŞKEN FON(737) : 0.43694  ,  MÜKAFAT PORTFÖY KİRA SERTİFİKASI KATILIM FONU(840) : 0.03899  ,  TEB PORTFÖY MUTLAK GETİRİ HEDEFLİ DEĞİŞKEN FON(929) : 0.41867  ,  YAPI KREDİ PORTFÖY KİRA SERTİFİKALARI KATILIM FONU(996) : 0.1054  ,  ;10047.64649811623
2019-03-29;HSBC PORTFÖY ÇOKLU VARLIK BİRİNCİ DEĞİŞKEN FON(737) : 0.69381  ,  TEB PORTFÖY MUTLAK GETİRİ HEDEFLİ DEĞİŞKEN FON(929) : 0.30619  ,  ;10085.361902348484
2019-04-01;HSBC PORTFÖY ÇOKLU VARLIK BİRİNCİ DEĞİŞKEN FON(737) : 0.71  ,  MÜKAFAT PORTFÖY KİRA SERTİFİKASI KATILIM FONU(840) : 0.12  ,  ACTUS PORTFÖY BORÇLANMA ARAÇLARI FONU(508) : 0.16  ,  ;10116.124418252977
2019-04-02;ACTUS PORTFÖY BORÇLANMA ARAÇLARI FONU(508) : 1.0  ,  ;10131.03482838979
2019-04-03;ATLAS PORTFÖY BİRİNCİ ÖZEL SEKTÖR BORÇLANMA ARAÇLARI FONU(525) : 0.78  ,  ALBARAKA PORTFÖY KİRA SERTİFİKALARI KATILIM FONU(896) : 0.21  ,  ;10125.297619452294
2019-04-04;OYAK PORTFÖY BİRİNCİ BORÇLANMA ARAÇLARI FONU(856) : 1.0  ,  ;10136.23017117756
2019-04-05;OYAK PORTFÖY BİRİNCİ KATILIM SERBEST FON(872) : 0.2791  ,  ÜNLÜ PORTFÖY İKİNCİ DEĞİŞKEN FON(914) : 0.64131  ,  ACTUS PORTFÖY BORÇLANMA ARAÇLARI FONU(508) : 0.07959  ,  ;10142.842365953926
2019-04-08;AK PORTFÖY DEĞİŞKEN FON(512) : 0.04113  ,  KT PORTFÖY KİRA SERTİFİKALARI KATILIM FONU(825) : 0.05865  ,  ÜNLÜ PORTFÖY İKİNCİ DEĞİŞKEN FON(914) : 0.90022  ,  ;10158.763864836725
2019-04-09;AK PORTFÖY DEĞİŞKEN FON(512) : 0.22  ,  ÜNLÜ PORTFÖY İKİNCİ DEĞİŞKEN FON(914) : 0.77  ,  ;10165.437494096423
2019-04-10;ATLAS PORTFÖY BİRİNCİ ÖZEL SEKTÖR BORÇLANMA ARAÇLARI FONU(525) : 0.10788  ,  AK PORTFÖY ÖZEL SEKTÖR BORÇLANMA ARAÇLARI FONU(563) : 0.13851  ,  DENİZ PORTFÖY ÖZEL SEKTÖR BORÇLANMA ARAÇLARI FONU(579) : 0.50685  ,  OYAK PORTFÖY BİRİNCİ KATILIM SERBEST FON(872) : 0.12503  ,  YAPI KREDİ PORTFÖY KİRA SERTİFİKALARI KATILIM FONU(996) : 0.12173  ,  ;10171.8576367355
2019-04-11;QİNVEST PORTFÖY KİRA SERTİFİKASI KATILIM FONU(623) : 0.21  ,  HSBC PORTFÖY ÇOKLU VARLIK BİRİNCİ DEĞİŞKEN FON(737) : 0.06  ,  OYAK PORTFÖY BİRİNCİ BORÇLANMA ARAÇLARI FONU(856) : 0.5  ,  ÜNLÜ PORTFÖY İKİNCİ DEĞİŞKEN FON(914) : 0.08  ,  TEB PORTFÖY MUTLAK GETİRİ HEDEFLİ DEĞİŞKEN FON(929) : 0.05  ,  YAPI KREDİ PORTFÖY KİRA SERTİFİKALARI KATILIM FONU(996) : 0.1  ,  ;10178.280764086985
2019-04-12;HSBC PORTFÖY ÇOKLU VARLIK BİRİNCİ DEĞİŞKEN FON(737) : 0.10772  ,  OYAK PORTFÖY BİRİNCİ BORÇLANMA ARAÇLARI FONU(856) : 0.21288  ,  ÜNLÜ PORTFÖY İKİNCİ DEĞİŞKEN FON(914) : 0.60788  ,  TEB PORTFÖY MUTLAK GETİRİ HEDEFLİ DEĞİŞKEN FON(929) : 0.07153  ,  ;10185.567997688926
2019-04-15;AK PORTFÖY DEĞİŞKEN FON(512) : 0.07  ,  ÜNLÜ PORTFÖY İKİNCİ DEĞİŞKEN FON(914) : 0.9  ,  ;10203.152778020623
2019-04-16;AK PORTFÖY DEĞİŞKEN FON(512) : 0.15524  ,  OYAK PORTFÖY BİRİNCİ BORÇLANMA ARAÇLARI FONU(856) : 0.23425  ,  ÜNLÜ PORTFÖY İKİNCİ DEĞİŞKEN FON(914) : 0.61052  ,  ;10208.856879491637
2019-04-17;ATLAS PORTFÖY BİRİNCİ ÖZEL SEKTÖR BORÇLANMA ARAÇLARI FONU(525) : 0.21  ,  GLOBAL MD PORTFÖY ORTA VADELİ BORÇLANMA ARAÇLARI FONU(616) : 0.53  ,  TEB PORTFÖY MUTLAK GETİRİ HEDEFLİ DEĞİŞKEN FON(929) : 0.06  ,  YAPI KREDİ PORTFÖY KİRA SERTİFİKALARI KATILIM FONU(996) : 0.18  ,  ;10215.011036726519
2019-04-18;GLOBAL MD PORTFÖY ORTA VADELİ BORÇLANMA ARAÇLARI FONU(616) : 0.42  ,  TEB PORTFÖY MUTLAK GETİRİ HEDEFLİ DEĞİŞKEN FON(929) : 0.22  ,  YAPI KREDİ PORTFÖY KİRA SERTİFİKALARI KATILIM FONU(996) : 0.18  ,  ACTUS PORTFÖY BORÇLANMA ARAÇLARI FONU(508) : 0.17  ,  ;10217.819405450475
2019-04-19;GLOBAL MD PORTFÖY ORTA VADELİ BORÇLANMA ARAÇLARI FONU(616) : 0.11  ,  ACTUS PORTFÖY BORÇLANMA ARAÇLARI FONU(508) : 0.89  ,  ;10229.800884669563
2019-04-22;DENİZ PORTFÖY ÖZEL SEKTÖR BORÇLANMA ARAÇLARI FONU(579) : 0.12752  ,  ACTUS PORTFÖY BORÇLANMA ARAÇLARI FONU(508) : 0.87248  ,  ;10246.099488198695
2019-04-24;DENİZ PORTFÖY ÖZEL SEKTÖR BORÇLANMA ARAÇLARI FONU(579) : 1.0  ,  ;10256.23536712288
2019-04-25;ATLAS PORTFÖY BİRİNCİ ÖZEL SEKTÖR BORÇLANMA ARAÇLARI FONU(525) : 0.14221  ,  DENİZ PORTFÖY ÖZEL SEKTÖR BORÇLANMA ARAÇLARI FONU(579) : 0.85779  ,  ;10260.158859030678
2019-04-26;GLOBAL MD PORTFÖY ORTA VADELİ BORÇLANMA ARAÇLARI FONU(616) : 0.25  ,  FİBA PORTFÖY BORÇLANMA ARAÇLARI FONU(632) : 0.15  ,  MÜKAFAT PORTFÖY KİRA SERTİFİKASI KATILIM FONU(840) : 0.47  ,  YAPI KREDİ PORTFÖY KİRA SERTİFİKALARI KATILIM FONU(996) : 0.13  ,  ;10265.504569925559
2019-04-29;AK PORTFÖY DEĞİŞKEN FON(512) : 0.64413  ,  OYAK PORTFÖY BİRİNCİ BORÇLANMA ARAÇLARI FONU(856) : 0.26747  ,  ÜNLÜ PORTFÖY İKİNCİ DEĞİŞKEN FON(914) : 0.08833  ,  ;10281.043477279634
2019-04-30;AK PORTFÖY DEĞİŞKEN FON(512) : 0.62  ,  OYAK PORTFÖY BİRİNCİ BORÇLANMA ARAÇLARI FONU(856) : 0.36  ,  ;10287.330424103642
2019-05-02;AK PORTFÖY DEĞİŞKEN FON(512) : 0.26  ,  DENİZ PORTFÖY KİRA SERTİFİKALARI KATILIM FONU(597) : 0.3  ,  KT PORTFÖY KİRA SERTİFİKALARI KATILIM FONU(825) : 0.05  ,  MÜKAFAT PORTFÖY KİRA SERTİFİKASI KATILIM FONU(840) : 0.12  ,  OYAK PORTFÖY BİRİNCİ BORÇLANMA ARAÇLARI FONU(856) : 0.22  ,  OYAK PORTFÖY BİRİNCİ KATILIM SERBEST FON(872) : 0.03  ,  ;10299.258406552655
2019-05-03;AZİMUT PYŞ BİRİNCİ BORÇLANMA ARAÇLARI FONU(713) : 0.26642  ,  MÜKAFAT PORTFÖY KİRA SERTİFİKASI KATILIM FONU(840) : 0.25076  ,  OYAK PORTFÖY BİRİNCİ KATILIM SERBEST FON(872) : 0.18675  ,  ALBARAKA PORTFÖY KİRA SERTİFİKALARI KATILIM FONU(896) : 0.29607  ,  ;10305.047444258245
2019-05-06;AZİMUT PYŞ BİRİNCİ BORÇLANMA ARAÇLARI FONU(713) : 0.56  ,  OYAK PORTFÖY BİRİNCİ KATILIM SERBEST FON(872) : 0.41  ,  YAPI KREDİ PORTFÖY KİRA SERTİFİKALARI KATILIM FONU(996) : 0.03  ,  ;10316.333224264132
2019-05-07;QİNVEST PORTFÖY KİRA SERTİFİKASI KATILIM FONU(623) : 0.06252  ,  AZİMUT PYŞ BİRİNCİ BORÇLANMA ARAÇLARI FONU(713) : 0.22222  ,  MÜKAFAT PORTFÖY KİRA SERTİFİKASI KATILIM FONU(840) : 0.35244  ,  OYAK PORTFÖY BİRİNCİ BORÇLANMA ARAÇLARI FONU(856) : 0.26526  ,  TEB PORTFÖY MUTLAK GETİRİ HEDEFLİ DEĞİŞKEN FON(929) : 0.09756  ,  ;10322.819786677332
2019-05-08;FİBA PORTFÖY BORÇLANMA ARAÇLARI FONU(632) : 0.2  ,  AZİMUT PYŞ BİRİNCİ BORÇLANMA ARAÇLARI FONU(713) : 0.29  ,  HSBC PORTFÖY ÇOKLU VARLIK BİRİNCİ DEĞİŞKEN FON(737) : 0.09  ,  MÜKAFAT PORTFÖY KİRA SERTİFİKASI KATILIM FONU(840) : 0.16  ,  TEB PORTFÖY MUTLAK GETİRİ HEDEFLİ DEĞİŞKEN FON(929) : 0.06  ,  YAPI KREDİ PORTFÖY KİRA SERTİFİKALARI KATILIM FONU(996) : 0.19  ,  ;10330.496986828293
2019-05-09;OYAK PORTFÖY BİRİNCİ BORÇLANMA ARAÇLARI FONU(856) : 0.2155  ,  ÜNLÜ PORTFÖY İKİNCİ DEĞİŞKEN FON(914) : 0.7845  ,  ;10336.327930972706
2019-05-10;AZİMUT PYŞ BİRİNCİ BORÇLANMA ARAÇLARI FONU(713) : 0.03962  ,  OYAK PORTFÖY BİRİNCİ BORÇLANMA ARAÇLARI FONU(856) : 0.2301  ,  YAPI KREDİ PORTFÖY KİRA SERTİFİKALARI KATILIM FONU(996) : 0.55902  ,  ACTUS PORTFÖY BORÇLANMA ARAÇLARI FONU(508) : 0.17126  ,  ;10342.633320776287
2019-05-13;QİNVEST PORTFÖY KİRA SERTİFİKASI KATILIM FONU(623) : 0.28  ,  OYAK PORTFÖY BİRİNCİ BORÇLANMA ARAÇLARI FONU(856) : 0.04  ,  YAPI KREDİ PORTFÖY KİRA SERTİFİKALARI KATILIM FONU(996) : 0.18  ,  ACTUS PORTFÖY BORÇLANMA ARAÇLARI FONU(508) : 0.47  ,  ;10348.144597343637
2019-05-14;ATLAS PORTFÖY BİRİNCİ ÖZEL SEKTÖR BORÇLANMA ARAÇLARI FONU(525) : 0.74541  ,  AZİMUT PYŞ BİRİNCİ BORÇLANMA ARAÇLARI FONU(713) : 0.11456  ,  ALBARAKA PORTFÖY KİRA SERTİFİKALARI KATILIM FONU(896) : 0.06279  ,  YAPI KREDİ PORTFÖY KİRA SERTİFİKALARI KATILIM FONU(996) : 0.07724  ,  ;10349.579713996369
2019-05-15;ATLAS PORTFÖY BİRİNCİ ÖZEL SEKTÖR BORÇLANMA ARAÇLARI FONU(525) : 0.80069  ,  DENİZ PORTFÖY ÖZEL SEKTÖR BORÇLANMA ARAÇLARI FONU(579) : 0.09267  ,  ALBARAKA PORTFÖY KİRA SERTİFİKALARI KATILIM FONU(896) : 0.10664  ,  ;10357.774206719576
2019-05-16;ATLAS PORTFÖY BİRİNCİ ÖZEL SEKTÖR BORÇLANMA ARAÇLARI FONU(525) : 0.61682  ,  DENİZ PORTFÖY ÖZEL SEKTÖR BORÇLANMA ARAÇLARI FONU(579) : 0.0894  ,  ALBARAKA PORTFÖY KİRA SERTİFİKALARI KATILIM FONU(896) : 0.29378  ,  ;10364.457817163278
2019-05-17;AK PORTFÖY DEĞİŞKEN FON(512) : 0.50738  ,  OYAK PORTFÖY BİRİNCİ BORÇLANMA ARAÇLARI FONU(856) : 0.04884  ,  ÜNLÜ PORTFÖY İKİNCİ DEĞİŞKEN FON(914) : 0.44369  ,  ;10370.35328072977
2019-05-20;AK PORTFÖY DEĞİŞKEN FON(512) : 0.12  ,  DENİZ PORTFÖY PARA PİYASASI FONU(588) : 0.39  ,  GLOBAL MD PORTFÖY ORTA VADELİ BORÇLANMA ARAÇLARI FONU(616) : 0.25  ,  FİBA PORTFÖY BORÇLANMA ARAÇLARI FONU(632) : 0.05  ,  OYAK PORTFÖY BİRİNCİ BORÇLANMA ARAÇLARI FONU(856) : 0.19  ,  ;10392.834586169516
2019-05-21;AK PORTFÖY DEĞİŞKEN FON(512) : 0.15  ,  FİBA PORTFÖY BORÇLANMA ARAÇLARI FONU(632) : 0.13  ,  OYAK PORTFÖY BİRİNCİ BORÇLANMA ARAÇLARI FONU(856) : 0.72  ,  ;10399.568731047335
2019-05-22;AK PORTFÖY DEĞİŞKEN FON(512) : 0.08799  ,  GLOBAL MD PORTFÖY ORTA VADELİ BORÇLANMA ARAÇLARI FONU(616) : 0.10879  ,  FİBA PORTFÖY BORÇLANMA ARAÇLARI FONU(632) : 0.17059  ,  OYAK PORTFÖY BİRİNCİ BORÇLANMA ARAÇLARI FONU(856) : 0.63264  ,  ;10406.609484833092
2019-05-23;GLOBAL MD PORTFÖY ORTA VADELİ BORÇLANMA ARAÇLARI FONU(616) : 0.07183  ,  OYAK PORTFÖY BİRİNCİ BORÇLANMA ARAÇLARI FONU(856) : 0.38553  ,  OYAK PORTFÖY BİRİNCİ KATILIM SERBEST FON(872) : 0.19668  ,  ÜNLÜ PORTFÖY İKİNCİ DEĞİŞKEN FON(914) : 0.14501  ,  ACTUS PORTFÖY BORÇLANMA ARAÇLARI FONU(508) : 0.20095  ,  ;10413.033854178051
2019-05-24;OYAK PORTFÖY BİRİNCİ BORÇLANMA ARAÇLARI FONU(856) : 0.36313  ,  OYAK PORTFÖY BİRİNCİ KATILIM SERBEST FON(872) : 0.28485  ,  ÜNLÜ PORTFÖY İKİNCİ DEĞİŞKEN FON(914) : 0.2923  ,  ACTUS PORTFÖY BORÇLANMA ARAÇLARI FONU(508) : 0.05972  ,  ;10419.915407471533
2019-05-27;OYAK PORTFÖY BİRİNCİ BORÇLANMA ARAÇLARI FONU(856) : 0.63  ,  ÜNLÜ PORTFÖY İKİNCİ DEĞİŞKEN FON(914) : 0.35  ,  ;10437.944744097438
2019-05-28;AK PORTFÖY DEĞİŞKEN FON(512) : 0.32  ,  OYAK PORTFÖY BİRİNCİ BORÇLANMA ARAÇLARI FONU(856) : 0.29  ,  ÜNLÜ PORTFÖY İKİNCİ DEĞİŞKEN FON(914) : 0.38  ,  ;10444.484317732997
2019-05-29;DENİZ PORTFÖY ÖZEL SEKTÖR BORÇLANMA ARAÇLARI FONU(579) : 0.44  ,  GLOBAL MD PORTFÖY ORTA VADELİ BORÇLANMA ARAÇLARI FONU(616) : 0.25  ,  ACTUS PORTFÖY BORÇLANMA ARAÇLARI FONU(508) : 0.29  ,  ;10450.820722293265
2019-05-30;GLOBAL MD PORTFÖY ORTA VADELİ BORÇLANMA ARAÇLARI FONU(616) : 0.07256  ,  FİBA PORTFÖY BORÇLANMA ARAÇLARI FONU(632) : 0.22766  ,  OYAK PORTFÖY BİRİNCİ BORÇLANMA ARAÇLARI FONU(856) : 0.52313  ,  ACTUS PORTFÖY BORÇLANMA ARAÇLARI FONU(508) : 0.17665  ,  ;10456.02787015819
2019-05-31;GLOBAL MD PORTFÖY ORTA VADELİ BORÇLANMA ARAÇLARI FONU(616) : 0.08989  ,  OYAK PORTFÖY BİRİNCİ BORÇLANMA ARAÇLARI FONU(856) : 0.57214  ,  ACTUS PORTFÖY BORÇLANMA ARAÇLARI FONU(508) : 0.33796  ,  ;10463.236724061291
2019-06-03;GLOBAL MD PORTFÖY ORTA VADELİ BORÇLANMA ARAÇLARI FONU(616) : 0.03782  ,  OYAK PORTFÖY BİRİNCİ BORÇLANMA ARAÇLARI FONU(856) : 0.78487  ,  YAPI KREDİ PORTFÖY KİRA SERTİFİKALARI KATILIM FONU(996) : 0.1773  ,  ;10481.066147018742
2019-06-07;GLOBAL MD PORTFÖY ORTA VADELİ BORÇLANMA ARAÇLARI FONU(616) : 0.11857  ,  OYAK PORTFÖY BİRİNCİ BORÇLANMA ARAÇLARI FONU(856) : 0.74033  ,  YAPI KREDİ PORTFÖY KİRA SERTİFİKALARI KATILIM FONU(996) : 0.1411  ,  ;10507.4751637331
2019-06-10;ATLAS PORTFÖY BİRİNCİ ÖZEL SEKTÖR BORÇLANMA ARAÇLARI FONU(525) : 0.19496  ,  DENİZ PORTFÖY ÖZEL SEKTÖR BORÇLANMA ARAÇLARI FONU(579) : 0.41425  ,  YAPI KREDİ PORTFÖY KİRA SERTİFİKALARI KATILIM FONU(996) : 0.27836  ,  ACTUS PORTFÖY BORÇLANMA ARAÇLARI FONU(508) : 0.11243  ,  ;10528.078025983401
2019-06-11;ATLAS PORTFÖY BİRİNCİ ÖZEL SEKTÖR BORÇLANMA ARAÇLARI FONU(525) : 0.2671  ,  DENİZ PORTFÖY ÖZEL SEKTÖR BORÇLANMA ARAÇLARI FONU(579) : 0.36668  ,  YAPI KREDİ PORTFÖY KİRA SERTİFİKALARI KATILIM FONU(996) : 0.1732  ,  ACTUS PORTFÖY BORÇLANMA ARAÇLARI FONU(508) : 0.19302  ,  ;10533.97230491763
2019-06-12;ATLAS PORTFÖY BİRİNCİ ÖZEL SEKTÖR BORÇLANMA ARAÇLARI FONU(525) : 0.50984  ,  GLOBAL MD PORTFÖY ORTA VADELİ BORÇLANMA ARAÇLARI FONU(616) : 0.13754  ,  YAPI KREDİ PORTFÖY KİRA SERTİFİKALARI KATILIM FONU(996) : 0.2222  ,  ACTUS PORTFÖY BORÇLANMA ARAÇLARI FONU(508) : 0.13041  ,  ;10539.09767344968
2019-06-13;OYAK PORTFÖY BİRİNCİ BORÇLANMA ARAÇLARI FONU(856) : 0.58637  ,  ÜNLÜ PORTFÖY İKİNCİ DEĞİŞKEN FON(914) : 0.30011  ,  ACTUS PORTFÖY BORÇLANMA ARAÇLARI FONU(508) : 0.11352  ,  ;10546.404706043719
2019-06-14;OYAK PORTFÖY BİRİNCİ BORÇLANMA ARAÇLARI FONU(856) : 0.1772  ,  ÜNLÜ PORTFÖY İKİNCİ DEĞİŞKEN FON(914) : 0.8228  ,  ;10551.437765631275
2019-06-17;ATLAS PORTFÖY BİRİNCİ ÖZEL SEKTÖR BORÇLANMA ARAÇLARI FONU(525) : 0.18  ,  FİBA PORTFÖY BORÇLANMA ARAÇLARI FONU(632) : 0.16  ,  OYAK PORTFÖY BİRİNCİ BORÇLANMA ARAÇLARI FONU(856) : 0.18  ,  ALBARAKA PORTFÖY KİRA SERTİFİKALARI KATILIM FONU(896) : 0.06  ,  YAPI KREDİ PORTFÖY KİRA SERTİFİKALARI KATILIM FONU(996) : 0.23  ,  ACTUS PORTFÖY BORÇLANMA ARAÇLARI FONU(508) : 0.16  ,  ;10570.99037923213
2019-06-18;ATLAS PORTFÖY BİRİNCİ ÖZEL SEKTÖR BORÇLANMA ARAÇLARI FONU(525) : 0.24  ,  FİBA PORTFÖY BORÇLANMA ARAÇLARI FONU(632) : 0.08  ,  ALBARAKA PORTFÖY KİRA SERTİFİKALARI KATILIM FONU(896) : 0.41  ,  YAPI KREDİ PORTFÖY KİRA SERTİFİKALARI KATILIM FONU(996) : 0.1  ,  ACTUS PORTFÖY BORÇLANMA ARAÇLARI FONU(508) : 0.17  ,  ;10575.975299392552
2019-06-19;ATLAS PORTFÖY BİRİNCİ ÖZEL SEKTÖR BORÇLANMA ARAÇLARI FONU(525) : 0.28014  ,  DENİZ PORTFÖY ÖZEL SEKTÖR BORÇLANMA ARAÇLARI FONU(579) : 0.09121  ,  GLOBAL MD PORTFÖY ORTA VADELİ BORÇLANMA ARAÇLARI FONU(616) : 0.14536  ,  OYAK PORTFÖY BİRİNCİ KATILIM SERBEST FON(872) : 0.04552  ,  ALBARAKA PORTFÖY KİRA SERTİFİKALARI KATILIM FONU(896) : 0.15104  ,  YAPI KREDİ PORTFÖY KİRA SERTİFİKALARI KATILIM FONU(996) : 0.2157  ,  ACTUS PORTFÖY BORÇLANMA ARAÇLARI FONU(508) : 0.07103  ,  ;10584.983611039606
2019-06-20;QİNVEST PORTFÖY KİRA SERTİFİKASI KATILIM FONU(623) : 0.57574  ,  OYAK PORTFÖY BİRİNCİ BORÇLANMA ARAÇLARI FONU(856) : 0.42426  ,  ;10590.238622942881
2019-06-21;OYAK PORTFÖY BİRİNCİ BORÇLANMA ARAÇLARI FONU(856) : 0.56  ,  ÜNLÜ PORTFÖY İKİNCİ DEĞİŞKEN FON(914) : 0.43  ,  ;10596.748815918761
2019-06-24;ATLAS PORTFÖY BİRİNCİ ÖZEL SEKTÖR BORÇLANMA ARAÇLARI FONU(525) : 0.10922  ,  GLOBAL MD PORTFÖY ORTA VADELİ BORÇLANMA ARAÇLARI FONU(616) : 0.17203  ,  OYAK PORTFÖY BİRİNCİ KATILIM SERBEST FON(872) : 0.11767  ,  YAPI KREDİ PORTFÖY KİRA SERTİFİKALARI KATILIM FONU(996) : 0.35751  ,  ACTUS PORTFÖY BORÇLANMA ARAÇLARI FONU(508) : 0.24357  ,  ;10615.769690170197
2019-06-25;GLOBAL MD PORTFÖY ORTA VADELİ BORÇLANMA ARAÇLARI FONU(616) : 0.03  ,  OYAK PORTFÖY BİRİNCİ KATILIM SERBEST FON(872) : 0.31  ,  YAPI KREDİ PORTFÖY KİRA SERTİFİKALARI KATILIM FONU(996) : 0.36  ,  ACTUS PORTFÖY BORÇLANMA ARAÇLARI FONU(508) : 0.28  ,  ;10624.596545631366
2019-06-26;ATLAS PORTFÖY BİRİNCİ ÖZEL SEKTÖR BORÇLANMA ARAÇLARI FONU(525) : 0.11089  ,  OYAK PORTFÖY BİRİNCİ KATILIM SERBEST FON(872) : 0.39189  ,  YAPI KREDİ PORTFÖY KİRA SERTİFİKALARI KATILIM FONU(996) : 0.36069  ,  ACTUS PORTFÖY BORÇLANMA ARAÇLARI FONU(508) : 0.13653  ,  ;10629.254201152316
2019-06-27;AZİMUT PYŞ KISA VADELİ BORÇLANMA ARAÇLARI FONU(670) : 0.06649  ,  OYAK PORTFÖY BİRİNCİ BORÇLANMA ARAÇLARI FONU(856) : 0.68016  ,  ÜNLÜ PORTFÖY İKİNCİ DEĞİŞKEN FON(914) : 0.25335  ,  ;10637.966436723425
2019-06-28;AK PORTFÖY DEĞİŞKEN FON(512) : 0.72669  ,  ÜNLÜ PORTFÖY İKİNCİ DEĞİŞKEN FON(914) : 0.27331  ,  ;10644.198310259939
2019-07-01;AK PORTFÖY DEĞİŞKEN FON(512) : 0.87415  ,  ÜNLÜ PORTFÖY İKİNCİ DEĞİŞKEN FON(914) : 0.12594  ,  ;10661.830802168295
2019-07-02;DENİZ PORTFÖY PARA PİYASASI FONU(588) : 0.30693  ,  AZİMUT PYŞ KISA VADELİ BORÇLANMA ARAÇLARI FONU(670) : 0.33488  ,  OYAK PORTFÖY BİRİNCİ BORÇLANMA ARAÇLARI FONU(856) : 0.29966  ,  ÜNLÜ PORTFÖY İKİNCİ DEĞİŞKEN FON(914) : 0.05857  ,  ;10667.990233145545
2019-07-03;ATLAS PORTFÖY BİRİNCİ ÖZEL SEKTÖR BORÇLANMA ARAÇLARI FONU(525) : 0.32899  ,  DENİZ PORTFÖY ÖZEL SEKTÖR BORÇLANMA ARAÇLARI FONU(579) : 0.30352  ,  OYAK PORTFÖY BİRİNCİ KATILIM SERBEST FON(872) : 0.13379  ,  YAPI KREDİ PORTFÖY KİRA SERTİFİKALARI KATILIM FONU(996) : 0.23371  ,  ;10674.175773762225
2019-07-04;ATLAS PORTFÖY BİRİNCİ ÖZEL SEKTÖR BORÇLANMA ARAÇLARI FONU(525) : 0.09797  ,  GLOBAL MD PORTFÖY ORTA VADELİ BORÇLANMA ARAÇLARI FONU(616) : 0.12587  ,  FİBA PORTFÖY BORÇLANMA ARAÇLARI FONU(632) : 0.11489  ,  OYAK PORTFÖY BİRİNCİ KATILIM SERBEST FON(872) : 0.07463  ,  ALBARAKA PORTFÖY KİRA SERTİFİKALARI KATILIM FONU(896) : 0.09493  ,  YAPI KREDİ PORTFÖY KİRA SERTİFİKALARI KATILIM FONU(996) : 0.38747  ,  ACTUS PORTFÖY BORÇLANMA ARAÇLARI FONU(508) : 0.10424  ,  ;10681.938184653827
2019-07-05;QİNVEST PORTFÖY KİRA SERTİFİKASI KATILIM FONU(623) : 0.06  ,  FİBA PORTFÖY BORÇLANMA ARAÇLARI FONU(632) : 0.14  ,  OYAK PORTFÖY BİRİNCİ BORÇLANMA ARAÇLARI FONU(856) : 0.6  ,  YAPI KREDİ PORTFÖY KİRA SERTİFİKALARI KATILIM FONU(996) : 0.2  ,  ;10688.949450384263
2019-07-08;QİNVEST PORTFÖY KİRA SERTİFİKASI KATILIM FONU(623) : 0.15058  ,  AZİMUT PYŞ KISA VADELİ BORÇLANMA ARAÇLARI FONU(670) : 0.0695  ,  OYAK PORTFÖY BİRİNCİ BORÇLANMA ARAÇLARI FONU(856) : 0.63766  ,  YAPI KREDİ PORTFÖY KİRA SERTİFİKALARI KATILIM FONU(996) : 0.14226  ,  ;10708.096592742313
2019-07-09;QİNVEST PORTFÖY KİRA SERTİFİKASI KATILIM FONU(623) : 0.19933  ,  AZİMUT PYŞ KISA VADELİ BORÇLANMA ARAÇLARI FONU(670) : 0.20429  ,  OYAK PORTFÖY BİRİNCİ BORÇLANMA ARAÇLARI FONU(856) : 0.59639  ,  ;10714.02715390394
2019-07-10;ATLAS PORTFÖY BİRİNCİ ÖZEL SEKTÖR BORÇLANMA ARAÇLARI FONU(525) : 0.45  ,  DENİZ PORTFÖY ÖZEL SEKTÖR BORÇLANMA ARAÇLARI FONU(579) : 0.25  ,  YAPI KREDİ PORTFÖY KİRA SERTİFİKALARI KATILIM FONU(996) : 0.3  ,  ;10720.310982842875
2019-07-11;ATLAS PORTFÖY BİRİNCİ ÖZEL SEKTÖR BORÇLANMA ARAÇLARI FONU(525) : 0.15964  ,  QİNVEST PORTFÖY KİRA SERTİFİKASI KATILIM FONU(623) : 0.08263  ,  AZİMUT PYŞ BİRİNCİ BORÇLANMA ARAÇLARI FONU(713) : 0.07696  ,  OYAK PORTFÖY BİRİNCİ BORÇLANMA ARAÇLARI FONU(856) : 0.40919  ,  ALBARAKA PORTFÖY KİRA SERTİFİKALARI KATILIM FONU(896) : 0.20977  ,  YAPI KREDİ PORTFÖY KİRA SERTİFİKALARI KATILIM FONU(996) : 0.06182  ,  ;10725.644071002162
2019-07-12;ATLAS PORTFÖY BİRİNCİ ÖZEL SEKTÖR BORÇLANMA ARAÇLARI FONU(525) : 0.03  ,  QİNVEST PORTFÖY KİRA SERTİFİKASI KATILIM FONU(623) : 0.04  ,  OYAK PORTFÖY BİRİNCİ BORÇLANMA ARAÇLARI FONU(856) : 0.79  ,  ALBARAKA PORTFÖY KİRA SERTİFİKALARI KATILIM FONU(896) : 0.11  ,  ;10732.279856698779
2019-07-16;DENİZ PORTFÖY PARA PİYASASI FONU(588) : 0.56128  ,  AZİMUT PYŞ KISA VADELİ BORÇLANMA ARAÇLARI FONU(670) : 0.08431  ,  OYAK PORTFÖY BİRİNCİ BORÇLANMA ARAÇLARI FONU(856) : 0.35441  ,  ;10757.253972615656
2019-07-17;AZİMUT PYŞ KISA VADELİ BORÇLANMA ARAÇLARI FONU(670) : 0.45573  ,  OYAK PORTFÖY BİRİNCİ BORÇLANMA ARAÇLARI FONU(856) : 0.54427  ,  ;10763.288186194293
2019-07-18;ATLAS PORTFÖY BİRİNCİ ÖZEL SEKTÖR BORÇLANMA ARAÇLARI FONU(525) : 0.30247  ,  DENİZ PORTFÖY ÖZEL SEKTÖR BORÇLANMA ARAÇLARI FONU(579) : 0.24783  ,  OYAK PORTFÖY BİRİNCİ KATILIM SERBEST FON(872) : 0.13877  ,  YAPI KREDİ PORTFÖY KİRA SERTİFİKALARI KATILIM FONU(996) : 0.27762  ,  ACTUS PORTFÖY BORÇLANMA ARAÇLARI FONU(508) : 0.03331  ,  ;10771.024875181833
2019-07-19;ATLAS PORTFÖY BİRİNCİ ÖZEL SEKTÖR BORÇLANMA ARAÇLARI FONU(525) : 0.17  ,  GLOBAL MD PORTFÖY ORTA VADELİ BORÇLANMA ARAÇLARI FONU(616) : 0.11  ,  QİNVEST PORTFÖY KİRA SERTİFİKASI KATILIM FONU(623) : 0.06  ,  FİBA PORTFÖY BORÇLANMA ARAÇLARI FONU(632) : 0.04  ,  MÜKAFAT PORTFÖY KİRA SERTİFİKASI KATILIM FONU(840) : 0.07  ,  OYAK PORTFÖY BİRİNCİ KATILIM SERBEST FON(872) : 0.05  ,  ALBARAKA PORTFÖY KİRA SERTİFİKALARI KATILIM FONU(896) : 0.42  ,  YAPI KREDİ PORTFÖY KİRA SERTİFİKALARI KATILIM FONU(996) : 0.03  ,  ;10778.201971750515
2019-07-22;ATLAS PORTFÖY BİRİNCİ ÖZEL SEKTÖR BORÇLANMA ARAÇLARI FONU(525) : 0.14  ,  GLOBAL MD PORTFÖY ORTA VADELİ BORÇLANMA ARAÇLARI FONU(616) : 0.15  ,  FİBA PORTFÖY BORÇLANMA ARAÇLARI FONU(632) : 0.04  ,  AZİMUT PYŞ BİRİNCİ BORÇLANMA ARAÇLARI FONU(713) : 0.06  ,  ALBARAKA PORTFÖY KİRA SERTİFİKALARI KATILIM FONU(896) : 0.5  ,  YAPI KREDİ PORTFÖY KİRA SERTİFİKALARI KATILIM FONU(996) : 0.1  ,  ;10796.623979583675
2019-07-23;ATLAS PORTFÖY BİRİNCİ ÖZEL SEKTÖR BORÇLANMA ARAÇLARI FONU(525) : 0.08265  ,  GLOBAL MD PORTFÖY ORTA VADELİ BORÇLANMA ARAÇLARI FONU(616) : 0.05591  ,  QİNVEST PORTFÖY KİRA SERTİFİKASI KATILIM FONU(623) : 0.03528  ,  AZİMUT PYŞ BİRİNCİ BORÇLANMA ARAÇLARI FONU(713) : 0.07422  ,  YAPI KREDİ PORTFÖY KİRA SERTİFİKALARI KATILIM FONU(996) : 0.24425  ,  ACTUS PORTFÖY BORÇLANMA ARAÇLARI FONU(508) : 0.50769  ,  ;10806.69606734414
2019-07-24;ATLAS PORTFÖY BİRİNCİ ÖZEL SEKTÖR BORÇLANMA ARAÇLARI FONU(525) : 0.0473  ,  FİBA PORTFÖY BORÇLANMA ARAÇLARI FONU(632) : 0.33094  ,  FİBA PORTFÖY KISA VADELİ BORÇLANMA ARAÇLARI FONU(638) : 0.07407  ,  YAPI KREDİ PORTFÖY KİRA SERTİFİKALARI KATILIM FONU(996) : 0.54769  ,  ;10813.899754406779
2019-07-25;ATLAS PORTFÖY BİRİNCİ ÖZEL SEKTÖR BORÇLANMA ARAÇLARI FONU(525) : 0.18422  ,  FİBA PORTFÖY BORÇLANMA ARAÇLARI FONU(632) : 0.11581  ,  OYAK PORTFÖY BİRİNCİ KATILIM SERBEST FON(872) : 0.0536  ,  ALBARAKA PORTFÖY KİRA SERTİFİKALARI KATILIM FONU(896) : 0.07611  ,  YAPI KREDİ PORTFÖY KİRA SERTİFİKALARI KATILIM FONU(996) : 0.57026  ,  ;10822.28525511309
2019-07-26;ATLAS PORTFÖY BİRİNCİ ÖZEL SEKTÖR BORÇLANMA ARAÇLARI FONU(525) : 0.16  ,  GLOBAL MD PORTFÖY ORTA VADELİ BORÇLANMA ARAÇLARI FONU(616) : 0.04  ,  FİBA PORTFÖY BORÇLANMA ARAÇLARI FONU(632) : 0.08  ,  OYAK PORTFÖY BİRİNCİ KATILIM SERBEST FON(872) : 0.15  ,  ALBARAKA PORTFÖY KİRA SERTİFİKALARI KATILIM FONU(896) : 0.31  ,  YAPI KREDİ PORTFÖY KİRA SERTİFİKALARI KATILIM FONU(996) : 0.25  ,  ;10827.831085917758
2019-07-29;ATLAS PORTFÖY BİRİNCİ ÖZEL SEKTÖR BORÇLANMA ARAÇLARI FONU(525) : 0.13  ,  QİNVEST PORTFÖY KİRA SERTİFİKASI KATILIM FONU(623) : 0.14  ,  FİBA PORTFÖY BORÇLANMA ARAÇLARI FONU(632) : 0.12  ,  OYAK PORTFÖY BİRİNCİ BORÇLANMA ARAÇLARI FONU(856) : 0.07  ,  ALBARAKA PORTFÖY KİRA SERTİFİKALARI KATILIM FONU(896) : 0.2  ,  YAPI KREDİ PORTFÖY KİRA SERTİFİKALARI KATILIM FONU(996) : 0.3  ,  ACTUS PORTFÖY BORÇLANMA ARAÇLARI FONU(508) : 0.03  ,  ;10850.904301402115
2019-07-30;ATLAS PORTFÖY BİRİNCİ ÖZEL SEKTÖR BORÇLANMA ARAÇLARI FONU(525) : 0.04  ,  QİNVEST PORTFÖY KİRA SERTİFİKASI KATILIM FONU(623) : 0.11  ,  OYAK PORTFÖY BİRİNCİ BORÇLANMA ARAÇLARI FONU(856) : 0.13  ,  ALBARAKA PORTFÖY KİRA SERTİFİKALARI KATILIM FONU(896) : 0.22  ,  YAPI KREDİ PORTFÖY KİRA SERTİFİKALARI KATILIM FONU(996) : 0.39  ,  ACTUS PORTFÖY BORÇLANMA ARAÇLARI FONU(508) : 0.1  ,  ;10862.917575473388
2019-07-31;ALBARAKA PORTFÖY KİRA SERTİFİKALARI KATILIM FONU(896) : 0.20637  ,  YAPI KREDİ PORTFÖY KİRA SERTİFİKALARI KATILIM FONU(996) : 0.52117  ,  ACTUS PORTFÖY BORÇLANMA ARAÇLARI FONU(508) : 0.27246  ,  ;10874.065020086637
2019-08-01;ATLAS PORTFÖY BİRİNCİ ÖZEL SEKTÖR BORÇLANMA ARAÇLARI FONU(525) : 0.07  ,  ALBARAKA PORTFÖY KİRA SERTİFİKALARI KATILIM FONU(896) : 0.39  ,  YAPI KREDİ PORTFÖY KİRA SERTİFİKALARI KATILIM FONU(996) : 0.35  ,  ACTUS PORTFÖY BORÇLANMA ARAÇLARI FONU(508) : 0.18  ,  ;10883.0250199365
2019-08-02;ATLAS PORTFÖY BİRİNCİ ÖZEL SEKTÖR BORÇLANMA ARAÇLARI FONU(525) : 0.13499  ,  GLOBAL MD PORTFÖY ORTA VADELİ BORÇLANMA ARAÇLARI FONU(616) : 0.10636  ,  QİNVEST PORTFÖY KİRA SERTİFİKASI KATILIM FONU(623) : 0.04819  ,  ALBARAKA PORTFÖY KİRA SERTİFİKALARI KATILIM FONU(896) : 0.10461  ,  YAPI KREDİ PORTFÖY KİRA SERTİFİKALARI KATILIM FONU(996) : 0.36445  ,  ACTUS PORTFÖY BORÇLANMA ARAÇLARI FONU(508) : 0.2414  ,  ;10890.341852782944
2019-08-05;ATLAS PORTFÖY BİRİNCİ ÖZEL SEKTÖR BORÇLANMA ARAÇLARI FONU(525) : 0.22  ,  QİNVEST PORTFÖY KİRA SERTİFİKASI KATILIM FONU(623) : 0.06  ,  FİBA PORTFÖY BORÇLANMA ARAÇLARI FONU(632) : 0.16  ,  ALBARAKA PORTFÖY KİRA SERTİFİKALARI KATILIM FONU(896) : 0.12  ,  YAPI KREDİ PORTFÖY KİRA SERTİFİKALARI KATILIM FONU(996) : 0.27  ,  ACTUS PORTFÖY BORÇLANMA ARAÇLARI FONU(508) : 0.17  ,  ;10911.082894181036
2019-08-06;ATLAS PORTFÖY BİRİNCİ ÖZEL SEKTÖR BORÇLANMA ARAÇLARI FONU(525) : 0.06459  ,  FİBA PORTFÖY BORÇLANMA ARAÇLARI FONU(632) : 0.07263  ,  OYAK PORTFÖY BİRİNCİ BORÇLANMA ARAÇLARI FONU(856) : 0.74641  ,  YAPI KREDİ PORTFÖY KİRA SERTİFİKALARI KATILIM FONU(996) : 0.11637  ,  ;10917.834221697234
2019-08-07;DENİZ PORTFÖY PARA PİYASASI FONU(588) : 0.35628  ,  OYAK PORTFÖY BİRİNCİ BORÇLANMA ARAÇLARI FONU(856) : 0.64372  ,  ;10926.091789324719
2019-08-08;GEDİK PORTFÖY BORÇLANMA ARAÇLARI FONU(716) : 0.72  ,  TEB PORTFÖY MUTLAK GETİRİ HEDEFLİ DEĞİŞKEN FON(929) : 0.03  ,  YAPI KREDİ PORTFÖY KİRA SERTİFİKALARI KATILIM FONU(996) : 0.24  ,  ;10932.087528028891
2019-08-09;GEDİK PORTFÖY BORÇLANMA ARAÇLARI FONU(716) : 0.1  ,  OYAK PORTFÖY BİRİNCİ BORÇLANMA ARAÇLARI FONU(856) : 0.64  ,  OSMANLI PORTFÖY KISA VADELİ BORÇLANMA ARAÇLARI FONU(869) : 0.21  ,  YAPI KREDİ PORTFÖY KİRA SERTİFİKALARI KATILIM FONU(996) : 0.04  ,  ;10945.449392927016
2019-08-15;AZİMUT PYŞ KISA VADELİ BORÇLANMA ARAÇLARI FONU(670) : 0.15  ,  OYAK PORTFÖY BİRİNCİ BORÇLANMA ARAÇLARI FONU(856) : 0.55  ,  OSMANLI PORTFÖY KISA VADELİ BORÇLANMA ARAÇLARI FONU(869) : 0.29  ,  ;10977.08824312054
2019-08-16;ATLAS PORTFÖY BİRİNCİ ÖZEL SEKTÖR BORÇLANMA ARAÇLARI FONU(525) : 0.12  ,  QİNVEST PORTFÖY KİRA SERTİFİKASI KATILIM FONU(623) : 0.08  ,  OYAK PORTFÖY BİRİNCİ BORÇLANMA ARAÇLARI FONU(856) : 0.66  ,  ALBARAKA PORTFÖY KİRA SERTİFİKALARI KATILIM FONU(896) : 0.12  ,  ;10981.217703706496
2019-08-19;ATLAS PORTFÖY BİRİNCİ ÖZEL SEKTÖR BORÇLANMA ARAÇLARI FONU(525) : 0.26972  ,  OYAK PORTFÖY BİRİNCİ KATILIM SERBEST FON(872) : 0.38807  ,  YAPI KREDİ PORTFÖY KİRA SERTİFİKALARI KATILIM FONU(996) : 0.34221  ,  ;10999.476224168942
2019-08-20;ATLAS PORTFÖY BİRİNCİ ÖZEL SEKTÖR BORÇLANMA ARAÇLARI FONU(525) : 0.05  ,  OYAK PORTFÖY BİRİNCİ KATILIM SERBEST FON(872) : 0.31  ,  ALBARAKA PORTFÖY KİRA SERTİFİKALARI KATILIM FONU(896) : 0.14  ,  YAPI KREDİ PORTFÖY KİRA SERTİFİKALARI KATILIM FONU(996) : 0.51  ,  ;11004.666386473464
2019-08-21;ATLAS PORTFÖY BİRİNCİ ÖZEL SEKTÖR BORÇLANMA ARAÇLARI FONU(525) : 0.11078  ,  OYAK PORTFÖY BİRİNCİ KATILIM SERBEST FON(872) : 0.38776  ,  ALBARAKA PORTFÖY KİRA SERTİFİKALARI KATILIM FONU(896) : 0.11279  ,  YAPI KREDİ PORTFÖY KİRA SERTİFİKALARI KATILIM FONU(996) : 0.38867  ,  ;11008.951465231015
2019-08-22;DENİZ PORTFÖY PARA PİYASASI FONU(588) : 0.22  ,  QİNVEST PORTFÖY KİRA SERTİFİKASI KATILIM FONU(623) : 0.07  ,  OYAK PORTFÖY BİRİNCİ BORÇLANMA ARAÇLARI FONU(856) : 0.68  ,  OYAK PORTFÖY BİRİNCİ KATILIM SERBEST FON(872) : 0.03  ,  ;11016.88838687672
2019-08-23;DENİZ PORTFÖY PARA PİYASASI FONU(588) : 0.38205  ,  OYAK PORTFÖY BİRİNCİ BORÇLANMA ARAÇLARI FONU(856) : 0.45459  ,  ALBARAKA PORTFÖY KİRA SERTİFİKALARI KATILIM FONU(896) : 0.16337  ,  ;11022.510852747768
2019-08-26;ATLAS PORTFÖY BİRİNCİ ÖZEL SEKTÖR BORÇLANMA ARAÇLARI FONU(525) : 0.09  ,  QİNVEST PORTFÖY KİRA SERTİFİKASI KATILIM FONU(623) : 0.11  ,  FİBA PORTFÖY BORÇLANMA ARAÇLARI FONU(632) : 0.36  ,  KT PORTFÖY KİRA SERTİFİKALARI KATILIM FONU(825) : 0.21  ,  OYAK PORTFÖY BİRİNCİ KATILIM SERBEST FON(872) : 0.09  ,  TEB PORTFÖY MUTLAK GETİRİ HEDEFLİ DEĞİŞKEN FON(929) : 0.03  ,  YAPI KREDİ PORTFÖY KİRA SERTİFİKALARI KATILIM FONU(996) : 0.1  ,  ;11038.814161082935
2019-08-27;DENİZ PORTFÖY ÖZEL SEKTÖR BORÇLANMA ARAÇLARI FONU(579) : 0.03194  ,  KT PORTFÖY KİRA SERTİFİKALARI KATILIM FONU(825) : 0.05325  ,  OYAK PORTFÖY BİRİNCİ KATILIM SERBEST FON(872) : 0.11659  ,  ALBARAKA PORTFÖY KİRA SERTİFİKALARI KATILIM FONU(896) : 0.61187  ,  TEB PORTFÖY MUTLAK GETİRİ HEDEFLİ DEĞİŞKEN FON(929) : 0.04355  ,  YAPI KREDİ PORTFÖY KİRA SERTİFİKALARI KATILIM FONU(996) : 0.1428  ,  ;11048.502354108106
2019-08-28;ATLAS PORTFÖY BİRİNCİ ÖZEL SEKTÖR BORÇLANMA ARAÇLARI FONU(525) : 0.16  ,  KT PORTFÖY KİRA SERTİFİKALARI KATILIM FONU(825) : 0.05  ,  OYAK PORTFÖY BİRİNCİ KATILIM SERBEST FON(872) : 0.33  ,  TEB PORTFÖY MUTLAK GETİRİ HEDEFLİ DEĞİŞKEN FON(929) : 0.19  ,  YAPI KREDİ PORTFÖY KİRA SERTİFİKALARI KATILIM FONU(996) : 0.27  ,  ;11052.643805364714
2019-08-29;KT PORTFÖY KİRA SERTİFİKALARI KATILIM FONU(825) : 0.12  ,  OYAK PORTFÖY BİRİNCİ BORÇLANMA ARAÇLARI FONU(856) : 0.87  ,  ;11057.10595006739
2019-09-02;DENİZ PORTFÖY PARA PİYASASI FONU(588) : 0.24  ,  AZİMUT PYŞ KISA VADELİ BORÇLANMA ARAÇLARI FONU(670) : 0.51  ,  KT PORTFÖY KİRA SERTİFİKALARI KATILIM FONU(825) : 0.06  ,  OYAK PORTFÖY BİRİNCİ BORÇLANMA ARAÇLARI FONU(856) : 0.12  ,  TEB PORTFÖY MUTLAK GETİRİ HEDEFLİ DEĞİŞKEN FON(929) : 0.07  ,  ;11075.854550186881
2019-09-03;ATLAS PORTFÖY BİRİNCİ ÖZEL SEKTÖR BORÇLANMA ARAÇLARI FONU(525) : 0.24  ,  KT PORTFÖY KİRA SERTİFİKALARI KATILIM FONU(825) : 0.29  ,  OYAK PORTFÖY BİRİNCİ KATILIM SERBEST FON(872) : 0.26  ,  YAPI KREDİ PORTFÖY KİRA SERTİFİKALARI KATILIM FONU(996) : 0.21  ,  ;11080.893323476914
2019-09-04;ATLAS PORTFÖY BİRİNCİ ÖZEL SEKTÖR BORÇLANMA ARAÇLARI FONU(525) : 0.15  ,  KT PORTFÖY KİRA SERTİFİKALARI KATILIM FONU(825) : 0.04  ,  OYAK PORTFÖY BİRİNCİ KATILIM SERBEST FON(872) : 0.4  ,  YAPI KREDİ PORTFÖY KİRA SERTİFİKALARI KATILIM FONU(996) : 0.41  ,  ;11080.95932765142
2019-09-05;DENİZ PORTFÖY KİRA SERTİFİKALARI KATILIM FONU(597) : 0.06496  ,  QİNVEST PORTFÖY KİRA SERTİFİKASI KATILIM FONU(623) : 0.03699  ,  AZİMUT PYŞ KISA VADELİ BORÇLANMA ARAÇLARI FONU(670) : 0.10744  ,  OYAK PORTFÖY BİRİNCİ BORÇLANMA ARAÇLARI FONU(856) : 0.7906  ,  ;11083.00325256448
2019-09-06;DENİZ PORTFÖY PARA PİYASASI FONU(588) : 1.0  ,  ;11089.071837856087
2019-09-09;AK PORTFÖY DEĞİŞKEN FON(512) : 0.57928  ,  DENİZ PORTFÖY PARA PİYASASI FONU(588) : 0.42079  ,  ;11102.714773720145
2019-09-10;DENİZ PORTFÖY KİRA SERTİFİKALARI KATILIM FONU(597) : 0.37347  ,  QİNVEST PORTFÖY KİRA SERTİFİKASI KATILIM FONU(623) : 0.16532  ,  HSBC PORTFÖY ÇOKLU VARLIK BİRİNCİ DEĞİŞKEN FON(737) : 0.04518  ,  OYAK PORTFÖY BİRİNCİ KATILIM SERBEST FON(872) : 0.16987  ,  ALBARAKA PORTFÖY KİRA SERTİFİKALARI KATILIM FONU(896) : 0.24616  ,  ;11107.265051443854
2019-09-11;DENİZ PORTFÖY KİRA SERTİFİKALARI KATILIM FONU(597) : 0.39  ,  QİNVEST PORTFÖY KİRA SERTİFİKASI KATILIM FONU(623) : 0.22  ,  OYAK PORTFÖY BİRİNCİ BORÇLANMA ARAÇLARI FONU(856) : 0.3  ,  ALBARAKA PORTFÖY KİRA SERTİFİKALARI KATILIM FONU(896) : 0.08  ,  ;11111.834299567312
2019-09-12;ATLAS PORTFÖY BİRİNCİ ÖZEL SEKTÖR BORÇLANMA ARAÇLARI FONU(525) : 0.06318  ,  QİNVEST PORTFÖY KİRA SERTİFİKASI KATILIM FONU(623) : 0.20295  ,  HSBC PORTFÖY ÇOKLU VARLIK BİRİNCİ DEĞİŞKEN FON(737) : 0.38867  ,  OYAK PORTFÖY BİRİNCİ KATILIM SERBEST FON(872) : 0.12662  ,  YAPI KREDİ PORTFÖY KİRA SERTİFİKALARI KATILIM FONU(996) : 0.1152  ,  ACTUS PORTFÖY BORÇLANMA ARAÇLARI FONU(508) : 0.10338  ,  ;11117.489210679441
2019-09-13;DENİZ PORTFÖY KİRA SERTİFİKALARI KATILIM FONU(597) : 0.42  ,  QİNVEST PORTFÖY KİRA SERTİFİKASI KATILIM FONU(623) : 0.29  ,  OYAK PORTFÖY BİRİNCİ KATILIM SERBEST FON(872) : 0.12  ,  YAPI KREDİ PORTFÖY KİRA SERTİFİKALARI KATILIM FONU(996) : 0.16  ,  ;11124.68694456977
2019-09-16;ATLAS PORTFÖY BİRİNCİ ÖZEL SEKTÖR BORÇLANMA ARAÇLARI FONU(525) : 0.04  ,  DENİZ PORTFÖY KİRA SERTİFİKALARI KATILIM FONU(597) : 0.2  ,  QİNVEST PORTFÖY KİRA SERTİFİKASI KATILIM FONU(623) : 0.32  ,  OYAK PORTFÖY BİRİNCİ KATILIM SERBEST FON(872) : 0.1  ,  ALBARAKA PORTFÖY KİRA SERTİFİKALARI KATILIM FONU(896) : 0.25  ,  YAPI KREDİ PORTFÖY KİRA SERTİFİKALARI KATILIM FONU(996) : 0.09  ,  ;11140.206873384732
2019-09-17;ATLAS PORTFÖY BİRİNCİ ÖZEL SEKTÖR BORÇLANMA ARAÇLARI FONU(525) : 0.04549  ,  QİNVEST PORTFÖY KİRA SERTİFİKASI KATILIM FONU(623) : 0.16551  ,  HSBC PORTFÖY ÇOKLU VARLIK BİRİNCİ DEĞİŞKEN FON(737) : 0.04051  ,  OYAK PORTFÖY BİRİNCİ BORÇLANMA ARAÇLARI FONU(856) : 0.59332  ,  OYAK PORTFÖY BİRİNCİ KATILIM SERBEST FON(872) : 0.04195  ,  YAPI KREDİ PORTFÖY KİRA SERTİFİKALARI KATILIM FONU(996) : 0.05656  ,  ACTUS PORTFÖY BORÇLANMA ARAÇLARI FONU(508) : 0.05667  ,  ;11144.809212746857
2019-09-18;QİNVEST PORTFÖY KİRA SERTİFİKASI KATILIM FONU(623) : 0.06  ,  HSBC PORTFÖY ÇOKLU VARLIK BİRİNCİ DEĞİŞKEN FON(737) : 0.09  ,  OYAK PORTFÖY BİRİNCİ BORÇLANMA ARAÇLARI FONU(856) : 0.74  ,  YAPI KREDİ PORTFÖY KİRA SERTİFİKALARI KATILIM FONU(996) : 0.1  ,  ;11151.048890242324
2019-09-19;ATLAS PORTFÖY BİRİNCİ ÖZEL SEKTÖR BORÇLANMA ARAÇLARI FONU(525) : 0.14  ,  AK PORTFÖY ÖZEL SEKTÖR BORÇLANMA ARAÇLARI FONU(563) : 0.09  ,  QİNVEST PORTFÖY KİRA SERTİFİKASI KATILIM FONU(623) : 0.22  ,  FİBA PORTFÖY BORÇLANMA ARAÇLARI FONU(632) : 0.1  ,  HSBC PORTFÖY ÇOKLU VARLIK BİRİNCİ DEĞİŞKEN FON(737) : 0.18  ,  OSMANLI PORTFÖY KISA VADELİ BORÇLANMA ARAÇLARI FONU(869) : 0.11  ,  YAPI KREDİ PORTFÖY KİRA SERTİFİKALARI KATILIM FONU(996) : 0.16  ,  ;11155.316645058841
2019-09-20;HSBC PORTFÖY ÇOKLU VARLIK BİRİNCİ DEĞİŞKEN FON(737) : 0.03  ,  OYAK PORTFÖY BİRİNCİ BORÇLANMA ARAÇLARI FONU(856) : 0.94  ,  ;11163.800452459705
2019-09-23;DENİZ PORTFÖY PARA PİYASASI FONU(588) : 0.26  ,  OYAK PORTFÖY BİRİNCİ BORÇLANMA ARAÇLARI FONU(856) : 0.74  ,  ;11176.413964279744
2019-09-24;AK PORTFÖY DEĞİŞKEN FON(512) : 0.84766  ,  DENİZ PORTFÖY PARA PİYASASI FONU(588) : 0.15242  ,  ;11181.210413575387
2019-09-25;ATLAS PORTFÖY BİRİNCİ ÖZEL SEKTÖR BORÇLANMA ARAÇLARI FONU(525) : 0.14  ,  HSBC PORTFÖY ÇOKLU VARLIK BİRİNCİ DEĞİŞKEN FON(737) : 0.06  ,  KT PORTFÖY KİRA SERTİFİKALARI KATILIM FONU(825) : 0.09  ,  OYAK PORTFÖY BİRİNCİ KATILIM SERBEST FON(872) : 0.33  ,  YAPI KREDİ PORTFÖY KİRA SERTİFİKALARI KATILIM FONU(996) : 0.3  ,  ACTUS PORTFÖY BORÇLANMA ARAÇLARI FONU(508) : 0.08  ,  ;11185.096479671281
2019-09-26;ATLAS PORTFÖY BİRİNCİ ÖZEL SEKTÖR BORÇLANMA ARAÇLARI FONU(525) : 0.26555  ,  QİNVEST PORTFÖY KİRA SERTİFİKASI KATILIM FONU(623) : 0.07504  ,  FİBA PORTFÖY BORÇLANMA ARAÇLARI FONU(632) : 0.30716  ,  FİBA PORTFÖY KISA VADELİ BORÇLANMA ARAÇLARI FONU(638) : 0.19672  ,  HSBC PORTFÖY ÇOKLU VARLIK BİRİNCİ DEĞİŞKEN FON(737) : 0.05039  ,  YAPI KREDİ PORTFÖY KİRA SERTİFİKALARI KATILIM FONU(996) : 0.10514  ,  ;11192.10497259411
2019-09-27;ATLAS PORTFÖY BİRİNCİ ÖZEL SEKTÖR BORÇLANMA ARAÇLARI FONU(525) : 0.37294  ,  AK PORTFÖY ÖZEL SEKTÖR BORÇLANMA ARAÇLARI FONU(563) : 0.10085  ,  FİBA PORTFÖY KISA VADELİ BORÇLANMA ARAÇLARI FONU(638) : 0.19262  ,  OYAK PORTFÖY BİRİNCİ BORÇLANMA ARAÇLARI FONU(856) : 0.3336  ,  ;11203.280146742845
2019-09-30;ATLAS PORTFÖY BİRİNCİ ÖZEL SEKTÖR BORÇLANMA ARAÇLARI FONU(525) : 0.20744  ,  AK PORTFÖY ÖZEL SEKTÖR BORÇLANMA ARAÇLARI FONU(563) : 0.08788  ,  OSMANLI PORTFÖY KISA VADELİ BORÇLANMA ARAÇLARI FONU(869) : 0.70468  ,  ;11218.017738639935
2019-10-01;DENİZ PORTFÖY PARA PİYASASI FONU(588) : 0.32642  ,  DENİZ PORTFÖY KİRA SERTİFİKALARI KATILIM FONU(597) : 0.29089  ,  AZİMUT PYŞ KISA VADELİ BORÇLANMA ARAÇLARI FONU(670) : 0.10607  ,  OYAK PORTFÖY BİRİNCİ BORÇLANMA ARAÇLARI FONU(856) : 0.27667  ,  ;11222.993797162835
2019-10-02;OYAK PORTFÖY BİRİNCİ KATILIM SERBEST FON(872) : 0.16  ,  TEB PORTFÖY MUTLAK GETİRİ HEDEFLİ DEĞİŞKEN FON(929) : 0.06  ,  YAPI KREDİ PORTFÖY KİRA SERTİFİKALARI KATILIM FONU(996) : 0.66  ,  ACTUS PORTFÖY BORÇLANMA ARAÇLARI FONU(508) : 0.1  ,  ;11227.661622389935
2019-10-03;ATLAS PORTFÖY BİRİNCİ ÖZEL SEKTÖR BORÇLANMA ARAÇLARI FONU(525) : 0.07868  ,  QİNVEST PORTFÖY KİRA SERTİFİKASI KATILIM FONU(623) : 0.13439  ,  FİBA PORTFÖY BORÇLANMA ARAÇLARI FONU(632) : 0.25264  ,  GEDİK PORTFÖY BORÇLANMA ARAÇLARI FONU(716) : 0.08517  ,  KT PORTFÖY KİRA SERTİFİKALARI KATILIM FONU(825) : 0.07472  ,  OYAK PORTFÖY BİRİNCİ KATILIM SERBEST FON(872) : 0.03669  ,  ALBARAKA PORTFÖY KİRA SERTİFİKALARI KATILIM FONU(896) : 0.17834  ,  YAPI KREDİ PORTFÖY KİRA SERTİFİKALARI KATILIM FONU(996) : 0.15938  ,  ;11234.025359597288
2019-10-04;DENİZ PORTFÖY ÖZEL SEKTÖR BORÇLANMA ARAÇLARI FONU(579) : 0.14  ,  FİBA PORTFÖY BORÇLANMA ARAÇLARI FONU(632) : 0.17  ,  FİBA PORTFÖY KISA VADELİ BORÇLANMA ARAÇLARI FONU(638) : 0.08  ,  KT PORTFÖY KİRA SERTİFİKALARI KATILIM FONU(825) : 0.1  ,  OYAK PORTFÖY BİRİNCİ BORÇLANMA ARAÇLARI FONU(856) : 0.47  ,  YAPI KREDİ PORTFÖY KİRA SERTİFİKALARI KATILIM FONU(996) : 0.04  ,  ;11239.891655831272
2019-10-07;DENİZ PORTFÖY ÖZEL SEKTÖR BORÇLANMA ARAÇLARI FONU(579) : 0.32  ,  DENİZ PORTFÖY PARA PİYASASI FONU(588) : 0.1  ,  DENİZ PORTFÖY KİRA SERTİFİKALARI KATILIM FONU(597) : 0.06  ,  FİBA PORTFÖY KISA VADELİ BORÇLANMA ARAÇLARI FONU(638) : 0.1  ,  AZİMUT PYŞ KISA VADELİ BORÇLANMA ARAÇLARI FONU(670) : 0.23  ,  OYAK PORTFÖY BİRİNCİ BORÇLANMA ARAÇLARI FONU(856) : 0.19  ,  ;11252.9996051533
2019-10-08;DENİZ PORTFÖY KİRA SERTİFİKALARI KATILIM FONU(597) : 0.27  ,  QİNVEST PORTFÖY KİRA SERTİFİKASI KATILIM FONU(623) : 0.07  ,  AZİMUT PYŞ KISA VADELİ BORÇLANMA ARAÇLARI FONU(670) : 0.57  ,  OYAK PORTFÖY BİRİNCİ BORÇLANMA ARAÇLARI FONU(856) : 0.03  ,  OYAK PORTFÖY BİRİNCİ KATILIM SERBEST FON(872) : 0.04  ,  ;11257.35979789131
2019-10-09;KT PORTFÖY KİRA SERTİFİKALARI KATILIM FONU(825) : 0.3  ,  OYAK PORTFÖY BİRİNCİ KATILIM SERBEST FON(872) : 0.38  ,  YAPI KREDİ PORTFÖY KİRA SERTİFİKALARI KATILIM FONU(996) : 0.31  ,  ;11261.30506369493
2019-10-10;FİBA PORTFÖY BORÇLANMA ARAÇLARI FONU(632) : 0.3  ,  KT PORTFÖY KİRA SERTİFİKALARI KATILIM FONU(825) : 0.44  ,  OYAK PORTFÖY BİRİNCİ KATILIM SERBEST FON(872) : 0.14  ,  ACTUS PORTFÖY BORÇLANMA ARAÇLARI FONU(508) : 0.11  ,  ;11265.688683822616
2019-10-11;FİBA PORTFÖY BORÇLANMA ARAÇLARI FONU(632) : 0.28295  ,  FİBA PORTFÖY KISA VADELİ BORÇLANMA ARAÇLARI FONU(638) : 0.08253  ,  KT PORTFÖY KİRA SERTİFİKALARI KATILIM FONU(825) : 0.27291  ,  ALBARAKA PORTFÖY KİRA SERTİFİKALARI KATILIM FONU(896) : 0.36161  ,  ;11271.167563883151
2019-10-14;HSBC PORTFÖY ÇOKLU VARLIK BİRİNCİ DEĞİŞKEN FON(737) : 0.05  ,  KT PORTFÖY KİRA SERTİFİKALARI KATILIM FONU(825) : 0.03  ,  ALBARAKA PORTFÖY KİRA SERTİFİKALARI KATILIM FONU(896) : 0.9  ,  ;11279.028696730065
2019-10-15;GEDİK PORTFÖY BORÇLANMA ARAÇLARI FONU(716) : 0.21575  ,  KT PORTFÖY KİRA SERTİFİKALARI KATILIM FONU(825) : 0.06994  ,  OYAK PORTFÖY BİRİNCİ BORÇLANMA ARAÇLARI FONU(856) : 0.18749  ,  ALBARAKA PORTFÖY KİRA SERTİFİKALARI KATILIM FONU(896) : 0.52682  ,  ;11282.902795016871
2019-10-16;KT PORTFÖY KİRA SERTİFİKALARI KATILIM FONU(825) : 0.14593  ,  OYAK PORTFÖY BİRİNCİ KATILIM SERBEST FON(872) : 0.19398  ,  TEB PORTFÖY MUTLAK GETİRİ HEDEFLİ DEĞİŞKEN FON(929) : 0.35442  ,  YAPI KREDİ PORTFÖY KİRA SERTİFİKALARI KATILIM FONU(996) : 0.23334  ,  ACTUS PORTFÖY BORÇLANMA ARAÇLARI FONU(508) : 0.07233  ,  ;11284.365445319238
2019-10-17;FİBA PORTFÖY BORÇLANMA ARAÇLARI FONU(632) : 0.58464  ,  FİBA PORTFÖY KISA VADELİ BORÇLANMA ARAÇLARI FONU(638) : 0.07106  ,  GEDİK PORTFÖY BORÇLANMA ARAÇLARI FONU(716) : 0.11174  ,  TEB PORTFÖY MUTLAK GETİRİ HEDEFLİ DEĞİŞKEN FON(929) : 0.23256  ,  ;11278.36564449907
2019-10-18;FİBA PORTFÖY BORÇLANMA ARAÇLARI FONU(632) : 0.08864  ,  FİBA PORTFÖY KISA VADELİ BORÇLANMA ARAÇLARI FONU(638) : 0.0731  ,  GEDİK PORTFÖY BORÇLANMA ARAÇLARI FONU(716) : 0.2224  ,  HSBC PORTFÖY ÇOKLU VARLIK BİRİNCİ DEĞİŞKEN FON(737) : 0.49116  ,  MÜKAFAT PORTFÖY KİRA SERTİFİKASI KATILIM FONU(840) : 0.04301  ,  YAPI KREDİ PORTFÖY KİRA SERTİFİKALARI KATILIM FONU(996) : 0.08168  ,  ;11284.439390689391
2019-10-21;FİBA PORTFÖY KISA VADELİ BORÇLANMA ARAÇLARI FONU(638) : 0.24202  ,  OSMANLI PORTFÖY KISA VADELİ BORÇLANMA ARAÇLARI FONU(869) : 0.61408  ,  YAPI KREDİ PORTFÖY KİRA SERTİFİKALARI KATILIM FONU(996) : 0.14391  ,  ;11299.517676595238
2019-10-22;ALBARAKA PORTFÖY KİRA SERTİFİKALARI KATILIM FONU(896) : 1.0  ,  ;11306.143634878612
2019-10-23;FİBA PORTFÖY KISA VADELİ BORÇLANMA ARAÇLARI FONU(638) : 0.62  ,  GEDİK PORTFÖY BORÇLANMA ARAÇLARI FONU(716) : 0.35  ,  ;11312.81114189442
2019-10-24;ATLAS PORTFÖY BİRİNCİ ÖZEL SEKTÖR BORÇLANMA ARAÇLARI FONU(525) : 0.32  ,  QİNVEST PORTFÖY KİRA SERTİFİKASI KATILIM FONU(623) : 0.19  ,  AZİMUT PYŞ BİRİNCİ BORÇLANMA ARAÇLARI FONU(713) : 0.09  ,  OYAK PORTFÖY BİRİNCİ BORÇLANMA ARAÇLARI FONU(856) : 0.34  ,  TEB PORTFÖY MUTLAK GETİRİ HEDEFLİ DEĞİŞKEN FON(929) : 0.04  ,  ;11318.143207941142
2019-10-25;FİBA PORTFÖY BORÇLANMA ARAÇLARI FONU(632) : 0.24  ,  GEDİK PORTFÖY BORÇLANMA ARAÇLARI FONU(716) : 0.18  ,  OYAK PORTFÖY BİRİNCİ BORÇLANMA ARAÇLARI FONU(856) : 0.57  ,  ;11323.107970573346
2019-10-28;FİBA PORTFÖY BORÇLANMA ARAÇLARI FONU(632) : 0.25  ,  OYAK PORTFÖY BİRİNCİ BORÇLANMA ARAÇLARI FONU(856) : 0.73  ,  ;11340.991425053679
2019-10-30;DENİZ PORTFÖY PARA PİYASASI FONU(588) : 0.39682  ,  AZİMUT PYŞ KISA VADELİ BORÇLANMA ARAÇLARI FONU(670) : 0.2688  ,  OYAK PORTFÖY BİRİNCİ BORÇLANMA ARAÇLARI FONU(856) : 0.24007  ,  ÜNLÜ PORTFÖY İKİNCİ DEĞİŞKEN FON(914) : 0.09432  ,  ;11348.978632750144
2019-10-31;OSMANLI PORTFÖY KISA VADELİ BORÇLANMA ARAÇLARI FONU(869) : 0.97  ,  ;11352.629653073156
2019-11-01;OYAK PORTFÖY BİRİNCİ KATILIM SERBEST FON(872) : 0.22  ,  TEB PORTFÖY MUTLAK GETİRİ HEDEFLİ DEĞİŞKEN FON(929) : 0.5  ,  ACTUS PORTFÖY BORÇLANMA ARAÇLARI FONU(508) : 0.24  ,  ;11358.39774028822
2019-11-04;ATLAS PORTFÖY BİRİNCİ ÖZEL SEKTÖR BORÇLANMA ARAÇLARI FONU(525) : 0.07  ,  OYAK PORTFÖY BİRİNCİ KATILIM SERBEST FON(872) : 0.14  ,  ÜNLÜ PORTFÖY İKİNCİ DEĞİŞKEN FON(914) : 0.12  ,  TEB PORTFÖY MUTLAK GETİRİ HEDEFLİ DEĞİŞKEN FON(929) : 0.67  ,  ;11369.924658543685
2019-11-05;ATLAS PORTFÖY BİRİNCİ ÖZEL SEKTÖR BORÇLANMA ARAÇLARI FONU(525) : 0.24  ,  QİNVEST PORTFÖY KİRA SERTİFİKASI KATILIM FONU(623) : 0.19  ,  HSBC PORTFÖY ÇOKLU VARLIK BİRİNCİ DEĞİŞKEN FON(737) : 0.41  ,  YAPI KREDİ PORTFÖY KİRA SERTİFİKALARI KATILIM FONU(996) : 0.14  ,  ;11376.669146108423
2019-11-06;ATLAS PORTFÖY BİRİNCİ ÖZEL SEKTÖR BORÇLANMA ARAÇLARI FONU(525) : 0.13251  ,  DENİZ PORTFÖY ÖZEL SEKTÖR BORÇLANMA ARAÇLARI FONU(579) : 0.08143  ,  QİNVEST PORTFÖY KİRA SERTİFİKASI KATILIM FONU(623) : 0.12044  ,  AZİMUT PYŞ BİRİNCİ BORÇLANMA ARAÇLARI FONU(713) : 0.08323  ,  HSBC PORTFÖY ÇOKLU VARLIK BİRİNCİ DEĞİŞKEN FON(737) : 0.46666  ,  YAPI KREDİ PORTFÖY KİRA SERTİFİKALARI KATILIM FONU(996) : 0.11573  ,  ;11385.362726893105
2019-11-07;HSBC PORTFÖY ÇOKLU VARLIK BİRİNCİ DEĞİŞKEN FON(737) : 0.95934  ,  YAPI KREDİ PORTFÖY KİRA SERTİFİKALARI KATILIM FONU(996) : 0.04066  ,  ;11388.24731610184
2019-11-08;ATLAS PORTFÖY BİRİNCİ ÖZEL SEKTÖR BORÇLANMA ARAÇLARI FONU(525) : 0.11227  ,  AZİMUT PYŞ BİRİNCİ BORÇLANMA ARAÇLARI FONU(713) : 0.06403  ,  KT PORTFÖY KİRA SERTİFİKALARI KATILIM FONU(825) : 0.60837  ,  YAPI KREDİ PORTFÖY KİRA SERTİFİKALARI KATILIM FONU(996) : 0.21532  ,  ;11390.88602654269
2019-11-11;AZİMUT PYŞ BİRİNCİ BORÇLANMA ARAÇLARI FONU(713) : 0.29441  ,  KT PORTFÖY KİRA SERTİFİKALARI KATILIM FONU(825) : 0.47315  ,  YAPI KREDİ PORTFÖY KİRA SERTİFİKALARI KATILIM FONU(996) : 0.23245  ,  ;11402.713488981362
2019-11-12;FİBA PORTFÖY BORÇLANMA ARAÇLARI FONU(632) : 0.74182  ,  GEDİK PORTFÖY BORÇLANMA ARAÇLARI FONU(716) : 0.14688  ,  KT PORTFÖY KİRA SERTİFİKALARI KATILIM FONU(825) : 0.1113  ,  ;11409.436903385616
2019-11-13;FİBA PORTFÖY BORÇLANMA ARAÇLARI FONU(632) : 0.47571  ,  GEDİK PORTFÖY BORÇLANMA ARAÇLARI FONU(716) : 0.48492  ,  KT PORTFÖY KİRA SERTİFİKALARI KATILIM FONU(825) : 0.03937  ,  ;11414.203784688994
2019-11-14;ATLAS PORTFÖY BİRİNCİ ÖZEL SEKTÖR BORÇLANMA ARAÇLARI FONU(525) : 0.03814  ,  QİNVEST PORTFÖY KİRA SERTİFİKASI KATILIM FONU(623) : 0.09557  ,  FİBA PORTFÖY BORÇLANMA ARAÇLARI FONU(632) : 0.31834  ,  AZİMUT PYŞ BİRİNCİ BORÇLANMA ARAÇLARI FONU(713) : 0.04876  ,  HSBC PORTFÖY ÇOKLU VARLIK BİRİNCİ DEĞİŞKEN FON(737) : 0.05892  ,  KT PORTFÖY KİRA SERTİFİKALARI KATILIM FONU(825) : 0.20151  ,  OYAK PORTFÖY BİRİNCİ BORÇLANMA ARAÇLARI FONU(856) : 0.19332  ,  YAPI KREDİ PORTFÖY KİRA SERTİFİKALARI KATILIM FONU(996) : 0.04543  ,  ;11420.447998605907
2019-11-15;KT PORTFÖY KİRA SERTİFİKALARI KATILIM FONU(825) : 0.06  ,  ALBARAKA PORTFÖY KİRA SERTİFİKALARI KATILIM FONU(896) : 0.92  ,  ;11423.909697510107
2019-11-18;FİBA PORTFÖY BORÇLANMA ARAÇLARI FONU(632) : 0.16178  ,  ALBARAKA PORTFÖY KİRA SERTİFİKALARI KATILIM FONU(896) : 0.83822  ,  ;11433.179939037998
2019-11-19;FİBA PORTFÖY BORÇLANMA ARAÇLARI FONU(632) : 0.20028  ,  GEDİK PORTFÖY BORÇLANMA ARAÇLARI FONU(716) : 0.44543  ,  ALBARAKA PORTFÖY KİRA SERTİFİKALARI KATILIM FONU(896) : 0.35429  ,  ;11437.362255180866
2019-11-20;FİBA PORTFÖY BORÇLANMA ARAÇLARI FONU(632) : 0.24  ,  GEDİK PORTFÖY BORÇLANMA ARAÇLARI FONU(716) : 0.48  ,  ALBARAKA PORTFÖY KİRA SERTİFİKALARI KATILIM FONU(896) : 0.27  ,  ;11440.909512258597
2019-11-21;DENİZ PORTFÖY ÖZEL SEKTÖR BORÇLANMA ARAÇLARI FONU(579) : 0.04725  ,  FİBA PORTFÖY BORÇLANMA ARAÇLARI FONU(632) : 0.05331  ,  OYAK PORTFÖY BİRİNCİ BORÇLANMA ARAÇLARI FONU(856) : 0.21198  ,  ALBARAKA PORTFÖY KİRA SERTİFİKALARI KATILIM FONU(896) : 0.68746  ,  ;11444.21867120084
2019-11-22;ATLAS PORTFÖY BİRİNCİ ÖZEL SEKTÖR BORÇLANMA ARAÇLARI FONU(525) : 0.04  ,  FİBA PORTFÖY BORÇLANMA ARAÇLARI FONU(632) : 0.14  ,  AZİMUT PYŞ BİRİNCİ BORÇLANMA ARAÇLARI FONU(713) : 0.13  ,  OYAK PORTFÖY BİRİNCİ BORÇLANMA ARAÇLARI FONU(856) : 0.37  ,  ALBARAKA PORTFÖY KİRA SERTİFİKALARI KATILIM FONU(896) : 0.31  ,  ;11449.237997045926
2019-11-25;FİBA PORTFÖY BORÇLANMA ARAÇLARI FONU(632) : 0.17  ,  AZİMUT PYŞ BİRİNCİ BORÇLANMA ARAÇLARI FONU(713) : 0.05  ,  GEDİK PORTFÖY BORÇLANMA ARAÇLARI FONU(716) : 0.04  ,  OYAK PORTFÖY BİRİNCİ BORÇLANMA ARAÇLARI FONU(856) : 0.5  ,  OSMANLI PORTFÖY KISA VADELİ BORÇLANMA ARAÇLARI FONU(869) : 0.22  ,  ;11459.826580992996
2019-11-26;FİBA PORTFÖY KISA VADELİ BORÇLANMA ARAÇLARI FONU(638) : 0.04745  ,  KT PORTFÖY KİRA SERTİFİKALARI KATILIM FONU(825) : 0.20188  ,  OYAK PORTFÖY BİRİNCİ BORÇLANMA ARAÇLARI FONU(856) : 0.48682  ,  ÜNLÜ PORTFÖY İKİNCİ DEĞİŞKEN FON(914) : 0.26385  ,  ;11463.893307919796
2019-11-27;GLOBAL MD PORTFÖY ORTA VADELİ BORÇLANMA ARAÇLARI FONU(616) : 0.05  ,  KT PORTFÖY KİRA SERTİFİKALARI KATILIM FONU(825) : 0.36  ,  OYAK PORTFÖY BİRİNCİ KATILIM SERBEST FON(872) : 0.24  ,  YAPI KREDİ PORTFÖY KİRA SERTİFİKALARI KATILIM FONU(996) : 0.32  ,  ;11468.249651330314
2019-11-28;ATLAS PORTFÖY BİRİNCİ ÖZEL SEKTÖR BORÇLANMA ARAÇLARI FONU(525) : 0.13635  ,  DENİZ PORTFÖY ÖZEL SEKTÖR BORÇLANMA ARAÇLARI FONU(579) : 0.04468  ,  QİNVEST PORTFÖY KİRA SERTİFİKASI KATILIM FONU(623) : 0.03029  ,  HSBC PORTFÖY ÇOKLU VARLIK BİRİNCİ DEĞİŞKEN FON(737) : 0.58339  ,  KT PORTFÖY KİRA SERTİFİKALARI KATILIM FONU(825) : 0.20529  ,  ;11472.681663570931
2019-11-29;AK PORTFÖY ÖZEL SEKTÖR BORÇLANMA ARAÇLARI FONU(563) : 0.08  ,  DENİZ PORTFÖY ÖZEL SEKTÖR BORÇLANMA ARAÇLARI FONU(579) : 0.18  ,  HSBC PORTFÖY ÇOKLU VARLIK BİRİNCİ DEĞİŞKEN FON(737) : 0.72  ,  ;11474.433592417156
2019-12-02;AK PORTFÖY ÖZEL SEKTÖR BORÇLANMA ARAÇLARI FONU(563) : 0.33  ,  DENİZ PORTFÖY ÖZEL SEKTÖR BORÇLANMA ARAÇLARI FONU(579) : 0.11  ,  OSMANLI PORTFÖY KISA VADELİ BORÇLANMA ARAÇLARI FONU(869) : 0.55  ,  ;11490.345123627587
2019-12-03;ATLAS PORTFÖY BİRİNCİ ÖZEL SEKTÖR BORÇLANMA ARAÇLARI FONU(525) : 0.04  ,  AK PORTFÖY ÖZEL SEKTÖR BORÇLANMA ARAÇLARI FONU(563) : 0.05  ,  OYAK PORTFÖY BİRİNCİ BORÇLANMA ARAÇLARI FONU(856) : 0.24  ,  OSMANLI PORTFÖY KISA VADELİ BORÇLANMA ARAÇLARI FONU(869) : 0.17  ,  ALBARAKA PORTFÖY KİRA SERTİFİKALARI KATILIM FONU(896) : 0.46  ,  ;11493.993984551515
2019-12-04;KT PORTFÖY KİRA SERTİFİKALARI KATILIM FONU(825) : 0.0309  ,  OYAK PORTFÖY BİRİNCİ KATILIM SERBEST FON(872) : 0.06638  ,  ALBARAKA PORTFÖY KİRA SERTİFİKALARI KATILIM FONU(896) : 0.51958  ,  YAPI KREDİ PORTFÖY KİRA SERTİFİKALARI KATILIM FONU(996) : 0.38315  ,  ;11497.335913350353
2019-12-05;ALBARAKA PORTFÖY KİRA SERTİFİKALARI KATILIM FONU(896) : 1.0  ,  ;11503.426799453524
2019-12-06;ATLAS PORTFÖY BİRİNCİ ÖZEL SEKTÖR BORÇLANMA ARAÇLARI FONU(525) : 0.19  ,  FİBA PORTFÖY BORÇLANMA ARAÇLARI FONU(632) : 0.04  ,  GEDİK PORTFÖY BORÇLANMA ARAÇLARI FONU(716) : 0.21  ,  HSBC PORTFÖY ÇOKLU VARLIK BİRİNCİ DEĞİŞKEN FON(737) : 0.34  ,  OYAK PORTFÖY BİRİNCİ BORÇLANMA ARAÇLARI FONU(856) : 0.21  ,  ;11510.355115456547
2019-12-09;HSBC PORTFÖY ÇOKLU VARLIK BİRİNCİ DEĞİŞKEN FON(737) : 0.86  ,  OYAK PORTFÖY BİRİNCİ BORÇLANMA ARAÇLARI FONU(856) : 0.11  ,  ;11521.792664703094
2019-12-10;DENİZ PORTFÖY PARA PİYASASI FONU(588) : 0.07518  ,  KT PORTFÖY KİRA SERTİFİKALARI KATILIM FONU(825) : 0.17908  ,  OYAK PORTFÖY BİRİNCİ BORÇLANMA ARAÇLARI FONU(856) : 0.70276  ,  ÜNLÜ PORTFÖY İKİNCİ DEĞİŞKEN FON(914) : 0.04304  ,  ;11527.77641672511
2019-12-11;KT PORTFÖY KİRA SERTİFİKALARI KATILIM FONU(825) : 0.59  ,  OYAK PORTFÖY BİRİNCİ KATILIM SERBEST FON(872) : 0.17  ,  TEB PORTFÖY MUTLAK GETİRİ HEDEFLİ DEĞİŞKEN FON(929) : 0.07  ,  YAPI KREDİ PORTFÖY KİRA SERTİFİKALARI KATILIM FONU(996) : 0.16  ,  ;11531.721271127997
2019-12-12;ATLAS PORTFÖY BİRİNCİ ÖZEL SEKTÖR BORÇLANMA ARAÇLARI FONU(525) : 0.28  ,  DENİZ PORTFÖY ÖZEL SEKTÖR BORÇLANMA ARAÇLARI FONU(579) : 0.16  ,  QİNVEST PORTFÖY KİRA SERTİFİKASI KATILIM FONU(623) : 0.22  ,  KT PORTFÖY KİRA SERTİFİKALARI KATILIM FONU(825) : 0.32  ,  ;11536.263006963241
2019-12-13;ATLAS PORTFÖY BİRİNCİ ÖZEL SEKTÖR BORÇLANMA ARAÇLARI FONU(525) : 0.19519  ,  DENİZ PORTFÖY ÖZEL SEKTÖR BORÇLANMA ARAÇLARI FONU(579) : 0.49976  ,  QİNVEST PORTFÖY KİRA SERTİFİKASI KATILIM FONU(623) : 0.17802  ,  HSBC PORTFÖY ÇOKLU VARLIK BİRİNCİ DEĞİŞKEN FON(737) : 0.06807  ,  ALBARAKA PORTFÖY KİRA SERTİFİKALARI KATILIM FONU(896) : 0.05896  ,  ;11538.62295496793
2019-12-16;ATLAS PORTFÖY BİRİNCİ ÖZEL SEKTÖR BORÇLANMA ARAÇLARI FONU(525) : 0.08629  ,  DENİZ PORTFÖY ÖZEL SEKTÖR BORÇLANMA ARAÇLARI FONU(579) : 0.35608  ,  HSBC PORTFÖY ÇOKLU VARLIK BİRİNCİ DEĞİŞKEN FON(737) : 0.19351  ,  ALBARAKA PORTFÖY KİRA SERTİFİKALARI KATILIM FONU(896) : 0.36412  ,  ;11550.837387616908
2019-12-17;ATLAS PORTFÖY BİRİNCİ ÖZEL SEKTÖR BORÇLANMA ARAÇLARI FONU(525) : 0.14927  ,  AK PORTFÖY ÖZEL SEKTÖR BORÇLANMA ARAÇLARI FONU(563) : 0.07844  ,  HSBC PORTFÖY ÇOKLU VARLIK BİRİNCİ DEĞİŞKEN FON(737) : 0.38437  ,  OYAK PORTFÖY BİRİNCİ BORÇLANMA ARAÇLARI FONU(856) : 0.30764  ,  ÜNLÜ PORTFÖY İKİNCİ DEĞİŞKEN FON(914) : 0.08029  ,  ;11554.27463990577
2019-12-18;KT PORTFÖY KİRA SERTİFİKALARI KATILIM FONU(825) : 0.28095  ,  OYAK PORTFÖY BİRİNCİ KATILIM SERBEST FON(872) : 0.26165  ,  TEB PORTFÖY MUTLAK GETİRİ HEDEFLİ DEĞİŞKEN FON(929) : 0.25924  ,  YAPI KREDİ PORTFÖY KİRA SERTİFİKALARI KATILIM FONU(996) : 0.19816  ,  ;11558.895328396145
2019-12-19;ATLAS PORTFÖY BİRİNCİ ÖZEL SEKTÖR BORÇLANMA ARAÇLARI FONU(525) : 0.08985  ,  GEDİK PORTFÖY BORÇLANMA ARAÇLARI FONU(716) : 0.47426  ,  KT PORTFÖY KİRA SERTİFİKALARI KATILIM FONU(825) : 0.27516  ,  OYAK PORTFÖY BİRİNCİ KATILIM SERBEST FON(872) : 0.08271  ,  TEB PORTFÖY MUTLAK GETİRİ HEDEFLİ DEĞİŞKEN FON(929) : 0.04086  ,  YAPI KREDİ PORTFÖY KİRA SERTİFİKALARI KATILIM FONU(996) : 0.03716  ,  ;11578.930768285736
2019-12-20;ATLAS PORTFÖY BİRİNCİ ÖZEL SEKTÖR BORÇLANMA ARAÇLARI FONU(525) : 0.10576  ,  GEDİK PORTFÖY BORÇLANMA ARAÇLARI FONU(716) : 0.11711  ,  KT PORTFÖY KİRA SERTİFİKALARI KATILIM FONU(825) : 0.22402  ,  OYAK PORTFÖY BİRİNCİ KATILIM SERBEST FON(872) : 0.40125  ,  YAPI KREDİ PORTFÖY KİRA SERTİFİKALARI KATILIM FONU(996) : 0.15187  ,  ;11590.603476073898
2019-12-23;GEDİK PORTFÖY BORÇLANMA ARAÇLARI FONU(716) : 0.26  ,  KT PORTFÖY KİRA SERTİFİKALARI KATILIM FONU(825) : 0.18  ,  OYAK PORTFÖY BİRİNCİ KATILIM SERBEST FON(872) : 0.54  ,  ;11606.546058243415
2019-12-24;ATLAS PORTFÖY BİRİNCİ ÖZEL SEKTÖR BORÇLANMA ARAÇLARI FONU(525) : 0.03716  ,  KT PORTFÖY KİRA SERTİFİKALARI KATILIM FONU(825) : 0.46461  ,  OSMANLI PORTFÖY KISA VADELİ BORÇLANMA ARAÇLARI FONU(869) : 0.11219  ,  OYAK PORTFÖY BİRİNCİ KATILIM SERBEST FON(872) : 0.07366  ,  ÜNLÜ PORTFÖY İKİNCİ DEĞİŞKEN FON(914) : 0.31237  ,  ;11611.911901520425
2019-12-25;KT PORTFÖY KİRA SERTİFİKALARI KATILIM FONU(825) : 0.73463  ,  OYAK PORTFÖY BİRİNCİ KATILIM SERBEST FON(872) : 0.26537  ,  ;11618.109627483484
2019-12-26;ATLAS PORTFÖY BİRİNCİ ÖZEL SEKTÖR BORÇLANMA ARAÇLARI FONU(525) : 0.09  ,  QİNVEST PORTFÖY KİRA SERTİFİKASI KATILIM FONU(623) : 0.19  ,  KT PORTFÖY KİRA SERTİFİKALARI KATILIM FONU(825) : 0.52  ,  OYAK PORTFÖY BİRİNCİ KATILIM SERBEST FON(872) : 0.19  ,  ;11622.211895644217
2019-12-27;QİNVEST PORTFÖY KİRA SERTİFİKASI KATILIM FONU(623) : 0.13  ,  KT PORTFÖY KİRA SERTİFİKALARI KATILIM FONU(825) : 0.16  ,  ALBARAKA PORTFÖY KİRA SERTİFİKALARI KATILIM FONU(896) : 0.71  ,  ;11627.250467059777
2019-12-30;QİNVEST PORTFÖY KİRA SERTİFİKASI KATILIM FONU(623) : 0.15  ,  OYAK PORTFÖY BİRİNCİ BORÇLANMA ARAÇLARI FONU(856) : 0.61  ,  ALBARAKA PORTFÖY KİRA SERTİFİKALARI KATILIM FONU(896) : 0.24  ,  ;11635.162203903043
2019-12-31;OYAK PORTFÖY BİRİNCİ BORÇLANMA ARAÇLARI FONU(856) : 1.0  ,  ;11633.815791541325
2020-01-02;KT PORTFÖY KİRA SERTİFİKALARI KATILIM FONU(825) : 0.1533  ,  OYAK PORTFÖY BİRİNCİ KATILIM SERBEST FON(872) : 0.13451  ,  YAPI KREDİ PORTFÖY KİRA SERTİFİKALARI KATILIM FONU(996) : 0.71219  ,  ;11638.694236943391
2020-01-03;ATLAS PORTFÖY BİRİNCİ ÖZEL SEKTÖR BORÇLANMA ARAÇLARI FONU(525) : 0.12604  ,  ALBARAKA PORTFÖY KİRA SERTİFİKALARI KATILIM FONU(896) : 0.76108  ,  YAPI KREDİ PORTFÖY KİRA SERTİFİKALARI KATILIM FONU(996) : 0.11288  ,  ;11627.86129310944
2020-01-06;ATLAS PORTFÖY BİRİNCİ ÖZEL SEKTÖR BORÇLANMA ARAÇLARI FONU(525) : 0.19  ,  DENİZ PORTFÖY ÖZEL SEKTÖR BORÇLANMA ARAÇLARI FONU(579) : 0.06  ,  FİBA PORTFÖY BORÇLANMA ARAÇLARI FONU(632) : 0.41  ,  KT PORTFÖY KİRA SERTİFİKALARI KATILIM FONU(825) : 0.06  ,  ACTUS PORTFÖY BORÇLANMA ARAÇLARI FONU(508) : 0.27  ,  ;11634.017243274608
2020-01-07;ATLAS PORTFÖY BİRİNCİ ÖZEL SEKTÖR BORÇLANMA ARAÇLARI FONU(525) : 0.0957  ,  AK PORTFÖY ÖZEL SEKTÖR BORÇLANMA ARAÇLARI FONU(563) : 0.09955  ,  DENİZ PORTFÖY ÖZEL SEKTÖR BORÇLANMA ARAÇLARI FONU(579) : 0.07714  ,  FİBA PORTFÖY BORÇLANMA ARAÇLARI FONU(632) : 0.32107  ,  GEDİK PORTFÖY BORÇLANMA ARAÇLARI FONU(716) : 0.22742  ,  YAPI KREDİ PORTFÖY KİRA SERTİFİKALARI KATILIM FONU(996) : 0.17911  ,  ;11635.237910901662
2020-01-08;ATLAS PORTFÖY BİRİNCİ ÖZEL SEKTÖR BORÇLANMA ARAÇLARI FONU(525) : 0.1  ,  AK PORTFÖY ÖZEL SEKTÖR BORÇLANMA ARAÇLARI FONU(563) : 0.25  ,  FİBA PORTFÖY BORÇLANMA ARAÇLARI FONU(632) : 0.41  ,  ALBARAKA PORTFÖY KİRA SERTİFİKALARI KATILIM FONU(896) : 0.22  ,  ;11638.10104912029
2020-01-09;HSBC PORTFÖY ÇOKLU VARLIK BİRİNCİ DEĞİŞKEN FON(737) : 1.0  ,  ;11641.595439929119
2020-01-10;HSBC PORTFÖY ÇOKLU VARLIK BİRİNCİ DEĞİŞKEN FON(737) : 0.99999  ,  ;11629.94838583056
2020-01-13;MÜKAFAT PORTFÖY KİRA SERTİFİKASI KATILIM FONU(840) : 1.0  ,  ;11657.290291741294
2020-01-14;MÜKAFAT PORTFÖY KİRA SERTİFİKASI KATILIM FONU(840) : 1.0  ,  ;11661.540682529976
2020-01-15;QİNVEST PORTFÖY KİRA SERTİFİKASI KATILIM FONU(623) : 0.6  ,  AZİMUT PYŞ BİRİNCİ BORÇLANMA ARAÇLARI FONU(713) : 0.04  ,  OYAK PORTFÖY BİRİNCİ KATILIM SERBEST FON(872) : 0.28  ,  ALBARAKA PORTFÖY KİRA SERTİFİKALARI KATILIM FONU(896) : 0.06  ,  ;11668.942305409275
2020-01-16;QİNVEST PORTFÖY KİRA SERTİFİKASI KATILIM FONU(623) : 0.33472  ,  KT PORTFÖY KİRA SERTİFİKALARI KATILIM FONU(825) : 0.17143  ,  OYAK PORTFÖY BİRİNCİ KATILIM SERBEST FON(872) : 0.31363  ,  TEB PORTFÖY MUTLAK GETİRİ HEDEFLİ DEĞİŞKEN FON(929) : 0.18023  ,  ;11671.910417428147
2020-01-17;DENİZ PORTFÖY ÖZEL SEKTÖR BORÇLANMA ARAÇLARI FONU(579) : 0.17  ,  KT PORTFÖY KİRA SERTİFİKALARI KATILIM FONU(825) : 0.23  ,  OYAK PORTFÖY BİRİNCİ KATILIM SERBEST FON(872) : 0.2  ,  TEB PORTFÖY MUTLAK GETİRİ HEDEFLİ DEĞİŞKEN FON(929) : 0.37  ,  ;11675.929440174972
2020-01-20;ATLAS PORTFÖY BİRİNCİ ÖZEL SEKTÖR BORÇLANMA ARAÇLARI FONU(525) : 0.29252  ,  DENİZ PORTFÖY ÖZEL SEKTÖR BORÇLANMA ARAÇLARI FONU(579) : 0.09145  ,  KT PORTFÖY KİRA SERTİFİKALARI KATILIM FONU(825) : 0.15097  ,  OYAK PORTFÖY BİRİNCİ KATILIM SERBEST FON(872) : 0.05658  ,  TEB PORTFÖY MUTLAK GETİRİ HEDEFLİ DEĞİŞKEN FON(929) : 0.28442  ,  ACTUS PORTFÖY BORÇLANMA ARAÇLARI FONU(508) : 0.12405  ,  ;11682.46915911784
2020-01-21;DENİZ PORTFÖY ÖZEL SEKTÖR BORÇLANMA ARAÇLARI FONU(579) : 0.04404  ,  KT PORTFÖY KİRA SERTİFİKALARI KATILIM FONU(825) : 0.29626  ,  OYAK PORTFÖY BİRİNCİ KATILIM SERBEST FON(872) : 0.08649  ,  TEB PORTFÖY MUTLAK GETİRİ HEDEFLİ DEĞİŞKEN FON(929) : 0.2315  ,  ACTUS PORTFÖY BORÇLANMA ARAÇLARI FONU(508) : 0.3417  ,  ;11689.323578031703
2020-01-22;FİBA PORTFÖY BORÇLANMA ARAÇLARI FONU(632) : 0.38776  ,  KT PORTFÖY KİRA SERTİFİKALARI KATILIM FONU(825) : 0.40071  ,  OYAK PORTFÖY BİRİNCİ KATILIM SERBEST FON(872) : 0.06827  ,  TEB PORTFÖY MUTLAK GETİRİ HEDEFLİ DEĞİŞKEN FON(929) : 0.06898  ,  ACTUS PORTFÖY BORÇLANMA ARAÇLARI FONU(508) : 0.07429  ,  ;11693.817993504777
2020-01-23;FİBA PORTFÖY BORÇLANMA ARAÇLARI FONU(632) : 0.38  ,  KT PORTFÖY KİRA SERTİFİKALARI KATILIM FONU(825) : 0.57  ,  ACTUS PORTFÖY BORÇLANMA ARAÇLARI FONU(508) : 0.04  ,  ;11699.426460787432
2020-01-24;KT PORTFÖY KİRA SERTİFİKALARI KATILIM FONU(825) : 0.08696  ,  OSMANLI PORTFÖY KISA VADELİ BORÇLANMA ARAÇLARI FONU(869) : 0.91304  ,  ;11702.33014091922
2020-01-27;AZİMUT PYŞ BİRİNCİ BORÇLANMA ARAÇLARI FONU(713) : 0.21006  ,  KT PORTFÖY KİRA SERTİFİKALARI KATILIM FONU(825) : 0.30487  ,  ÜNLÜ PORTFÖY İKİNCİ DEĞİŞKEN FON(914) : 0.48507  ,  ;11710.993896701062
2020-01-28;KT PORTFÖY KİRA SERTİFİKALARI KATILIM FONU(825) : 0.29743  ,  ÜNLÜ PORTFÖY İKİNCİ DEĞİŞKEN FON(914) : 0.70257  ,  ;11715.229457818272
2020-01-29;OSMANLI PORTFÖY KISA VADELİ BORÇLANMA ARAÇLARI FONU(869) : 1.0  ,  ;11717.886126765974
2020-01-30;GEDİK PORTFÖY BORÇLANMA ARAÇLARI FONU(716) : 0.79641  ,  KT PORTFÖY KİRA SERTİFİKALARI KATILIM FONU(825) : 0.1404  ,  YAPI KREDİ PORTFÖY KİRA SERTİFİKALARI KATILIM FONU(996) : 0.06319  ,  ;11722.49636918789
2020-01-31;DENİZ PORTFÖY KISALI VADELİ BORÇLANMA ARAÇLARI FONU(577) : 0.13  ,  FİBA PORTFÖY BORÇLANMA ARAÇLARI FONU(632) : 0.31  ,  GEDİK PORTFÖY BORÇLANMA ARAÇLARI FONU(716) : 0.49  ,  OSMANLI PORTFÖY KISA VADELİ BORÇLANMA ARAÇLARI FONU(869) : 0.04  ,  ;11725.417169487842
2020-02-03;FİBA PORTFÖY BORÇLANMA ARAÇLARI FONU(632) : 0.18429  ,  GEDİK PORTFÖY BORÇLANMA ARAÇLARI FONU(716) : 0.58989  ,  OSMANLI PORTFÖY KISA VADELİ BORÇLANMA ARAÇLARI FONU(869) : 0.22581  ,  ;11732.451740055267
2020-02-04;FİBA PORTFÖY BORÇLANMA ARAÇLARI FONU(632) : 0.43  ,  OSMANLI PORTFÖY KISA VADELİ BORÇLANMA ARAÇLARI FONU(869) : 0.47  ,  OYAK PORTFÖY BİRİNCİ KATILIM SERBEST FON(872) : 0.08  ,  ;11732.971480733493
2020-02-05;GLOBAL MD PORTFÖY ORTA VADELİ BORÇLANMA ARAÇLARI FONU(616) : 0.30758  ,  OYAK PORTFÖY BİRİNCİ KATILIM SERBEST FON(872) : 0.19671  ,  YAPI KREDİ PORTFÖY KİRA SERTİFİKALARI KATILIM FONU(996) : 0.24517  ,  ACTUS PORTFÖY BORÇLANMA ARAÇLARI FONU(508) : 0.25054  ,  ;11737.487627685936
2020-02-06;ATLAS PORTFÖY BİRİNCİ ÖZEL SEKTÖR BORÇLANMA ARAÇLARI FONU(525) : 0.04648  ,  FİBA PORTFÖY BORÇLANMA ARAÇLARI FONU(632) : 0.33455  ,  GEDİK PORTFÖY BORÇLANMA ARAÇLARI FONU(716) : 0.37406  ,  HSBC PORTFÖY ÇOKLU VARLIK BİRİNCİ DEĞİŞKEN FON(737) : 0.16232  ,  YAPI KREDİ PORTFÖY KİRA SERTİFİKALARI KATILIM FONU(996) : 0.08259  ,  ;11738.983432234
2020-02-07;FİBA PORTFÖY BORÇLANMA ARAÇLARI FONU(632) : 0.07861  ,  GEDİK PORTFÖY BORÇLANMA ARAÇLARI FONU(716) : 0.14756  ,  HSBC PORTFÖY ÇOKLU VARLIK BİRİNCİ DEĞİŞKEN FON(737) : 0.32708  ,  OSMANLI PORTFÖY KISA VADELİ BORÇLANMA ARAÇLARI FONU(869) : 0.44675  ,  ;11741.554745373553
2020-02-10;FİBA PORTFÖY BORÇLANMA ARAÇLARI FONU(632) : 0.03336  ,  OSMANLI PORTFÖY KISA VADELİ BORÇLANMA ARAÇLARI FONU(869) : 0.81959  ,  ALBARAKA PORTFÖY KİRA SERTİFİKALARI KATILIM FONU(896) : 0.14706  ,  ;11749.41799866866
2020-02-11;OYAK PORTFÖY BİRİNCİ BORÇLANMA ARAÇLARI FONU(856) : 0.10578  ,  ÜNLÜ PORTFÖY İKİNCİ DEĞİŞKEN FON(914) : 0.89422  ,  ;11752.043053481773
2020-02-12;DENİZ PORTFÖY KISALI VADELİ BORÇLANMA ARAÇLARI FONU(577) : 0.87  ,  FİBA PORTFÖY BORÇLANMA ARAÇLARI FONU(632) : 0.13  ,  ;11753.521227112542
2020-02-13;OYAK PORTFÖY BİRİNCİ BORÇLANMA ARAÇLARI FONU(856) : 0.72269  ,  OYAK PORTFÖY BİRİNCİ KATILIM SERBEST FON(872) : 0.14868  ,  TEB PORTFÖY MUTLAK GETİRİ HEDEFLİ DEĞİŞKEN FON(929) : 0.12863  ,  ;11756.829721981172
2020-02-14;DENİZ PORTFÖY KISALI VADELİ BORÇLANMA ARAÇLARI FONU(577) : 0.79  ,  HSBC PORTFÖY ÇOKLU VARLIK BİRİNCİ DEĞİŞKEN FON(737) : 0.19  ,  ;11757.334607888231
2020-02-17;ATLAS PORTFÖY BİRİNCİ ÖZEL SEKTÖR BORÇLANMA ARAÇLARI FONU(525) : 0.18  ,  DENİZ PORTFÖY KISALI VADELİ BORÇLANMA ARAÇLARI FONU(577) : 0.44  ,  OYAK PORTFÖY BİRİNCİ BORÇLANMA ARAÇLARI FONU(856) : 0.38  ,  ;11764.366229942782
2020-02-18;ATLAS PORTFÖY BİRİNCİ ÖZEL SEKTÖR BORÇLANMA ARAÇLARI FONU(525) : 0.05873  ,  OYAK PORTFÖY BİRİNCİ BORÇLANMA ARAÇLARI FONU(856) : 0.94127  ,  ;11768.292139094858
2020-02-19;OYAK PORTFÖY BİRİNCİ BORÇLANMA ARAÇLARI FONU(856) : 0.57227  ,  OSMANLI PORTFÖY KISA VADELİ BORÇLANMA ARAÇLARI FONU(869) : 0.42773  ,  ;11771.676411977996
2020-02-20;DENİZ PORTFÖY ÖZEL SEKTÖR BORÇLANMA ARAÇLARI FONU(579) : 0.52  ,  AZİMUT PYŞ BİRİNCİ BORÇLANMA ARAÇLARI FONU(713) : 0.03  ,  KT PORTFÖY KİRA SERTİFİKALARI KATILIM FONU(825) : 0.11  ,  ÜNLÜ PORTFÖY İKİNCİ DEĞİŞKEN FON(914) : 0.34  ,  ;11774.652543216142
2020-02-21;AK PORTFÖY ÖZEL SEKTÖR BORÇLANMA ARAÇLARI FONU(563) : 0.19  ,  MÜKAFAT PORTFÖY KİRA SERTİFİKASI KATILIM FONU(840) : 0.57  ,  ÜNLÜ PORTFÖY İKİNCİ DEĞİŞKEN FON(914) : 0.22  ,  ;11776.229826170722
2020-02-24;AZİMUT PYŞ BİRİNCİ BORÇLANMA ARAÇLARI FONU(713) : 0.03966  ,  MÜKAFAT PORTFÖY KİRA SERTİFİKASI KATILIM FONU(840) : 0.96034  ,  ;11782.902180623043
2020-02-25;AZİMUT PYŞ BİRİNCİ BORÇLANMA ARAÇLARI FONU(713) : 0.14672  ,  MÜKAFAT PORTFÖY KİRA SERTİFİKASI KATILIM FONU(840) : 0.85328  ,  ;11787.89887521402
2020-02-26;AK PORTFÖY DEĞİŞKEN FON(512) : 0.87  ,  AZİMUT PYŞ KISA VADELİ BORÇLANMA ARAÇLARI FONU(670) : 0.13  ,  ;11784.924540347654
2020-02-27;GLOBAL MD PORTFÖY ORTA VADELİ BORÇLANMA ARAÇLARI FONU(616) : 0.08469  ,  MÜKAFAT PORTFÖY KİRA SERTİFİKASI KATILIM FONU(840) : 0.91531  ,  ;11787.229635404028
2020-02-28;MÜKAFAT PORTFÖY KİRA SERTİFİKASI KATILIM FONU(840) : 1.0  ,  ;11787.033489182959
2020-03-02;DENİZ PORTFÖY KİRA SERTİFİKALARI KATILIM FONU(597) : 0.98  ,  ;11793.27063827725
2020-03-03;KT PORTFÖY KİRA SERTİFİKALARI KATILIM FONU(825) : 0.18541  ,  ÜNLÜ PORTFÖY İKİNCİ DEĞİŞKEN FON(914) : 0.81459  ,  ;11793.669006863043
2020-03-04;FİBA PORTFÖY BORÇLANMA ARAÇLARI FONU(632) : 0.34844  ,  FİBA PORTFÖY KISA VADELİ BORÇLANMA ARAÇLARI FONU(638) : 0.45192  ,  AZİMUT PYŞ BİRİNCİ BORÇLANMA ARAÇLARI FONU(713) : 0.19963  ,  ;11792.07175017396
2020-03-05;ATLAS PORTFÖY BİRİNCİ ÖZEL SEKTÖR BORÇLANMA ARAÇLARI FONU(525) : 0.12422  ,  OYAK PORTFÖY BİRİNCİ KATILIM SERBEST FON(872) : 0.1783  ,  ALBARAKA PORTFÖY KİRA SERTİFİKALARI KATILIM FONU(896) : 0.69747  ,  ;11808.069657858785
2020-03-06;ÜNLÜ PORTFÖY İKİNCİ DEĞİŞKEN FON(914) : 0.82  ,  ACTUS PORTFÖY BORÇLANMA ARAÇLARI FONU(508) : 0.16  ,  ;11815.642253956032
2020-03-09;ATLAS PORTFÖY BİRİNCİ ÖZEL SEKTÖR BORÇLANMA ARAÇLARI FONU(525) : 0.03574  ,  DENİZ PORTFÖY ÖZEL SEKTÖR BORÇLANMA ARAÇLARI FONU(579) : 0.1443  ,  OSMANLI PORTFÖY KISA VADELİ BORÇLANMA ARAÇLARI FONU(869) : 0.13909  ,  ÜNLÜ PORTFÖY İKİNCİ DEĞİŞKEN FON(914) : 0.34103  ,  ACTUS PORTFÖY BORÇLANMA ARAÇLARI FONU(508) : 0.33984  ,  ;11824.002641845458
2020-03-10;FİBA PORTFÖY BORÇLANMA ARAÇLARI FONU(632) : 0.09  ,  FİBA PORTFÖY KISA VADELİ BORÇLANMA ARAÇLARI FONU(638) : 0.9  ,  ;11821.91539301954
2020-03-11;DENİZ PORTFÖY KISALI VADELİ BORÇLANMA ARAÇLARI FONU(577) : 0.6763  ,  MÜKAFAT PORTFÖY KİRA SERTİFİKASI KATILIM FONU(840) : 0.3237  ,  ;11824.961371990894
2020-03-12;AZİMUT PYŞ BİRİNCİ BORÇLANMA ARAÇLARI FONU(713) : 0.59  ,  KT PORTFÖY KİRA SERTİFİKALARI KATILIM FONU(825) : 0.39  ,  ;11827.082099063893
2020-03-13;HSBC PORTFÖY ÇOKLU VARLIK BİRİNCİ DEĞİŞKEN FON(737) : 0.41  ,  KT PORTFÖY KİRA SERTİFİKALARI KATILIM FONU(825) : 0.26  ,  ÜNLÜ PORTFÖY İKİNCİ DEĞİŞKEN FON(914) : 0.33  ,  ;11826.265329614815
2020-03-16;DENİZ PORTFÖY ÖZEL SEKTÖR BORÇLANMA ARAÇLARI FONU(579) : 0.08  ,  KT PORTFÖY KİRA SERTİFİKALARI KATILIM FONU(825) : 0.15  ,  ÜNLÜ PORTFÖY İKİNCİ DEĞİŞKEN FON(914) : 0.75  ,  ;11822.490812411465
2020-03-17;AZİMUT PYŞ BİRİNCİ BORÇLANMA ARAÇLARI FONU(713) : 0.21901  ,  KT PORTFÖY KİRA SERTİFİKALARI KATILIM FONU(825) : 0.4927  ,  OYAK PORTFÖY BİRİNCİ BORÇLANMA ARAÇLARI FONU(856) : 0.21647  ,  ÜNLÜ PORTFÖY İKİNCİ DEĞİŞKEN FON(914) : 0.07181  ,  ;11818.379585738048
2020-03-18;AZİMUT PYŞ BİRİNCİ BORÇLANMA ARAÇLARI FONU(713) : 0.19531  ,  HSBC PORTFÖY ÇOKLU VARLIK BİRİNCİ DEĞİŞKEN FON(737) : 0.1083  ,  KT PORTFÖY KİRA SERTİFİKALARI KATILIM FONU(825) : 0.69639  ,  ;11812.53493481305
2020-03-19;AZİMUT PYŞ BİRİNCİ BORÇLANMA ARAÇLARI FONU(713) : 0.07974  ,  ÜNLÜ PORTFÖY İKİNCİ DEĞİŞKEN FON(914) : 0.92026  ,  ;11820.555511169174
2020-03-20;AZİMUT PYŞ BİRİNCİ BORÇLANMA ARAÇLARI FONU(713) : 0.12  ,  MÜKAFAT PORTFÖY KİRA SERTİFİKASI KATILIM FONU(840) : 0.85  ,  ;11818.413861784686
2020-03-23;AK PORTFÖY ÖZEL SEKTÖR BORÇLANMA ARAÇLARI FONU(563) : 0.07  ,  DENİZ PORTFÖY ÖZEL SEKTÖR BORÇLANMA ARAÇLARI FONU(579) : 0.1  ,  KT PORTFÖY KİRA SERTİFİKALARI KATILIM FONU(825) : 0.82  ,  ;11831.32228816053
2020-03-24;FİBA PORTFÖY BORÇLANMA ARAÇLARI FONU(632) : 0.07903  ,  AZİMUT PYŞ BİRİNCİ BORÇLANMA ARAÇLARI FONU(713) : 0.51339  ,  GEDİK PORTFÖY BORÇLANMA ARAÇLARI FONU(716) : 0.18574  ,  KT PORTFÖY KİRA SERTİFİKALARI KATILIM FONU(825) : 0.22184  ,  ;11833.982944803687
2020-03-25;FİBA PORTFÖY BORÇLANMA ARAÇLARI FONU(632) : 0.23016  ,  KT PORTFÖY KİRA SERTİFİKALARI KATILIM FONU(825) : 0.38612  ,  ACTUS PORTFÖY BORÇLANMA ARAÇLARI FONU(508) : 0.38372  ,  ;11846.894955927812
2020-03-26;FİBA PORTFÖY BORÇLANMA ARAÇLARI FONU(632) : 0.88  ,  KT PORTFÖY KİRA SERTİFİKALARI KATILIM FONU(825) : 0.12  ,  ;11850.700381276338
2020-03-27;FİBA PORTFÖY BORÇLANMA ARAÇLARI FONU(632) : 0.90072  ,  KT PORTFÖY KİRA SERTİFİKALARI KATILIM FONU(825) : 0.09928  ,  ;11853.999454713887
2020-03-30;ALBARAKA PORTFÖY KİRA SERTİFİKALARI KATILIM FONU(896) : 1.0  ,  ;11862.118523410296
2020-03-31;OSMANLI PORTFÖY KISA VADELİ BORÇLANMA ARAÇLARI FONU(869) : 0.11383  ,  ALBARAKA PORTFÖY KİRA SERTİFİKALARI KATILIM FONU(896) : 0.88617  ,  ;11865.261709915336
2020-04-01;KT PORTFÖY KİRA SERTİFİKALARI KATILIM FONU(825) : 0.22406  ,  OYAK PORTFÖY BİRİNCİ BORÇLANMA ARAÇLARI FONU(856) : 0.28826  ,  OSMANLI PORTFÖY KISA VADELİ BORÇLANMA ARAÇLARI FONU(869) : 0.16642  ,  ALBARAKA PORTFÖY KİRA SERTİFİKALARI KATILIM FONU(896) : 0.32126  ,  ;11865.84502193522
2020-04-02;GLOBAL MD PORTFÖY ORTA VADELİ BORÇLANMA ARAÇLARI FONU(616) : 0.20937  ,  FİBA PORTFÖY BORÇLANMA ARAÇLARI FONU(632) : 0.66448  ,  KT PORTFÖY KİRA SERTİFİKALARI KATILIM FONU(825) : 0.07208  ,  ACTUS PORTFÖY BORÇLANMA ARAÇLARI FONU(508) : 0.05407  ,  ;11868.648597685602
2020-04-03;FİBA PORTFÖY BORÇLANMA ARAÇLARI FONU(632) : 0.07784  ,  FİBA PORTFÖY KISA VADELİ BORÇLANMA ARAÇLARI FONU(638) : 0.32249  ,  GEDİK PORTFÖY BORÇLANMA ARAÇLARI FONU(716) : 0.59967  ,  ;11867.316466675544
2020-04-06;OYAK PORTFÖY BİRİNCİ BORÇLANMA ARAÇLARI FONU(856) : 1.0  ,  ;11871.68726208539
2020-04-07;OYAK PORTFÖY BİRİNCİ BORÇLANMA ARAÇLARI FONU(856) : 1.0  ,  ;11874.453623135027
2020-04-08;FİBA PORTFÖY KISA VADELİ BORÇLANMA ARAÇLARI FONU(638) : 0.24388  ,  OSMANLI PORTFÖY KISA VADELİ BORÇLANMA ARAÇLARI FONU(869) : 0.47084  ,  ÜNLÜ PORTFÖY İKİNCİ DEĞİŞKEN FON(914) : 0.28527  ,  ;11877.219219120961
2020-04-09;ATLAS PORTFÖY BİRİNCİ ÖZEL SEKTÖR BORÇLANMA ARAÇLARI FONU(525) : 0.37071  ,  DENİZ PORTFÖY ÖZEL SEKTÖR BORÇLANMA ARAÇLARI FONU(579) : 0.30582  ,  GLOBAL MD PORTFÖY ORTA VADELİ BORÇLANMA ARAÇLARI FONU(616) : 0.1316  ,  KT PORTFÖY KİRA SERTİFİKALARI KATILIM FONU(825) : 0.14457  ,  OYAK PORTFÖY BİRİNCİ KATILIM SERBEST FON(872) : 0.04731  ,  ;11879.454487017054
2020-04-10;GLOBAL MD PORTFÖY ORTA VADELİ BORÇLANMA ARAÇLARI FONU(616) : 0.12415  ,  QİNVEST PORTFÖY KİRA SERTİFİKASI KATILIM FONU(623) : 0.08203  ,  FİBA PORTFÖY KISA VADELİ BORÇLANMA ARAÇLARI FONU(638) : 0.22418  ,  GEDİK PORTFÖY BORÇLANMA ARAÇLARI FONU(716) : 0.56965  ,  ;11882.778967485983
2020-04-13;QİNVEST PORTFÖY KİRA SERTİFİKASI KATILIM FONU(623) : 0.2  ,  OSMANLI PORTFÖY KISA VADELİ BORÇLANMA ARAÇLARI FONU(869) : 0.54  ,  ALBARAKA PORTFÖY KİRA SERTİFİKALARI KATILIM FONU(896) : 0.25  ,  ;11890.875829405224
2020-04-14;GLOBAL MD PORTFÖY ORTA VADELİ BORÇLANMA ARAÇLARI FONU(616) : 0.08  ,  QİNVEST PORTFÖY KİRA SERTİFİKASI KATILIM FONU(623) : 0.07  ,  FİBA PORTFÖY KISA VADELİ BORÇLANMA ARAÇLARI FONU(638) : 0.51  ,  OSMANLI PORTFÖY KISA VADELİ BORÇLANMA ARAÇLARI FONU(869) : 0.33  ,  ;11893.473073548124
2020-04-15;OSMANLI PORTFÖY KISA VADELİ BORÇLANMA ARAÇLARI FONU(869) : 0.75671  ,  ALBARAKA PORTFÖY KİRA SERTİFİKALARI KATILIM FONU(896) : 0.24329  ,  ;11895.95864813249
2020-04-16;AZİMUT PYŞ BİRİNCİ BORÇLANMA ARAÇLARI FONU(713) : 0.78319  ,  HSBC PORTFÖY ÇOKLU VARLIK BİRİNCİ DEĞİŞKEN FON(737) : 0.21681  ,  ;11898.018421134853
2020-04-17;FİBA PORTFÖY BORÇLANMA ARAÇLARI FONU(632) : 0.36989  ,  FİBA PORTFÖY KISA VADELİ BORÇLANMA ARAÇLARI FONU(638) : 0.63011  ,  ;11893.281681683335
