Tarih;Sepet İçeriği;Toplam Bakiye
2019-03-18;DENİZ PORTFÖY KISALI VADELİ BORÇLANMA ARAÇLARI FONU(577) : 0.77  ,  TACİRLER PORTFÖY KISA VADELİ BORÇLANMA ARAÇLARI FONU(920) : 0.19  ,  ;9600.0
2019-03-19;QNB FINANS PORTFÖY BORÇLANMA ARAÇLARI FONU(633) : 1.0  ,  ;9605.521999535189
2019-03-20;AK PORTFÖY KİRA SERTİFİKALARI KATILIM FONU(533) : 0.04  ,  FİBA PORTFÖY ÇOKLU VARLIK BİRİNCİ DEĞİŞKEN FON(625) : 0.07  ,  TACİRLER PORTFÖY KISA VADELİ BORÇLANMA ARAÇLARI FONU(920) : 0.87  ,  ;9607.63743206276
2019-03-21;AK PORTFÖY KİRA SERTİFİKALARI KATILIM FONU(533) : 0.38  ,  FİBA PORTFÖY ÇOKLU VARLIK BİRİNCİ DEĞİŞKEN FON(625) : 0.26  ,  OSMANLI PORTFÖY ÖZEL SEKTÖR BORÇLANMA ARAÇLARI FONU(866) : 0.03  ,  TACİRLER PORTFÖY KISA VADELİ BORÇLANMA ARAÇLARI FONU(920) : 0.2  ,  YAPI KREDİ PORTFÖY ORTA VADELİ BORÇLANMA ARAÇLARI FONU(1006) : 0.09  ,  ;9612.99954270857
2019-03-22;AK PORTFÖY KİRA SERTİFİKALARI KATILIM FONU(533) : 0.42  ,  FİBA PORTFÖY ÇOKLU VARLIK BİRİNCİ DEĞİŞKEN FON(625) : 0.18  ,  OSMANLI PORTFÖY ÖZEL SEKTÖR BORÇLANMA ARAÇLARI FONU(866) : 0.18  ,  ÜNLÜ PORTFÖY BİRİNCİ DEĞİŞKEN FON(913) : 0.2  ,  ;9625.8166272825
2019-03-25;AK PORTFÖY KİRA SERTİFİKALARI KATILIM FONU(533) : 0.27  ,  FİBA PORTFÖY ÇOKLU VARLIK BİRİNCİ DEĞİŞKEN FON(625) : 0.07  ,  TEB PORTFÖY İKİNCİ DEĞİŞKEN FON(772) : 0.07  ,  OSMANLI PORTFÖY ÖZEL SEKTÖR BORÇLANMA ARAÇLARI FONU(866) : 0.39  ,  ÜNLÜ PORTFÖY BİRİNCİ DEĞİŞKEN FON(913) : 0.2  ,  ;9635.130059789666
2019-03-26;AK PORTFÖY KİRA SERTİFİKALARI KATILIM FONU(533) : 0.21  ,  DENİZ PORTFÖY KISALI VADELİ BORÇLANMA ARAÇLARI FONU(577) : 0.26  ,  FİBA PORTFÖY ÇOKLU VARLIK BİRİNCİ DEĞİŞKEN FON(625) : 0.08  ,  KARE PORTFÖY BİRİNCİ BORÇLANMA ARAÇLARI FONU(816) : 0.04  ,  OSMANLI PORTFÖY ÖZEL SEKTÖR BORÇLANMA ARAÇLARI FONU(866) : 0.41  ,  ;9637.578506251028
2019-03-27;QNB FINANS PORTFÖY BORÇLANMA ARAÇLARI FONU(633) : 0.92429  ,  TEB PORTFÖY BORÇLANMA ARAÇLARI FONU(917) : 0.07571  ,  ;9638.328507403272
2019-03-28;QNB FINANS PORTFÖY BORÇLANMA ARAÇLARI FONU(633) : 0.79537  ,  TEB PORTFÖY BORÇLANMA ARAÇLARI FONU(917) : 0.20463  ,  ;9531.547014647978
2019-03-29;QNB FINANS PORTFÖY BORÇLANMA ARAÇLARI FONU(633) : 0.29807  ,  GARANTİ PORTFÖY BİRİNCİ KATILIM FONU(700) : 0.59798  ,  TEB PORTFÖY BORÇLANMA ARAÇLARI FONU(917) : 0.10395  ,  ;9431.996029481115
2019-04-01;QNB FINANS PORTFÖY BORÇLANMA ARAÇLARI FONU(633) : 0.41983  ,  GARANTİ PORTFÖY BİRİNCİ KATILIM FONU(700) : 0.49971  ,  TEB PORTFÖY BORÇLANMA ARAÇLARI FONU(917) : 0.08046  ,  ;9415.645760241654
2019-04-02;QNB FINANS PORTFÖY BORÇLANMA ARAÇLARI FONU(633) : 0.57  ,  GARANTİ PORTFÖY MUTLAK GETİRİ HEDEFLİ DEĞİŞKEN FON(662) : 0.43  ,  ;9477.667727880855
2019-04-03;AK PORTFÖY KİRA SERTİFİKALARI KATILIM FONU(533) : 0.15  ,  DENİZ PORTFÖY KISALI VADELİ BORÇLANMA ARAÇLARI FONU(577) : 0.8  ,  ;9521.357561875291
2019-04-04;İŞ PORTFÖY ORTA VADELİ BORÇLANMA ARAÇLARI FONU(941) : 0.97  ,  ;9526.071588032451
2019-04-05;İŞ PORTFÖY ORTA VADELİ BORÇLANMA ARAÇLARI FONU(941) : 0.83  ,  YAPI KREDİ PORTFÖY ORTA VADELİ BORÇLANMA ARAÇLARI FONU(1006) : 0.16  ,  ;9514.397852815022
2019-04-08;GARANTİ PORTFÖY BİRİNCİ KATILIM FONU(700) : 0.48  ,  OSMANLI PORTFÖY ÖZEL SEKTÖR BORÇLANMA ARAÇLARI FONU(866) : 0.36  ,  İŞ PORTFÖY ORTA VADELİ BORÇLANMA ARAÇLARI FONU(941) : 0.15  ,  ;9559.723063073894
2019-04-09;GARANTİ PORTFÖY BİRİNCİ KATILIM FONU(700) : 0.34  ,  AURA PORTFÖY DEĞİŞKEN FONU(811) : 0.03  ,  OSMANLI PORTFÖY ÖZEL SEKTÖR BORÇLANMA ARAÇLARI FONU(866) : 0.62  ,  ;9547.149289367442
2019-04-10;AK PORTFÖY KİRA SERTİFİKALARI KATILIM FONU(533) : 0.09  ,  QNB FINANS PORTFÖY BORÇLANMA ARAÇLARI FONU(633) : 0.06  ,  OSMANLI PORTFÖY ÖZEL SEKTÖR BORÇLANMA ARAÇLARI FONU(866) : 0.76  ,  İŞ PORTFÖY ORTA VADELİ BORÇLANMA ARAÇLARI FONU(941) : 0.03  ,  YAPI KREDİ PORTFÖY ORTA VADELİ BORÇLANMA ARAÇLARI FONU(1006) : 0.04  ,  ;9559.010571796734
2019-04-11;AK PORTFÖY KİRA SERTİFİKALARI KATILIM FONU(533) : 0.19  ,  FİBA PORTFÖY ÇOKLU VARLIK BİRİNCİ DEĞİŞKEN FON(625) : 0.06  ,  OSMANLI PORTFÖY ÖZEL SEKTÖR BORÇLANMA ARAÇLARI FONU(866) : 0.37  ,  ÜNLÜ PORTFÖY BİRİNCİ DEĞİŞKEN FON(913) : 0.12  ,  TACİRLER PORTFÖY KISA VADELİ BORÇLANMA ARAÇLARI FONU(920) : 0.24  ,  ;9563.650483029924
2019-04-12;FİBA PORTFÖY ÇOKLU VARLIK BİRİNCİ DEĞİŞKEN FON(625) : 0.13  ,  GARANTİ PORTFÖY BİRİNCİ KATILIM FONU(700) : 0.37  ,  OSMANLI PORTFÖY ÖZEL SEKTÖR BORÇLANMA ARAÇLARI FONU(866) : 0.46  ,  ;9567.446819181738
2019-04-15;FİBA PORTFÖY ÇOKLU VARLIK BİRİNCİ DEĞİŞKEN FON(625) : 0.27  ,  GARANTİ PORTFÖY İKİNCİ DEĞİŞKEN FON(702) : 0.05  ,  OYAK PORTFÖY İKİNCİ DEĞİŞKEN FON(849) : 0.03  ,  OSMANLI PORTFÖY ÖZEL SEKTÖR BORÇLANMA ARAÇLARI FONU(866) : 0.63  ,  ;9588.584366734316
2019-04-16;FİBA PORTFÖY ÇOKLU VARLIK BİRİNCİ DEĞİŞKEN FON(625) : 0.08  ,  GARANTİ PORTFÖY BİRİNCİ KATILIM FONU(700) : 0.07  ,  KARE PORTFÖY BİRİNCİ DEĞİŞKEN FON(817) : 0.03  ,  OYAK PORTFÖY İKİNCİ DEĞİŞKEN FON(849) : 0.04  ,  OSMANLI PORTFÖY ÖZEL SEKTÖR BORÇLANMA ARAÇLARI FONU(866) : 0.68  ,  YAPI KREDİ PORTFÖY ORTA VADELİ BORÇLANMA ARAÇLARI FONU(1006) : 0.1  ,  ;9593.688637137591
2019-04-17;AK PORTFÖY KİRA SERTİFİKALARI KATILIM FONU(533) : 0.06  ,  GARANTİ PORTFÖY BİRİNCİ KATILIM FONU(700) : 0.1  ,  OYAK PORTFÖY İKİNCİ DEĞİŞKEN FON(849) : 0.07  ,  OSMANLI PORTFÖY ÖZEL SEKTÖR BORÇLANMA ARAÇLARI FONU(866) : 0.4  ,  TACİRLER PORTFÖY KISA VADELİ BORÇLANMA ARAÇLARI FONU(920) : 0.24  ,  YAPI KREDİ PORTFÖY ORTA VADELİ BORÇLANMA ARAÇLARI FONU(1006) : 0.13  ,  ;9599.640585444655
2019-04-18;AK PORTFÖY KİRA SERTİFİKALARI KATILIM FONU(533) : 0.1095  ,  QİNVEST PORTFÖY İKİNCİ DEĞİŞKEN FONU(620) : 0.08841  ,  FİBA PORTFÖY ÇOKLU VARLIK BİRİNCİ DEĞİŞKEN FON(625) : 0.05265  ,  KARE PORTFÖY BİRİNCİ DEĞİŞKEN FON(817) : 0.03576  ,  OYAK PORTFÖY İKİNCİ DEĞİŞKEN FON(849) : 0.09559  ,  OSMANLI PORTFÖY ÖZEL SEKTÖR BORÇLANMA ARAÇLARI FONU(866) : 0.18722  ,  YAPI KREDİ PORTFÖY ORTA VADELİ BORÇLANMA ARAÇLARI FONU(1006) : 0.43086  ,  ;9606.367987619597
2019-04-19;GARANTİ PORTFÖY BORÇLANMA ARAÇLARI FONU(667) : 0.09  ,  GARANTİ PORTFÖY BİRİNCİ KATILIM FONU(700) : 0.65  ,  TEB PORTFÖY BORÇLANMA ARAÇLARI FONU(917) : 0.11  ,  YAPI KREDİ PORTFÖY ORTA VADELİ BORÇLANMA ARAÇLARI FONU(1006) : 0.13  ,  ;9623.381641682581
2019-04-22;OSMANLI PORTFÖY ÖZEL SEKTÖR BORÇLANMA ARAÇLARI FONU(866) : 0.07  ,  TEB PORTFÖY BORÇLANMA ARAÇLARI FONU(917) : 0.05  ,  TACİRLER PORTFÖY KISA VADELİ BORÇLANMA ARAÇLARI FONU(920) : 0.88  ,  ;9610.672490841525
2019-04-24;OSMANLI PORTFÖY ÖZEL SEKTÖR BORÇLANMA ARAÇLARI FONU(866) : 0.27  ,  TACİRLER PORTFÖY KISA VADELİ BORÇLANMA ARAÇLARI FONU(920) : 0.68  ,  YAPI KREDİ PORTFÖY ORTA VADELİ BORÇLANMA ARAÇLARI FONU(1006) : 0.03  ,  ;9621.66583245666
2019-04-25;DENİZ PORTFÖY KISALI VADELİ BORÇLANMA ARAÇLARI FONU(577) : 0.12  ,  TEB PORTFÖY İKİNCİ DEĞİŞKEN FON(772) : 0.06  ,  OSMANLI PORTFÖY ÖZEL SEKTÖR BORÇLANMA ARAÇLARI FONU(866) : 0.07  ,  TACİRLER PORTFÖY KISA VADELİ BORÇLANMA ARAÇLARI FONU(920) : 0.74  ,  ;9625.927712014794
2019-04-26;DENİZ PORTFÖY KISALI VADELİ BORÇLANMA ARAÇLARI FONU(577) : 0.69  ,  TEB PORTFÖY İKİNCİ DEĞİŞKEN FON(772) : 0.08  ,  OSMANLI PORTFÖY ÖZEL SEKTÖR BORÇLANMA ARAÇLARI FONU(866) : 0.18  ,  ;9629.619033623027
2019-04-29;QNB FINANS PORTFÖY BORÇLANMA ARAÇLARI FONU(633) : 0.59217  ,  GARANTİ PORTFÖY BİRİNCİ KATILIM FONU(700) : 0.37527  ,  TEB PORTFÖY BORÇLANMA ARAÇLARI FONU(917) : 0.03256  ,  ;9644.803901222353
2019-04-30;QNB FINANS PORTFÖY BORÇLANMA ARAÇLARI FONU(633) : 0.29919  ,  GARANTİ PORTFÖY BİRİNCİ KATILIM FONU(700) : 0.70081  ,  ;9643.281813307223
2019-05-02;QNB FINANS PORTFÖY BORÇLANMA ARAÇLARI FONU(633) : 1.0  ,  ;9619.441101889457
2019-05-03;AK PORTFÖY KİRA SERTİFİKALARI KATILIM FONU(533) : 0.32  ,  DENİZ PORTFÖY KISALI VADELİ BORÇLANMA ARAÇLARI FONU(577) : 0.36  ,  OSMANLI PORTFÖY ÖZEL SEKTÖR BORÇLANMA ARAÇLARI FONU(866) : 0.15  ,  ÜNLÜ PORTFÖY BİRİNCİ DEĞİŞKEN FON(913) : 0.16  ,  ;9592.527369601317
2019-05-06;QNB FINANS PORTFÖY BORÇLANMA ARAÇLARI FONU(633) : 0.2282  ,  GARANTİ PORTFÖY BİRİNCİ KATILIM FONU(700) : 0.7718  ,  ;9602.552754934488
2019-05-07;DENİZ PORTFÖY KISALI VADELİ BORÇLANMA ARAÇLARI FONU(577) : 0.60961  ,  TEB PORTFÖY İKİNCİ DEĞİŞKEN FON(772) : 0.03944  ,  OSMANLI PORTFÖY ÖZEL SEKTÖR BORÇLANMA ARAÇLARI FONU(866) : 0.14298  ,  ÜNLÜ PORTFÖY BİRİNCİ DEĞİŞKEN FON(913) : 0.17532  ,  TACİRLER PORTFÖY KISA VADELİ BORÇLANMA ARAÇLARI FONU(920) : 0.03265  ,  ;9589.62913636879
2019-05-08;QNB FINANS PORTFÖY BORÇLANMA ARAÇLARI FONU(633) : 0.05  ,  TEB PORTFÖY İKİNCİ DEĞİŞKEN FON(772) : 0.1  ,  OSMANLI PORTFÖY ÖZEL SEKTÖR BORÇLANMA ARAÇLARI FONU(866) : 0.31  ,  TACİRLER PORTFÖY KISA VADELİ BORÇLANMA ARAÇLARI FONU(920) : 0.4  ,  YAPI KREDİ PORTFÖY ORTA VADELİ BORÇLANMA ARAÇLARI FONU(1006) : 0.14  ,  ;9597.477677503315
2019-05-09;QNB FINANS PORTFÖY BORÇLANMA ARAÇLARI FONU(633) : 0.36066  ,  GARANTİ PORTFÖY BİRİNCİ KATILIM FONU(700) : 0.63934  ,  ;9594.834165578262
2019-05-10;QNB FINANS PORTFÖY BORÇLANMA ARAÇLARI FONU(633) : 0.91098  ,  TEB PORTFÖY BORÇLANMA ARAÇLARI FONU(917) : 0.08902  ,  ;9569.709721316687
2019-05-13;QNB FINANS PORTFÖY BORÇLANMA ARAÇLARI FONU(633) : 0.07993  ,  GARANTİ PORTFÖY BİRİNCİ KATILIM FONU(700) : 0.92007  ,  ;9553.220203546185
2019-05-14;QNB FINANS PORTFÖY BORÇLANMA ARAÇLARI FONU(633) : 0.08694  ,  GARANTİ PORTFÖY BİRİNCİ KATILIM FONU(700) : 0.91306  ,  ;9504.345223357432
2019-05-15;GARANTİ PORTFÖY BİRİNCİ KATILIM FONU(700) : 0.89967  ,  TEB PORTFÖY BORÇLANMA ARAÇLARI FONU(917) : 0.06787  ,  İŞ PORTFÖY ORTA VADELİ BORÇLANMA ARAÇLARI FONU(941) : 0.03247  ,  ;9538.37284944391
2019-05-16;DENİZ PORTFÖY KISALI VADELİ BORÇLANMA ARAÇLARI FONU(577) : 0.05972  ,  QNB FINANS PORTFÖY BORÇLANMA ARAÇLARI FONU(633) : 0.08086  ,  GARANTİ PORTFÖY BORÇLANMA ARAÇLARI FONU(667) : 0.04253  ,  OSMANLI PORTFÖY ÖZEL SEKTÖR BORÇLANMA ARAÇLARI FONU(866) : 0.14275  ,  ÜNLÜ PORTFÖY BİRİNCİ DEĞİŞKEN FON(913) : 0.28893  ,  TACİRLER PORTFÖY KISA VADELİ BORÇLANMA ARAÇLARI FONU(920) : 0.3852  ,  ;9541.250228876745
2019-05-17;QNB FINANS PORTFÖY BORÇLANMA ARAÇLARI FONU(633) : 0.73846  ,  TEB PORTFÖY BORÇLANMA ARAÇLARI FONU(917) : 0.26154  ,  ;9547.625000176595
2019-05-20;QNB FINANS PORTFÖY BORÇLANMA ARAÇLARI FONU(633) : 0.36673  ,  TEB PORTFÖY BORÇLANMA ARAÇLARI FONU(917) : 0.455  ,  YAPI KREDİ PORTFÖY ORTA VADELİ BORÇLANMA ARAÇLARI FONU(1006) : 0.17827  ,  ;9558.685275729033
2019-05-21;TEB PORTFÖY BORÇLANMA ARAÇLARI FONU(917) : 0.17468  ,  İŞ PORTFÖY ORTA VADELİ BORÇLANMA ARAÇLARI FONU(941) : 0.59009  ,  YAPI KREDİ PORTFÖY ORTA VADELİ BORÇLANMA ARAÇLARI FONU(1006) : 0.23523  ,  ;9580.872554391273
2019-05-22;OSMANLI PORTFÖY ÖZEL SEKTÖR BORÇLANMA ARAÇLARI FONU(866) : 0.44381  ,  TEB PORTFÖY BORÇLANMA ARAÇLARI FONU(917) : 0.03195  ,  İŞ PORTFÖY ORTA VADELİ BORÇLANMA ARAÇLARI FONU(941) : 0.34903  ,  YAPI KREDİ PORTFÖY ORTA VADELİ BORÇLANMA ARAÇLARI FONU(1006) : 0.17521  ,  ;9584.136300414175
2019-05-23;TEB PORTFÖY İKİNCİ DEĞİŞKEN FON(772) : 0.13673  ,  OSMANLI PORTFÖY ÖZEL SEKTÖR BORÇLANMA ARAÇLARI FONU(866) : 0.12853  ,  TEB PORTFÖY BORÇLANMA ARAÇLARI FONU(917) : 0.06628  ,  İŞ PORTFÖY ORTA VADELİ BORÇLANMA ARAÇLARI FONU(941) : 0.23228  ,  ZİRAAT PORTFÖY BORÇLANMA ARAÇLARI FONU(973) : 0.08613  ,  YAPI KREDİ PORTFÖY ORTA VADELİ BORÇLANMA ARAÇLARI FONU(1006) : 0.35006  ,  ;9591.016673852795
2019-05-24;OSMANLI PORTFÖY ÖZEL SEKTÖR BORÇLANMA ARAÇLARI FONU(866) : 0.23278  ,  ÜNLÜ PORTFÖY BİRİNCİ DEĞİŞKEN FON(913) : 0.49154  ,  İŞ PORTFÖY ORTA VADELİ BORÇLANMA ARAÇLARI FONU(941) : 0.06884  ,  ZİRAAT PORTFÖY BORÇLANMA ARAÇLARI FONU(973) : 0.0963  ,  YAPI KREDİ PORTFÖY ORTA VADELİ BORÇLANMA ARAÇLARI FONU(1006) : 0.11055  ,  ;9592.061332874093
2019-05-27;AK PORTFÖY KİRA SERTİFİKALARI KATILIM FONU(533) : 0.45  ,  DENİZ PORTFÖY KISALI VADELİ BORÇLANMA ARAÇLARI FONU(577) : 0.31  ,  OSMANLI PORTFÖY ÖZEL SEKTÖR BORÇLANMA ARAÇLARI FONU(866) : 0.21  ,  ;9611.696475048446
2019-05-28;AK PORTFÖY KİRA SERTİFİKALARI KATILIM FONU(533) : 0.57497  ,  GARANTİ PORTFÖY BİRİNCİ KATILIM FONU(700) : 0.25009  ,  OSMANLI PORTFÖY ÖZEL SEKTÖR BORÇLANMA ARAÇLARI FONU(866) : 0.17494  ,  ;9615.888821262646
2019-05-29;AK PORTFÖY KİRA SERTİFİKALARI KATILIM FONU(533) : 0.75  ,  GARANTİ PORTFÖY BİRİNCİ KATILIM FONU(700) : 0.09  ,  TEB PORTFÖY BORÇLANMA ARAÇLARI FONU(917) : 0.08  ,  YAPI KREDİ PORTFÖY ORTA VADELİ BORÇLANMA ARAÇLARI FONU(1006) : 0.07  ,  ;9629.110730672357
2019-05-30;GARANTİ PORTFÖY BİRİNCİ KATILIM FONU(700) : 0.39645  ,  TEB PORTFÖY BORÇLANMA ARAÇLARI FONU(917) : 0.22797  ,  İŞ PORTFÖY ORTA VADELİ BORÇLANMA ARAÇLARI FONU(941) : 0.1845  ,  YAPI KREDİ PORTFÖY ORTA VADELİ BORÇLANMA ARAÇLARI FONU(1006) : 0.19108  ,  ;9630.663443178419
2019-05-31;GARANTİ PORTFÖY BİRİNCİ KATILIM FONU(700) : 0.87334  ,  TEB PORTFÖY BORÇLANMA ARAÇLARI FONU(917) : 0.06815  ,  İŞ PORTFÖY ORTA VADELİ BORÇLANMA ARAÇLARI FONU(941) : 0.0585  ,  ;9663.638349280569
2019-06-03;GARANTİ PORTFÖY BİRİNCİ KATILIM FONU(700) : 0.58  ,  OYAK PORTFÖY İKİNCİ DEĞİŞKEN FON(849) : 0.26  ,  TEB PORTFÖY BORÇLANMA ARAÇLARI FONU(917) : 0.06  ,  İŞ PORTFÖY ORTA VADELİ BORÇLANMA ARAÇLARI FONU(941) : 0.1  ,  ;9685.559017734258
2019-06-07;QNB FINANS PORTFÖY BORÇLANMA ARAÇLARI FONU(633) : 0.04  ,  GARANTİ PORTFÖY BİRİNCİ KATILIM FONU(700) : 0.62  ,  OYAK PORTFÖY İKİNCİ DEĞİŞKEN FON(849) : 0.17  ,  TEB PORTFÖY BORÇLANMA ARAÇLARI FONU(917) : 0.06  ,  TACİRLER PORTFÖY KISA VADELİ BORÇLANMA ARAÇLARI FONU(920) : 0.07  ,  İŞ PORTFÖY ORTA VADELİ BORÇLANMA ARAÇLARI FONU(941) : 0.04  ,  ;9697.506638760506
2019-06-10;GARANTİ PORTFÖY BİRİNCİ KATILIM FONU(700) : 0.85  ,  OYAK PORTFÖY İKİNCİ DEĞİŞKEN FON(849) : 0.05  ,  TEB PORTFÖY BORÇLANMA ARAÇLARI FONU(917) : 0.04  ,  YAPI KREDİ PORTFÖY ORTA VADELİ BORÇLANMA ARAÇLARI FONU(1006) : 0.04  ,  ;9822.492226284665
2019-06-11;AK PORTFÖY KİRA SERTİFİKALARI KATILIM FONU(533) : 0.25  ,  GARANTİ PORTFÖY BİRİNCİ KATILIM FONU(700) : 0.66  ,  YAPI KREDİ PORTFÖY ORTA VADELİ BORÇLANMA ARAÇLARI FONU(1006) : 0.08  ,  ;9825.174626471904
2019-06-12;GARANTİ PORTFÖY BİRİNCİ KATILIM FONU(700) : 0.91  ,  OYAK PORTFÖY İKİNCİ DEĞİŞKEN FON(849) : 0.03  ,  TEB PORTFÖY BORÇLANMA ARAÇLARI FONU(917) : 0.04  ,  ;9808.235491194433
2019-06-13;QNB FINANS PORTFÖY BORÇLANMA ARAÇLARI FONU(633) : 0.06  ,  GARANTİ PORTFÖY BİRİNCİ KATILIM FONU(700) : 0.21  ,  AURA PORTFÖY DEĞİŞKEN FONU(811) : 0.06  ,  OYAK PORTFÖY İKİNCİ DEĞİŞKEN FON(849) : 0.1  ,  ÜNLÜ PORTFÖY BİRİNCİ DEĞİŞKEN FON(913) : 0.09  ,  TACİRLER PORTFÖY KISA VADELİ BORÇLANMA ARAÇLARI FONU(920) : 0.37  ,  İŞ PORTFÖY ORTA VADELİ BORÇLANMA ARAÇLARI FONU(941) : 0.03  ,  YAPI KREDİ PORTFÖY ORTA VADELİ BORÇLANMA ARAÇLARI FONU(1006) : 0.07  ,  ;9837.594771276523
2019-06-14;ÜNLÜ PORTFÖY BİRİNCİ DEĞİŞKEN FON(913) : 0.09  ,  TACİRLER PORTFÖY KISA VADELİ BORÇLANMA ARAÇLARI FONU(920) : 0.77  ,  İŞ PORTFÖY ORTA VADELİ BORÇLANMA ARAÇLARI FONU(941) : 0.06  ,  YAPI KREDİ PORTFÖY ORTA VADELİ BORÇLANMA ARAÇLARI FONU(1006) : 0.05  ,  ;9833.200822838377
2019-06-17;AK PORTFÖY KİRA SERTİFİKALARI KATILIM FONU(533) : 0.43  ,  GARANTİ PORTFÖY BİRİNCİ KATILIM FONU(700) : 0.46  ,  AURA PORTFÖY DEĞİŞKEN FONU(811) : 0.03  ,  ÜNLÜ PORTFÖY BİRİNCİ DEĞİŞKEN FON(913) : 0.03  ,  TEB PORTFÖY BORÇLANMA ARAÇLARI FONU(917) : 0.04  ,  ;9846.81416825739
2019-06-18;AK PORTFÖY KİRA SERTİFİKALARI KATILIM FONU(533) : 0.16  ,  GARANTİ PORTFÖY BİRİNCİ KATILIM FONU(700) : 0.25  ,  OSMANLI PORTFÖY ÖZEL SEKTÖR BORÇLANMA ARAÇLARI FONU(866) : 0.15  ,  ÜNLÜ PORTFÖY BİRİNCİ DEĞİŞKEN FON(913) : 0.32  ,  İŞ PORTFÖY ORTA VADELİ BORÇLANMA ARAÇLARI FONU(941) : 0.08  ,  ;9857.044819358096
2019-06-19;AK PORTFÖY KİRA SERTİFİKALARI KATILIM FONU(533) : 0.21  ,  GARANTİ PORTFÖY BİRİNCİ KATILIM FONU(700) : 0.64  ,  OYAK PORTFÖY İKİNCİ DEĞİŞKEN FON(849) : 0.06  ,  ZİRAAT PORTFÖY BORÇLANMA ARAÇLARI FONU(973) : 0.07  ,  ;9877.981835859202
2019-06-20;GARANTİ PORTFÖY BİRİNCİ KATILIM FONU(700) : 0.62  ,  İŞ PORTFÖY ORTA VADELİ BORÇLANMA ARAÇLARI FONU(941) : 0.15  ,  YAPI KREDİ PORTFÖY ORTA VADELİ BORÇLANMA ARAÇLARI FONU(1006) : 0.21  ,  ;9881.56749423279
2019-06-21;AK PORTFÖY KİRA SERTİFİKALARI KATILIM FONU(533) : 0.04853  ,  GARANTİ PORTFÖY BİRİNCİ KATILIM FONU(700) : 0.61092  ,  TEB PORTFÖY BORÇLANMA ARAÇLARI FONU(917) : 0.04329  ,  İŞ PORTFÖY ORTA VADELİ BORÇLANMA ARAÇLARI FONU(941) : 0.12178  ,  YAPI KREDİ PORTFÖY ORTA VADELİ BORÇLANMA ARAÇLARI FONU(1006) : 0.17548  ,  ;9916.688010508196
2019-06-24;AK PORTFÖY KİRA SERTİFİKALARI KATILIM FONU(533) : 0.55  ,  OYAK PORTFÖY İKİNCİ DEĞİŞKEN FON(849) : 0.03  ,  ÜNLÜ PORTFÖY BİRİNCİ DEĞİŞKEN FON(913) : 0.18  ,  YAPI KREDİ PORTFÖY ORTA VADELİ BORÇLANMA ARAÇLARI FONU(1006) : 0.22  ,  ;9953.798284152183
2019-06-25;AK PORTFÖY KİRA SERTİFİKALARI KATILIM FONU(533) : 0.52  ,  QNB FINANS PORTFÖY BORÇLANMA ARAÇLARI FONU(633) : 0.04  ,  İŞ PORTFÖY ORTA VADELİ BORÇLANMA ARAÇLARI FONU(941) : 0.07  ,  YAPI KREDİ PORTFÖY ORTA VADELİ BORÇLANMA ARAÇLARI FONU(1006) : 0.35  ,  ;9971.396596919583
2019-06-26;AK PORTFÖY KİRA SERTİFİKALARI KATILIM FONU(533) : 0.29  ,  GARANTİ PORTFÖY BİRİNCİ KATILIM FONU(700) : 0.31  ,  TACİRLER PORTFÖY KISA VADELİ BORÇLANMA ARAÇLARI FONU(920) : 0.28  ,  YAPI KREDİ PORTFÖY ORTA VADELİ BORÇLANMA ARAÇLARI FONU(1006) : 0.09  ,  ;9969.006703690504
2019-06-27;GARANTİ PORTFÖY BİRİNCİ KATILIM FONU(700) : 0.30256  ,  OSMANLI PORTFÖY ÖZEL SEKTÖR BORÇLANMA ARAÇLARI FONU(866) : 0.14504  ,  TACİRLER PORTFÖY KISA VADELİ BORÇLANMA ARAÇLARI FONU(920) : 0.39056  ,  İŞ PORTFÖY ORTA VADELİ BORÇLANMA ARAÇLARI FONU(941) : 0.10002  ,  YAPI KREDİ PORTFÖY ORTA VADELİ BORÇLANMA ARAÇLARI FONU(1006) : 0.06182  ,  ;9965.701073041415
2019-06-28;DENİZ PORTFÖY KISALI VADELİ BORÇLANMA ARAÇLARI FONU(577) : 0.13  ,  FİBA PORTFÖY ÇOKLU VARLIK BİRİNCİ DEĞİŞKEN FON(625) : 0.05  ,  GARANTİ PORTFÖY BİRİNCİ KATILIM FONU(700) : 0.06  ,  GEDİK PORTFÖY BİRİNCİ DEĞİŞKEN FON(701) : 0.03  ,  KARE PORTFÖY BİRİNCİ DEĞİŞKEN FON(817) : 0.07  ,  OSMANLI PORTFÖY ÖZEL SEKTÖR BORÇLANMA ARAÇLARI FONU(866) : 0.66  ,  ;9974.35855998823
2019-07-01;DENİZ PORTFÖY KISALI VADELİ BORÇLANMA ARAÇLARI FONU(577) : 0.81  ,  TEB PORTFÖY İKİNCİ DEĞİŞKEN FON(772) : 0.04  ,  OSMANLI PORTFÖY ÖZEL SEKTÖR BORÇLANMA ARAÇLARI FONU(866) : 0.14  ,  ;9997.989181342598
2019-07-02;AK PORTFÖY KİRA SERTİFİKALARI KATILIM FONU(533) : 0.08  ,  DENİZ PORTFÖY KISALI VADELİ BORÇLANMA ARAÇLARI FONU(577) : 0.66  ,  OSMANLI PORTFÖY ÖZEL SEKTÖR BORÇLANMA ARAÇLARI FONU(866) : 0.26  ,  ;10003.55570247362
2019-07-03;AK PORTFÖY KİRA SERTİFİKALARI KATILIM FONU(533) : 0.26118  ,  GARANTİ PORTFÖY BİRİNCİ KATILIM FONU(700) : 0.31673  ,  OYAK PORTFÖY İKİNCİ DEĞİŞKEN FON(849) : 0.08448  ,  TACİRLER PORTFÖY KISA VADELİ BORÇLANMA ARAÇLARI FONU(920) : 0.33761  ,  ;10009.440184956544
2019-07-04;AK PORTFÖY KİRA SERTİFİKALARI KATILIM FONU(533) : 0.53519  ,  GARANTİ PORTFÖY BİRİNCİ KATILIM FONU(700) : 0.26313  ,  OYAK PORTFÖY İKİNCİ DEĞİŞKEN FON(849) : 0.11112  ,  ÜNLÜ PORTFÖY BİRİNCİ DEĞİŞKEN FON(913) : 0.09056  ,  ;10013.68009734443
2019-07-05;AK PORTFÖY KİRA SERTİFİKALARI KATILIM FONU(533) : 0.54  ,  GARANTİ PORTFÖY BİRİNCİ KATILIM FONU(700) : 0.23  ,  OYAK PORTFÖY İKİNCİ DEĞİŞKEN FON(849) : 0.12  ,  OSMANLI PORTFÖY ÖZEL SEKTÖR BORÇLANMA ARAÇLARI FONU(866) : 0.07  ,  ÜNLÜ PORTFÖY BİRİNCİ DEĞİŞKEN FON(913) : 0.04  ,  ;10014.48246009089
2019-07-08;AK PORTFÖY KİRA SERTİFİKALARI KATILIM FONU(533) : 0.63  ,  QİNVEST PORTFÖY İKİNCİ DEĞİŞKEN FONU(620) : 0.05  ,  OYAK PORTFÖY İKİNCİ DEĞİŞKEN FON(849) : 0.11  ,  OSMANLI PORTFÖY ÖZEL SEKTÖR BORÇLANMA ARAÇLARI FONU(866) : 0.07  ,  TACİRLER PORTFÖY KISA VADELİ BORÇLANMA ARAÇLARI FONU(920) : 0.14  ,  ;10027.590220322565
2019-07-09;AK PORTFÖY KİRA SERTİFİKALARI KATILIM FONU(533) : 0.11  ,  DENİZ PORTFÖY KISALI VADELİ BORÇLANMA ARAÇLARI FONU(577) : 0.32  ,  OSMANLI PORTFÖY ÖZEL SEKTÖR BORÇLANMA ARAÇLARI FONU(866) : 0.24  ,  TACİRLER PORTFÖY KISA VADELİ BORÇLANMA ARAÇLARI FONU(920) : 0.31  ,  ;10032.783046952029
2019-07-10;AK PORTFÖY KİRA SERTİFİKALARI KATILIM FONU(533) : 0.29  ,  TACİRLER PORTFÖY KISA VADELİ BORÇLANMA ARAÇLARI FONU(920) : 0.7  ,  ;10037.7208708133
2019-07-11;AK PORTFÖY KİRA SERTİFİKALARI KATILIM FONU(533) : 0.05  ,  DENİZ PORTFÖY KISALI VADELİ BORÇLANMA ARAÇLARI FONU(577) : 0.34  ,  OSMANLI PORTFÖY ÖZEL SEKTÖR BORÇLANMA ARAÇLARI FONU(866) : 0.04  ,  ÜNLÜ PORTFÖY BİRİNCİ DEĞİŞKEN FON(913) : 0.09  ,  TACİRLER PORTFÖY KISA VADELİ BORÇLANMA ARAÇLARI FONU(920) : 0.45  ,  ;10041.372739625289
2019-07-12;DENİZ PORTFÖY KISALI VADELİ BORÇLANMA ARAÇLARI FONU(577) : 0.48  ,  QİNVEST PORTFÖY İKİNCİ DEĞİŞKEN FONU(620) : 0.07  ,  OSMANLI PORTFÖY ÖZEL SEKTÖR BORÇLANMA ARAÇLARI FONU(866) : 0.04  ,  ÜNLÜ PORTFÖY BİRİNCİ DEĞİŞKEN FON(913) : 0.25  ,  TACİRLER PORTFÖY KISA VADELİ BORÇLANMA ARAÇLARI FONU(920) : 0.16  ,  ;10042.964374128278
2019-07-16;DENİZ PORTFÖY KISALI VADELİ BORÇLANMA ARAÇLARI FONU(577) : 0.71  ,  QİNVEST PORTFÖY İKİNCİ DEĞİŞKEN FONU(620) : 0.11  ,  GARANTİ PORTFÖY BİRİNCİ KATILIM FONU(700) : 0.11  ,  TACİRLER PORTFÖY KISA VADELİ BORÇLANMA ARAÇLARI FONU(920) : 0.06  ,  ;10062.98165083823
2019-07-17;DENİZ PORTFÖY KISALI VADELİ BORÇLANMA ARAÇLARI FONU(577) : 0.6  ,  QİNVEST PORTFÖY İKİNCİ DEĞİŞKEN FONU(620) : 0.14  ,  OSMANLI PORTFÖY ÖZEL SEKTÖR BORÇLANMA ARAÇLARI FONU(866) : 0.03  ,  TACİRLER PORTFÖY KISA VADELİ BORÇLANMA ARAÇLARI FONU(920) : 0.2  ,  ;10069.80341529571
2019-07-18;AK PORTFÖY KİRA SERTİFİKALARI KATILIM FONU(533) : 0.3  ,  QİNVEST PORTFÖY İKİNCİ DEĞİŞKEN FONU(620) : 0.05  ,  TACİRLER PORTFÖY KISA VADELİ BORÇLANMA ARAÇLARI FONU(920) : 0.64  ,  ;10082.091913976099
2019-07-19;AK PORTFÖY KİRA SERTİFİKALARI KATILIM FONU(533) : 0.06886  ,  GARANTİ PORTFÖY BİRİNCİ KATILIM FONU(700) : 0.13818  ,  TACİRLER PORTFÖY KISA VADELİ BORÇLANMA ARAÇLARI FONU(920) : 0.76073  ,  YAPI KREDİ PORTFÖY ORTA VADELİ BORÇLANMA ARAÇLARI FONU(1006) : 0.03222  ,  ;10093.897550108293
2019-07-22;AK PORTFÖY KİRA SERTİFİKALARI KATILIM FONU(533) : 0.07  ,  QİNVEST PORTFÖY İKİNCİ DEĞİŞKEN FONU(620) : 0.09  ,  GARANTİ PORTFÖY BİRİNCİ KATILIM FONU(700) : 0.68  ,  YAPI KREDİ PORTFÖY ORTA VADELİ BORÇLANMA ARAÇLARI FONU(1006) : 0.15  ,  ;10108.684300128498
2019-07-23;QİNVEST PORTFÖY İKİNCİ DEĞİŞKEN FONU(620) : 0.12  ,  QNB FINANS PORTFÖY BORÇLANMA ARAÇLARI FONU(633) : 0.04  ,  GARANTİ PORTFÖY BİRİNCİ KATILIM FONU(700) : 0.55  ,  TACİRLER PORTFÖY KISA VADELİ BORÇLANMA ARAÇLARI FONU(920) : 0.03  ,  İŞ PORTFÖY ORTA VADELİ BORÇLANMA ARAÇLARI FONU(941) : 0.18  ,  YAPI KREDİ PORTFÖY ORTA VADELİ BORÇLANMA ARAÇLARI FONU(1006) : 0.07  ,  ;10156.926379555136
2019-07-24;AK PORTFÖY KİRA SERTİFİKALARI KATILIM FONU(533) : 0.45  ,  QİNVEST PORTFÖY İKİNCİ DEĞİŞKEN FONU(620) : 0.08  ,  GARANTİ PORTFÖY BİRİNCİ KATILIM FONU(700) : 0.27  ,  KARE PORTFÖY BİRİNCİ BORÇLANMA ARAÇLARI FONU(816) : 0.11  ,  İŞ PORTFÖY ORTA VADELİ BORÇLANMA ARAÇLARI FONU(941) : 0.04  ,  YAPI KREDİ PORTFÖY ORTA VADELİ BORÇLANMA ARAÇLARI FONU(1006) : 0.05  ,  ;10171.186933908832
2019-07-25;AK PORTFÖY KİRA SERTİFİKALARI KATILIM FONU(533) : 0.29629  ,  GARANTİ PORTFÖY BİRİNCİ KATILIM FONU(700) : 0.42733  ,  OSMANLI PORTFÖY ÖZEL SEKTÖR BORÇLANMA ARAÇLARI FONU(866) : 0.0855  ,  TACİRLER PORTFÖY KISA VADELİ BORÇLANMA ARAÇLARI FONU(920) : 0.19089  ,  ;10187.069589654771
2019-07-26;AK PORTFÖY KİRA SERTİFİKALARI KATILIM FONU(533) : 0.3855  ,  QİNVEST PORTFÖY İKİNCİ DEĞİŞKEN FONU(620) : 0.07321  ,  GARANTİ PORTFÖY BİRİNCİ KATILIM FONU(700) : 0.22568  ,  GARANTİ PORTFÖY İKİNCİ DEĞİŞKEN FON(702) : 0.03334  ,  TACİRLER PORTFÖY KISA VADELİ BORÇLANMA ARAÇLARI FONU(920) : 0.2438  ,  YAPI KREDİ PORTFÖY ORTA VADELİ BORÇLANMA ARAÇLARI FONU(1006) : 0.03846  ,  ;10183.359085456597
2019-07-29;AK PORTFÖY KİRA SERTİFİKALARI KATILIM FONU(533) : 0.5  ,  QİNVEST PORTFÖY İKİNCİ DEĞİŞKEN FONU(620) : 0.09  ,  GARANTİ PORTFÖY BİRİNCİ KATILIM FONU(700) : 0.32  ,  GARANTİ PORTFÖY İKİNCİ DEĞİŞKEN FON(702) : 0.04  ,  ÜNLÜ PORTFÖY BİRİNCİ DEĞİŞKEN FON(913) : 0.04  ,  ;10217.595068822793
2019-07-30;AK PORTFÖY KİRA SERTİFİKALARI KATILIM FONU(533) : 0.73  ,  QİNVEST PORTFÖY İKİNCİ DEĞİŞKEN FONU(620) : 0.06  ,  QNB FINANS PORTFÖY BORÇLANMA ARAÇLARI FONU(633) : 0.04  ,  İŞ PORTFÖY ORTA VADELİ BORÇLANMA ARAÇLARI FONU(941) : 0.09  ,  YAPI KREDİ PORTFÖY ORTA VADELİ BORÇLANMA ARAÇLARI FONU(1006) : 0.04  ,  ;10232.094043482013
2019-07-31;AK PORTFÖY KİRA SERTİFİKALARI KATILIM FONU(533) : 0.64  ,  QİNVEST PORTFÖY İKİNCİ DEĞİŞKEN FONU(620) : 0.27  ,  QNB FINANS PORTFÖY BORÇLANMA ARAÇLARI FONU(633) : 0.03  ,  YAPI KREDİ PORTFÖY ORTA VADELİ BORÇLANMA ARAÇLARI FONU(1006) : 0.04  ,  ;10246.298026596298
2019-08-01;AK PORTFÖY KİRA SERTİFİKALARI KATILIM FONU(533) : 0.46  ,  QİNVEST PORTFÖY İKİNCİ DEĞİŞKEN FONU(620) : 0.38  ,  GARANTİ PORTFÖY BİRİNCİ KATILIM FONU(700) : 0.03  ,  YAPI KREDİ PORTFÖY ORTA VADELİ BORÇLANMA ARAÇLARI FONU(1006) : 0.1  ,  ;10254.016010677482
2019-08-02;AK PORTFÖY KİRA SERTİFİKALARI KATILIM FONU(533) : 0.62  ,  QİNVEST PORTFÖY İKİNCİ DEĞİŞKEN FONU(620) : 0.05  ,  ÜNLÜ PORTFÖY BİRİNCİ DEĞİŞKEN FON(913) : 0.25  ,  YAPI KREDİ PORTFÖY ORTA VADELİ BORÇLANMA ARAÇLARI FONU(1006) : 0.06  ,  ;10261.420650482369
2019-08-05;AK PORTFÖY KİRA SERTİFİKALARI KATILIM FONU(533) : 0.53  ,  TEB PORTFÖY İKİNCİ DEĞİŞKEN FON(772) : 0.1  ,  TACİRLER PORTFÖY KISA VADELİ BORÇLANMA ARAÇLARI FONU(920) : 0.34  ,  YAPI KREDİ PORTFÖY ORTA VADELİ BORÇLANMA ARAÇLARI FONU(1006) : 0.03  ,  ;10279.336007681995
2019-08-06;AK PORTFÖY KİRA SERTİFİKALARI KATILIM FONU(533) : 0.35965  ,  GARANTİ PORTFÖY BİRİNCİ KATILIM FONU(700) : 0.03889  ,  OSMANLI PORTFÖY ÖZEL SEKTÖR BORÇLANMA ARAÇLARI FONU(866) : 0.0764  ,  TACİRLER PORTFÖY KISA VADELİ BORÇLANMA ARAÇLARI FONU(920) : 0.52506  ,  ;10290.634440930751
2019-08-07;AK PORTFÖY KİRA SERTİFİKALARI KATILIM FONU(533) : 0.41509  ,  DENİZ PORTFÖY KISALI VADELİ BORÇLANMA ARAÇLARI FONU(577) : 0.15056  ,  QİNVEST PORTFÖY İKİNCİ DEĞİŞKEN FONU(620) : 0.10442  ,  GARANTİ PORTFÖY BİRİNCİ KATILIM FONU(700) : 0.04868  ,  OSMANLI PORTFÖY ÖZEL SEKTÖR BORÇLANMA ARAÇLARI FONU(866) : 0.16489  ,  TACİRLER PORTFÖY KISA VADELİ BORÇLANMA ARAÇLARI FONU(920) : 0.11636  ,  ;10298.88650550679
2019-08-08;AK PORTFÖY KİRA SERTİFİKALARI KATILIM FONU(533) : 0.53778  ,  OSMANLI PORTFÖY ÖZEL SEKTÖR BORÇLANMA ARAÇLARI FONU(866) : 0.22088  ,  TACİRLER PORTFÖY KISA VADELİ BORÇLANMA ARAÇLARI FONU(920) : 0.24134  ,  ;10303.107749604109
2019-08-09;AK PORTFÖY KİRA SERTİFİKALARI KATILIM FONU(533) : 0.2406  ,  DENİZ PORTFÖY KISALI VADELİ BORÇLANMA ARAÇLARI FONU(577) : 0.43855  ,  OSMANLI PORTFÖY ÖZEL SEKTÖR BORÇLANMA ARAÇLARI FONU(866) : 0.14102  ,  TACİRLER PORTFÖY KISA VADELİ BORÇLANMA ARAÇLARI FONU(920) : 0.17983  ,  ;10312.473823779756
2019-08-15;AK PORTFÖY KİRA SERTİFİKALARI KATILIM FONU(533) : 0.16619  ,  DENİZ PORTFÖY KISALI VADELİ BORÇLANMA ARAÇLARI FONU(577) : 0.26333  ,  OSMANLI PORTFÖY ÖZEL SEKTÖR BORÇLANMA ARAÇLARI FONU(866) : 0.18113  ,  TACİRLER PORTFÖY KISA VADELİ BORÇLANMA ARAÇLARI FONU(920) : 0.38935  ,  ;10341.862135739386
2019-08-16;AK PORTFÖY KİRA SERTİFİKALARI KATILIM FONU(533) : 0.31  ,  QİNVEST PORTFÖY İKİNCİ DEĞİŞKEN FONU(620) : 0.31  ,  GARANTİ PORTFÖY BİRİNCİ KATILIM FONU(700) : 0.03  ,  TACİRLER PORTFÖY KISA VADELİ BORÇLANMA ARAÇLARI FONU(920) : 0.26  ,  YAPI KREDİ PORTFÖY ORTA VADELİ BORÇLANMA ARAÇLARI FONU(1006) : 0.07  ,  ;10350.249062539962
2019-08-19;AK PORTFÖY KİRA SERTİFİKALARI KATILIM FONU(533) : 0.32857  ,  QİNVEST PORTFÖY İKİNCİ DEĞİŞKEN FONU(620) : 0.43087  ,  QNB FINANS PORTFÖY BORÇLANMA ARAÇLARI FONU(633) : 0.08079  ,  GARANTİ PORTFÖY BİRİNCİ KATILIM FONU(700) : 0.12082  ,  TACİRLER PORTFÖY KISA VADELİ BORÇLANMA ARAÇLARI FONU(920) : 0.03896  ,  ;10372.442917366427
2019-08-20;AK PORTFÖY KİRA SERTİFİKALARI KATILIM FONU(533) : 0.43233  ,  QİNVEST PORTFÖY İKİNCİ DEĞİŞKEN FONU(620) : 0.14805  ,  GARANTİ PORTFÖY BİRİNCİ KATILIM FONU(700) : 0.19765  ,  TACİRLER PORTFÖY KISA VADELİ BORÇLANMA ARAÇLARI FONU(920) : 0.22198  ,  ;10362.76027526847
2019-08-21;AK PORTFÖY KİRA SERTİFİKALARI KATILIM FONU(533) : 0.24651  ,  QİNVEST PORTFÖY İKİNCİ DEĞİŞKEN FONU(620) : 0.14997  ,  GARANTİ PORTFÖY BİRİNCİ KATILIM FONU(700) : 0.0959  ,  TACİRLER PORTFÖY KISA VADELİ BORÇLANMA ARAÇLARI FONU(920) : 0.50762  ,  ;10372.429187497366
2019-08-22;DENİZ PORTFÖY KISALI VADELİ BORÇLANMA ARAÇLARI FONU(577) : 0.71  ,  GARANTİ PORTFÖY BİRİNCİ KATILIM FONU(700) : 0.06  ,  TACİRLER PORTFÖY KISA VADELİ BORÇLANMA ARAÇLARI FONU(920) : 0.2  ,  ;10374.610397048213
2019-08-23;DENİZ PORTFÖY KISALI VADELİ BORÇLANMA ARAÇLARI FONU(577) : 0.95  ,  GARANTİ PORTFÖY BİRİNCİ KATILIM FONU(700) : 0.05  ,  ;10377.235167611478
2019-08-26;AK PORTFÖY KİRA SERTİFİKALARI KATILIM FONU(533) : 0.11  ,  DENİZ PORTFÖY KISALI VADELİ BORÇLANMA ARAÇLARI FONU(577) : 0.47  ,  GARANTİ PORTFÖY BİRİNCİ KATILIM FONU(700) : 0.05  ,  TEB PORTFÖY İKİNCİ DEĞİŞKEN FON(772) : 0.14  ,  TACİRLER PORTFÖY KISA VADELİ BORÇLANMA ARAÇLARI FONU(920) : 0.23  ,  ;10385.879577487323
2019-08-27;AK PORTFÖY KİRA SERTİFİKALARI KATILIM FONU(533) : 0.11  ,  DENİZ PORTFÖY KISALI VADELİ BORÇLANMA ARAÇLARI FONU(577) : 0.07  ,  GARANTİ PORTFÖY BİRİNCİ KATILIM FONU(700) : 0.1  ,  OSMANLI PORTFÖY ÖZEL SEKTÖR BORÇLANMA ARAÇLARI FONU(866) : 0.06  ,  ÜNLÜ PORTFÖY BİRİNCİ DEĞİŞKEN FON(913) : 0.1  ,  TACİRLER PORTFÖY KISA VADELİ BORÇLANMA ARAÇLARI FONU(920) : 0.55  ,  ;10392.28195423051
2019-08-28;AK PORTFÖY KİRA SERTİFİKALARI KATILIM FONU(533) : 0.15  ,  GARANTİ PORTFÖY BİRİNCİ KATILIM FONU(700) : 0.13  ,  GARANTİ PORTFÖY İKİNCİ DEĞİŞKEN FON(702) : 0.05  ,  TACİRLER PORTFÖY KISA VADELİ BORÇLANMA ARAÇLARI FONU(920) : 0.61  ,  ;10396.143283008425
2019-08-29;DENİZ PORTFÖY KISALI VADELİ BORÇLANMA ARAÇLARI FONU(577) : 0.73  ,  GARANTİ PORTFÖY BİRİNCİ KATILIM FONU(700) : 0.05  ,  TACİRLER PORTFÖY KISA VADELİ BORÇLANMA ARAÇLARI FONU(920) : 0.2  ,  ;10397.631085980851
2019-09-02;DENİZ PORTFÖY KISALI VADELİ BORÇLANMA ARAÇLARI FONU(577) : 0.63  ,  QİNVEST PORTFÖY İKİNCİ DEĞİŞKEN FONU(620) : 0.07  ,  OSMANLI PORTFÖY ÖZEL SEKTÖR BORÇLANMA ARAÇLARI FONU(866) : 0.08  ,  TACİRLER PORTFÖY KISA VADELİ BORÇLANMA ARAÇLARI FONU(920) : 0.19  ,  ;10415.34675187354
2019-09-03;QİNVEST PORTFÖY İKİNCİ DEĞİŞKEN FONU(620) : 0.50805  ,  GARANTİ PORTFÖY İKİNCİ DEĞİŞKEN FON(702) : 0.07354  ,  TEB PORTFÖY BORÇLANMA ARAÇLARI FONU(917) : 0.36752  ,  ATA PORTFÖY ÇOKLU VARLIK DEĞİŞKEN FON(500) : 0.05089  ,  ;10421.624738623836
2019-09-04;QİNVEST PORTFÖY İKİNCİ DEĞİŞKEN FONU(620) : 0.58539  ,  QNB FINANS PORTFÖY BORÇLANMA ARAÇLARI FONU(633) : 0.16215  ,  GARANTİ PORTFÖY BİRİNCİ KATILIM FONU(700) : 0.12629  ,  GARANTİ PORTFÖY İKİNCİ DEĞİŞKEN FON(702) : 0.05717  ,  ATA PORTFÖY ÇOKLU VARLIK DEĞİŞKEN FON(500) : 0.06899  ,  ;10449.58272067582
2019-09-05;AK PORTFÖY KİRA SERTİFİKALARI KATILIM FONU(533) : 0.32  ,  GARANTİ PORTFÖY İKİNCİ DEĞİŞKEN FON(702) : 0.03  ,  OYAK PORTFÖY İKİNCİ DEĞİŞKEN FON(849) : 0.24  ,  OSMANLI PORTFÖY ÖZEL SEKTÖR BORÇLANMA ARAÇLARI FONU(866) : 0.1  ,  TEB PORTFÖY BORÇLANMA ARAÇLARI FONU(917) : 0.1  ,  TACİRLER PORTFÖY KISA VADELİ BORÇLANMA ARAÇLARI FONU(920) : 0.15  ,  ;10469.612045406295
2019-09-06;DENİZ PORTFÖY KISALI VADELİ BORÇLANMA ARAÇLARI FONU(577) : 0.57  ,  OSMANLI PORTFÖY ÖZEL SEKTÖR BORÇLANMA ARAÇLARI FONU(866) : 0.19  ,  TACİRLER PORTFÖY KISA VADELİ BORÇLANMA ARAÇLARI FONU(920) : 0.16  ,  İŞ PORTFÖY ORTA VADELİ BORÇLANMA ARAÇLARI FONU(941) : 0.05  ,  ;10478.789267229844
2019-09-09;DENİZ PORTFÖY KISALI VADELİ BORÇLANMA ARAÇLARI FONU(577) : 0.99  ,  ;10492.032334359401
2019-09-10;QİNVEST PORTFÖY İKİNCİ DEĞİŞKEN FONU(620) : 0.73  ,  OYAK PORTFÖY İKİNCİ DEĞİŞKEN FON(849) : 0.05  ,  TEB PORTFÖY BORÇLANMA ARAÇLARI FONU(917) : 0.12  ,  YAPI KREDİ PORTFÖY ORTA VADELİ BORÇLANMA ARAÇLARI FONU(1006) : 0.09  ,  ;10497.511303970992
2019-09-11;QİNVEST PORTFÖY İKİNCİ DEĞİŞKEN FONU(620) : 0.45  ,  OYAK PORTFÖY İKİNCİ DEĞİŞKEN FON(849) : 0.07  ,  OSMANLI PORTFÖY ÖZEL SEKTÖR BORÇLANMA ARAÇLARI FONU(866) : 0.08  ,  TACİRLER PORTFÖY KISA VADELİ BORÇLANMA ARAÇLARI FONU(920) : 0.21  ,  YAPI KREDİ PORTFÖY ORTA VADELİ BORÇLANMA ARAÇLARI FONU(1006) : 0.15  ,  ;10508.420080658087
2019-09-12;QİNVEST PORTFÖY İKİNCİ DEĞİŞKEN FONU(620) : 0.89  ,  GARANTİ PORTFÖY BİRİNCİ KATILIM FONU(700) : 0.04  ,  TEB PORTFÖY BORÇLANMA ARAÇLARI FONU(917) : 0.04  ,  YAPI KREDİ PORTFÖY ORTA VADELİ BORÇLANMA ARAÇLARI FONU(1006) : 0.03  ,  ;10517.542706747417
2019-09-13;QİNVEST PORTFÖY İKİNCİ DEĞİŞKEN FONU(620) : 0.83  ,  QNB FINANS PORTFÖY BORÇLANMA ARAÇLARI FONU(633) : 0.07  ,  AURA PORTFÖY DEĞİŞKEN FONU(811) : 0.03  ,  TEB PORTFÖY BORÇLANMA ARAÇLARI FONU(917) : 0.04  ,  ;10526.419515967666
2019-09-16;QİNVEST PORTFÖY İKİNCİ DEĞİŞKEN FONU(620) : 0.78  ,  QNB FINANS PORTFÖY BORÇLANMA ARAÇLARI FONU(633) : 0.03  ,  GARANTİ PORTFÖY İKİNCİ DEĞİŞKEN FON(702) : 0.06  ,  KARE PORTFÖY BİRİNCİ DEĞİŞKEN FON(817) : 0.07  ,  TEB PORTFÖY BORÇLANMA ARAÇLARI FONU(917) : 0.04  ,  ;10543.368672904979
2019-09-17;QİNVEST PORTFÖY İKİNCİ DEĞİŞKEN FONU(620) : 0.38  ,  QNB FINANS PORTFÖY BORÇLANMA ARAÇLARI FONU(633) : 0.26  ,  GARANTİ PORTFÖY BİRİNCİ KATILIM FONU(700) : 0.11  ,  GARANTİ PORTFÖY İKİNCİ DEĞİŞKEN FON(702) : 0.07  ,  KARE PORTFÖY BİRİNCİ DEĞİŞKEN FON(817) : 0.11  ,  TEB PORTFÖY BORÇLANMA ARAÇLARI FONU(917) : 0.07  ,  ;10538.644687107313
2019-09-18;AK PORTFÖY KİRA SERTİFİKALARI KATILIM FONU(533) : 0.44  ,  QNB FINANS PORTFÖY BORÇLANMA ARAÇLARI FONU(633) : 0.16  ,  GARANTİ PORTFÖY BİRİNCİ KATILIM FONU(700) : 0.23  ,  GARANTİ PORTFÖY İKİNCİ DEĞİŞKEN FON(702) : 0.13  ,  TEB PORTFÖY BORÇLANMA ARAÇLARI FONU(917) : 0.04  ,  ;10543.962233152166
2019-09-19;AK PORTFÖY KİRA SERTİFİKALARI KATILIM FONU(533) : 0.2  ,  GARANTİ PORTFÖY BİRİNCİ KATILIM FONU(700) : 0.1  ,  KARE PORTFÖY BİRİNCİ DEĞİŞKEN FON(817) : 0.07  ,  OSMANLI PORTFÖY ÖZEL SEKTÖR BORÇLANMA ARAÇLARI FONU(866) : 0.22  ,  TACİRLER PORTFÖY KISA VADELİ BORÇLANMA ARAÇLARI FONU(920) : 0.4  ,  ;10552.16765354146
2019-09-20;AK PORTFÖY KİRA SERTİFİKALARI KATILIM FONU(533) : 0.24  ,  GARANTİ PORTFÖY BİRİNCİ KATILIM FONU(700) : 0.03  ,  OSMANLI PORTFÖY ÖZEL SEKTÖR BORÇLANMA ARAÇLARI FONU(866) : 0.25  ,  ÜNLÜ PORTFÖY BİRİNCİ DEĞİŞKEN FON(913) : 0.11  ,  TACİRLER PORTFÖY KISA VADELİ BORÇLANMA ARAÇLARI FONU(920) : 0.36  ,  ;10556.274046456116
2019-09-23;DENİZ PORTFÖY KISALI VADELİ BORÇLANMA ARAÇLARI FONU(577) : 0.83  ,  OSMANLI PORTFÖY ÖZEL SEKTÖR BORÇLANMA ARAÇLARI FONU(866) : 0.06  ,  TACİRLER PORTFÖY KISA VADELİ BORÇLANMA ARAÇLARI FONU(920) : 0.08  ,  ;10569.250498711352
2019-09-24;DENİZ PORTFÖY KISALI VADELİ BORÇLANMA ARAÇLARI FONU(577) : 0.99  ,  ;10573.292525955621
2019-09-25;AK PORTFÖY KİRA SERTİFİKALARI KATILIM FONU(533) : 0.39371  ,  QNB FINANS PORTFÖY BORÇLANMA ARAÇLARI FONU(633) : 0.08917  ,  GARANTİ PORTFÖY BORÇLANMA ARAÇLARI FONU(667) : 0.10535  ,  GARANTİ PORTFÖY BİRİNCİ KATILIM FONU(700) : 0.25217  ,  GARANTİ PORTFÖY İKİNCİ DEĞİŞKEN FON(702) : 0.0701  ,  İŞ PORTFÖY ORTA VADELİ BORÇLANMA ARAÇLARI FONU(941) : 0.0895  ,  ;10578.24128876492
2019-09-26;AK PORTFÖY KİRA SERTİFİKALARI KATILIM FONU(533) : 0.15  ,  DENİZ PORTFÖY KISALI VADELİ BORÇLANMA ARAÇLARI FONU(577) : 0.47  ,  OSMANLI PORTFÖY ÖZEL SEKTÖR BORÇLANMA ARAÇLARI FONU(866) : 0.14  ,  TACİRLER PORTFÖY KISA VADELİ BORÇLANMA ARAÇLARI FONU(920) : 0.22  ,  ;10580.8733605102
2019-09-27;AK PORTFÖY KİRA SERTİFİKALARI KATILIM FONU(533) : 0.24  ,  OSMANLI PORTFÖY ÖZEL SEKTÖR BORÇLANMA ARAÇLARI FONU(866) : 0.41  ,  TACİRLER PORTFÖY KISA VADELİ BORÇLANMA ARAÇLARI FONU(920) : 0.21  ,  İŞ PORTFÖY ORTA VADELİ BORÇLANMA ARAÇLARI FONU(941) : 0.09  ,  ;10587.915328277937
2019-09-30;AK PORTFÖY KİRA SERTİFİKALARI KATILIM FONU(533) : 0.24  ,  DENİZ PORTFÖY KISALI VADELİ BORÇLANMA ARAÇLARI FONU(577) : 0.11  ,  OSMANLI PORTFÖY ÖZEL SEKTÖR BORÇLANMA ARAÇLARI FONU(866) : 0.4  ,  TACİRLER PORTFÖY KISA VADELİ BORÇLANMA ARAÇLARI FONU(920) : 0.16  ,  İŞ PORTFÖY ORTA VADELİ BORÇLANMA ARAÇLARI FONU(941) : 0.03  ,  ;10604.285515126609
2019-10-01;AK PORTFÖY KİRA SERTİFİKALARI KATILIM FONU(533) : 0.45163  ,  GARANTİ PORTFÖY İKİNCİ DEĞİŞKEN FON(702) : 0.05274  ,  OSMANLI PORTFÖY ÖZEL SEKTÖR BORÇLANMA ARAÇLARI FONU(866) : 0.17398  ,  ÜNLÜ PORTFÖY BİRİNCİ DEĞİŞKEN FON(913) : 0.07167  ,  İŞ PORTFÖY ORTA VADELİ BORÇLANMA ARAÇLARI FONU(941) : 0.112  ,  YAPI KREDİ PORTFÖY ORTA VADELİ BORÇLANMA ARAÇLARI FONU(1006) : 0.13798  ,  ;10613.620017485322
2019-10-02;AK PORTFÖY KİRA SERTİFİKALARI KATILIM FONU(533) : 0.27  ,  QNB FINANS PORTFÖY BORÇLANMA ARAÇLARI FONU(633) : 0.3  ,  GARANTİ PORTFÖY BİRİNCİ KATILIM FONU(700) : 0.08  ,  GARANTİ PORTFÖY İKİNCİ DEĞİŞKEN FON(702) : 0.25  ,  TEB PORTFÖY BORÇLANMA ARAÇLARI FONU(917) : 0.06  ,  ATA PORTFÖY ÇOKLU VARLIK DEĞİŞKEN FON(500) : 0.04  ,  ;10619.13168897803
2019-10-03;AK PORTFÖY KİRA SERTİFİKALARI KATILIM FONU(533) : 0.53515  ,  GARANTİ PORTFÖY BİRİNCİ KATILIM FONU(700) : 0.05378  ,  GARANTİ PORTFÖY İKİNCİ DEĞİŞKEN FON(702) : 0.06359  ,  OYAK PORTFÖY İKİNCİ DEĞİŞKEN FON(849) : 0.09554  ,  TEB PORTFÖY BORÇLANMA ARAÇLARI FONU(917) : 0.12798  ,  YAPI KREDİ PORTFÖY ORTA VADELİ BORÇLANMA ARAÇLARI FONU(1006) : 0.12396  ,  ;10616.613972913157
2019-10-04;AK PORTFÖY KİRA SERTİFİKALARI KATILIM FONU(533) : 0.39  ,  OYAK PORTFÖY İKİNCİ DEĞİŞKEN FON(849) : 0.06  ,  OSMANLI PORTFÖY ÖZEL SEKTÖR BORÇLANMA ARAÇLARI FONU(866) : 0.37  ,  TACİRLER PORTFÖY KISA VADELİ BORÇLANMA ARAÇLARI FONU(920) : 0.13  ,  YAPI KREDİ PORTFÖY ORTA VADELİ BORÇLANMA ARAÇLARI FONU(1006) : 0.04  ,  ;10627.025526565527
2019-10-07;AK PORTFÖY KİRA SERTİFİKALARI KATILIM FONU(533) : 0.24  ,  DENİZ PORTFÖY KISALI VADELİ BORÇLANMA ARAÇLARI FONU(577) : 0.24  ,  QİNVEST PORTFÖY İKİNCİ DEĞİŞKEN FONU(620) : 0.14  ,  OSMANLI PORTFÖY ÖZEL SEKTÖR BORÇLANMA ARAÇLARI FONU(866) : 0.31  ,  TACİRLER PORTFÖY KISA VADELİ BORÇLANMA ARAÇLARI FONU(920) : 0.05  ,  ;10638.978905866874
2019-10-08;AK PORTFÖY KİRA SERTİFİKALARI KATILIM FONU(533) : 0.3731  ,  QİNVEST PORTFÖY İKİNCİ DEĞİŞKEN FONU(620) : 0.08113  ,  GARANTİ PORTFÖY İKİNCİ DEĞİŞKEN FON(702) : 0.03403  ,  TEB PORTFÖY İKİNCİ DEĞİŞKEN FON(772) : 0.233  ,  OSMANLI PORTFÖY ÖZEL SEKTÖR BORÇLANMA ARAÇLARI FONU(866) : 0.19184  ,  YAPI KREDİ PORTFÖY ORTA VADELİ BORÇLANMA ARAÇLARI FONU(1006) : 0.0869  ,  ;10637.013312096626
2019-10-09;QNB FINANS PORTFÖY BORÇLANMA ARAÇLARI FONU(633) : 0.35  ,  GARANTİ PORTFÖY İKİNCİ DEĞİŞKEN FON(702) : 0.6  ,  ;10639.462247929203
2019-10-10;AK PORTFÖY KİRA SERTİFİKALARI KATILIM FONU(533) : 0.3  ,  GARANTİ PORTFÖY BİRİNCİ DEĞİŞKEN FON(698) : 0.04  ,  OSMANLI PORTFÖY ÖZEL SEKTÖR BORÇLANMA ARAÇLARI FONU(866) : 0.32  ,  ÜNLÜ PORTFÖY BİRİNCİ DEĞİŞKEN FON(913) : 0.12  ,  TACİRLER PORTFÖY KISA VADELİ BORÇLANMA ARAÇLARI FONU(920) : 0.2  ,  ;10613.984767244088
2019-10-11;AK PORTFÖY KİRA SERTİFİKALARI KATILIM FONU(533) : 0.08  ,  DENİZ PORTFÖY KISALI VADELİ BORÇLANMA ARAÇLARI FONU(577) : 0.91  ,  ;10620.643908356007
2019-10-14;AK PORTFÖY KİRA SERTİFİKALARI KATILIM FONU(533) : 0.03375  ,  DENİZ PORTFÖY KISALI VADELİ BORÇLANMA ARAÇLARI FONU(577) : 0.96625  ,  ;10627.604985969696
2019-10-15;DENİZ PORTFÖY KISALI VADELİ BORÇLANMA ARAÇLARI FONU(577) : 0.99  ,  ;10624.87122781837
2019-10-16;QİNVEST PORTFÖY İKİNCİ DEĞİŞKEN FONU(620) : 0.65326  ,  QNB FINANS PORTFÖY BORÇLANMA ARAÇLARI FONU(633) : 0.34674  ,  ;10624.379863911285
2019-10-17;QİNVEST PORTFÖY İKİNCİ DEĞİŞKEN FONU(620) : 0.55103  ,  QNB FINANS PORTFÖY BORÇLANMA ARAÇLARI FONU(633) : 0.44897  ,  ;10614.838780322538
2019-10-18;QNB FINANS PORTFÖY BORÇLANMA ARAÇLARI FONU(633) : 0.68253  ,  GARANTİ PORTFÖY MUTLAK GETİRİ HEDEFLİ DEĞİŞKEN FON(662) : 0.14544  ,  ATA PORTFÖY ÇOKLU VARLIK DEĞİŞKEN FON(500) : 0.17203  ,  ;10628.487461136374
2019-10-21;QNB FINANS PORTFÖY BORÇLANMA ARAÇLARI FONU(633) : 0.57835  ,  GARANTİ PORTFÖY MUTLAK GETİRİ HEDEFLİ DEĞİŞKEN FON(662) : 0.04974  ,  ATA PORTFÖY ÇOKLU VARLIK DEĞİŞKEN FON(500) : 0.37191  ,  ;10719.164402756585
2019-10-22;AK PORTFÖY KİRA SERTİFİKALARI KATILIM FONU(533) : 0.24  ,  DENİZ PORTFÖY KISALI VADELİ BORÇLANMA ARAÇLARI FONU(577) : 0.11  ,  OSMANLI PORTFÖY ÖZEL SEKTÖR BORÇLANMA ARAÇLARI FONU(866) : 0.06  ,  TACİRLER PORTFÖY KISA VADELİ BORÇLANMA ARAÇLARI FONU(920) : 0.55  ,  ;10727.24101150865
2019-10-23;QİNVEST PORTFÖY İKİNCİ DEĞİŞKEN FONU(620) : 0.07786  ,  QNB FINANS PORTFÖY BORÇLANMA ARAÇLARI FONU(633) : 0.82767  ,  KARE PORTFÖY BİRİNCİ BORÇLANMA ARAÇLARI FONU(816) : 0.04545  ,  ATA PORTFÖY ÇOKLU VARLIK DEĞİŞKEN FON(500) : 0.04902  ,  ;10730.246016626857
2019-10-24;QNB FINANS PORTFÖY BORÇLANMA ARAÇLARI FONU(633) : 0.25  ,  GEDİK PORTFÖY BİRİNCİ DEĞİŞKEN FON(701) : 0.03  ,  GARANTİ PORTFÖY İKİNCİ DEĞİŞKEN FON(702) : 0.06  ,  AURA PORTFÖY DEĞİŞKEN FONU(811) : 0.06  ,  OYAK PORTFÖY İKİNCİ DEĞİŞKEN FON(849) : 0.16  ,  TEB PORTFÖY BORÇLANMA ARAÇLARI FONU(917) : 0.14  ,  İŞ PORTFÖY ORTA VADELİ BORÇLANMA ARAÇLARI FONU(941) : 0.31  ,  ;10783.64302377583
2019-10-25;GARANTİ PORTFÖY İKİNCİ DEĞİŞKEN FON(702) : 0.04  ,  KARE PORTFÖY BİRİNCİ DEĞİŞKEN FON(817) : 0.05  ,  OYAK PORTFÖY İKİNCİ DEĞİŞKEN FON(849) : 0.31  ,  TEB PORTFÖY BORÇLANMA ARAÇLARI FONU(917) : 0.05  ,  İŞ PORTFÖY ORTA VADELİ BORÇLANMA ARAÇLARI FONU(941) : 0.52  ,  YAPI KREDİ PORTFÖY ORTA VADELİ BORÇLANMA ARAÇLARI FONU(1006) : 0.03  ,  ;10817.213584321973
2019-10-28;QİNVEST PORTFÖY İKİNCİ DEĞİŞKEN FONU(620) : 0.58106  ,  QNB FINANS PORTFÖY BORÇLANMA ARAÇLARI FONU(633) : 0.09234  ,  OYAK PORTFÖY İKİNCİ DEĞİŞKEN FON(849) : 0.14208  ,  TEB PORTFÖY BORÇLANMA ARAÇLARI FONU(917) : 0.05574  ,  İŞ PORTFÖY ORTA VADELİ BORÇLANMA ARAÇLARI FONU(941) : 0.04891  ,  YAPI KREDİ PORTFÖY ORTA VADELİ BORÇLANMA ARAÇLARI FONU(1006) : 0.07987  ,  ;10844.281962002655
2019-10-30;QİNVEST PORTFÖY İKİNCİ DEĞİŞKEN FONU(620) : 0.46  ,  QNB FINANS PORTFÖY BORÇLANMA ARAÇLARI FONU(633) : 0.15  ,  OYAK PORTFÖY İKİNCİ DEĞİŞKEN FON(849) : 0.14  ,  TEB PORTFÖY BORÇLANMA ARAÇLARI FONU(917) : 0.08  ,  YAPI KREDİ PORTFÖY ORTA VADELİ BORÇLANMA ARAÇLARI FONU(1006) : 0.17  ,  ;10857.867137205109
2019-10-31;QİNVEST PORTFÖY İKİNCİ DEĞİŞKEN FONU(620) : 0.58738  ,  QNB FINANS PORTFÖY BORÇLANMA ARAÇLARI FONU(633) : 0.25534  ,  KARE PORTFÖY BİRİNCİ DEĞİŞKEN FON(817) : 0.06354  ,  ATA PORTFÖY ÇOKLU VARLIK DEĞİŞKEN FON(500) : 0.09374  ,  ;10856.96592876126
2019-11-01;QİNVEST PORTFÖY İKİNCİ DEĞİŞKEN FONU(620) : 0.59056  ,  QNB FINANS PORTFÖY BORÇLANMA ARAÇLARI FONU(633) : 0.20597  ,  KARE PORTFÖY BİRİNCİ DEĞİŞKEN FON(817) : 0.07236  ,  TEB PORTFÖY BORÇLANMA ARAÇLARI FONU(917) : 0.09189  ,  ATA PORTFÖY ÇOKLU VARLIK DEĞİŞKEN FON(500) : 0.03922  ,  ;10862.435156590724
2019-11-04;AK PORTFÖY KİRA SERTİFİKALARI KATILIM FONU(533) : 0.45477  ,  QNB FINANS PORTFÖY BORÇLANMA ARAÇLARI FONU(633) : 0.08615  ,  GARANTİ PORTFÖY İKİNCİ DEĞİŞKEN FON(702) : 0.03035  ,  TEB PORTFÖY İKİNCİ DEĞİŞKEN FON(772) : 0.25665  ,  KARE PORTFÖY BİRİNCİ DEĞİŞKEN FON(817) : 0.05656  ,  TEB PORTFÖY BORÇLANMA ARAÇLARI FONU(917) : 0.11551  ,  ;10878.011920032588
2019-11-05;AK PORTFÖY KİRA SERTİFİKALARI KATILIM FONU(533) : 0.6765  ,  QNB FINANS PORTFÖY BORÇLANMA ARAÇLARI FONU(633) : 0.14843  ,  GARANTİ PORTFÖY İKİNCİ DEĞİŞKEN FON(702) : 0.06675  ,  TEB PORTFÖY BORÇLANMA ARAÇLARI FONU(917) : 0.0714  ,  ATA PORTFÖY ÇOKLU VARLIK DEĞİŞKEN FON(500) : 0.03692  ,  ;10892.737544675581
2019-11-06;AK PORTFÖY KİRA SERTİFİKALARI KATILIM FONU(533) : 0.2718  ,  QİNVEST PORTFÖY İKİNCİ DEĞİŞKEN FONU(620) : 0.3438  ,  QNB FINANS PORTFÖY BORÇLANMA ARAÇLARI FONU(633) : 0.1993  ,  GARANTİ PORTFÖY İKİNCİ DEĞİŞKEN FON(702) : 0.08123  ,  ATA PORTFÖY ÇOKLU VARLIK DEĞİŞKEN FON(500) : 0.10387  ,  ;10922.39290633394
2019-11-07;QİNVEST PORTFÖY İKİNCİ DEĞİŞKEN FONU(620) : 0.69  ,  QNB FINANS PORTFÖY BORÇLANMA ARAÇLARI FONU(633) : 0.13  ,  ATA PORTFÖY ÇOKLU VARLIK DEĞİŞKEN FON(500) : 0.18  ,  ;10925.591013012205
2019-11-08;AK PORTFÖY KİRA SERTİFİKALARI KATILIM FONU(533) : 0.7  ,  QNB FINANS PORTFÖY BORÇLANMA ARAÇLARI FONU(633) : 0.1  ,  GARANTİ PORTFÖY İKİNCİ DEĞİŞKEN FON(702) : 0.12  ,  AURA PORTFÖY DEĞİŞKEN FONU(811) : 0.1  ,  ;10934.00593194861
2019-11-11;AK PORTFÖY KİRA SERTİFİKALARI KATILIM FONU(533) : 0.73  ,  GARANTİ PORTFÖY İKİNCİ DEĞİŞKEN FON(702) : 0.11  ,  ÜNLÜ PORTFÖY BİRİNCİ DEĞİŞKEN FON(913) : 0.04  ,  ATA PORTFÖY ÇOKLU VARLIK DEĞİŞKEN FON(500) : 0.12  ,  ;10943.445411698123
2019-11-12;AK PORTFÖY KİRA SERTİFİKALARI KATILIM FONU(533) : 0.31  ,  DENİZ PORTFÖY KISALI VADELİ BORÇLANMA ARAÇLARI FONU(577) : 0.64  ,  GARANTİ PORTFÖY İKİNCİ DEĞİŞKEN FON(702) : 0.03  ,  ;10958.0177798218
2019-11-13;AK PORTFÖY KİRA SERTİFİKALARI KATILIM FONU(533) : 0.09  ,  DENİZ PORTFÖY KISALI VADELİ BORÇLANMA ARAÇLARI FONU(577) : 0.84  ,  QİNVEST PORTFÖY İKİNCİ DEĞİŞKEN FONU(620) : 0.07  ,  ;10961.735282997359
2019-11-14;AK PORTFÖY KİRA SERTİFİKALARI KATILIM FONU(533) : 0.27  ,  QİNVEST PORTFÖY İKİNCİ DEĞİŞKEN FONU(620) : 0.61  ,  FİBA PORTFÖY ÇOKLU VARLIK BİRİNCİ DEĞİŞKEN FON(625) : 0.05  ,  GARANTİ PORTFÖY İKİNCİ DEĞİŞKEN FON(702) : 0.05  ,  ;10966.672421538762
2019-11-15;AK PORTFÖY KİRA SERTİFİKALARI KATILIM FONU(533) : 0.43  ,  QİNVEST PORTFÖY İKİNCİ DEĞİŞKEN FONU(620) : 0.27  ,  FİBA PORTFÖY ÇOKLU VARLIK BİRİNCİ DEĞİŞKEN FON(625) : 0.04  ,  GARANTİ PORTFÖY İKİNCİ DEĞİŞKEN FON(702) : 0.06  ,  AURA PORTFÖY DEĞİŞKEN FONU(811) : 0.07  ,  ÜNLÜ PORTFÖY BİRİNCİ DEĞİŞKEN FON(913) : 0.14  ,  ;10966.513932409094
2019-11-18;AK PORTFÖY KİRA SERTİFİKALARI KATILIM FONU(533) : 0.18  ,  DENİZ PORTFÖY KISALI VADELİ BORÇLANMA ARAÇLARI FONU(577) : 0.21  ,  FİBA PORTFÖY ÇOKLU VARLIK BİRİNCİ DEĞİŞKEN FON(625) : 0.07  ,  GARANTİ PORTFÖY İKİNCİ DEĞİŞKEN FON(702) : 0.06  ,  OSMANLI PORTFÖY ÖZEL SEKTÖR BORÇLANMA ARAÇLARI FONU(866) : 0.24  ,  ÜNLÜ PORTFÖY BİRİNCİ DEĞİŞKEN FON(913) : 0.04  ,  TACİRLER PORTFÖY KISA VADELİ BORÇLANMA ARAÇLARI FONU(920) : 0.19  ,  ;10976.212559497575
2019-11-19;DENİZ PORTFÖY KISALI VADELİ BORÇLANMA ARAÇLARI FONU(577) : 0.76  ,  TEB PORTFÖY İKİNCİ DEĞİŞKEN FON(772) : 0.06  ,  OSMANLI PORTFÖY ÖZEL SEKTÖR BORÇLANMA ARAÇLARI FONU(866) : 0.03  ,  ÜNLÜ PORTFÖY BİRİNCİ DEĞİŞKEN FON(913) : 0.12  ,  ;10986.08804872321
2019-11-20;DENİZ PORTFÖY KISALI VADELİ BORÇLANMA ARAÇLARI FONU(577) : 0.75  ,  ÜNLÜ PORTFÖY BİRİNCİ DEĞİŞKEN FON(913) : 0.24  ,  ;10991.95286926325
2019-11-21;QİNVEST PORTFÖY İKİNCİ DEĞİŞKEN FONU(620) : 0.27  ,  TEB PORTFÖY İKİNCİ DEĞİŞKEN FON(772) : 0.07  ,  OSMANLI PORTFÖY ÖZEL SEKTÖR BORÇLANMA ARAÇLARI FONU(866) : 0.12  ,  ÜNLÜ PORTFÖY BİRİNCİ DEĞİŞKEN FON(913) : 0.52  ,  ;10991.738315304476
2019-11-22;QİNVEST PORTFÖY İKİNCİ DEĞİŞKEN FONU(620) : 0.17  ,  TEB PORTFÖY İKİNCİ DEĞİŞKEN FON(772) : 0.17  ,  OSMANLI PORTFÖY ÖZEL SEKTÖR BORÇLANMA ARAÇLARI FONU(866) : 0.05  ,  ÜNLÜ PORTFÖY BİRİNCİ DEĞİŞKEN FON(913) : 0.59  ,  ;11000.932139386443
2019-11-25;DENİZ PORTFÖY KISALI VADELİ BORÇLANMA ARAÇLARI FONU(577) : 0.76  ,  TEB PORTFÖY İKİNCİ DEĞİŞKEN FON(772) : 0.03  ,  OSMANLI PORTFÖY ÖZEL SEKTÖR BORÇLANMA ARAÇLARI FONU(866) : 0.03  ,  ÜNLÜ PORTFÖY BİRİNCİ DEĞİŞKEN FON(913) : 0.17  ,  ;11014.198520634804
2019-11-26;AK PORTFÖY KİRA SERTİFİKALARI KATILIM FONU(533) : 0.0985  ,  DENİZ PORTFÖY KISALI VADELİ BORÇLANMA ARAÇLARI FONU(577) : 0.71694  ,  QİNVEST PORTFÖY İKİNCİ DEĞİŞKEN FONU(620) : 0.07272  ,  OSMANLI PORTFÖY ÖZEL SEKTÖR BORÇLANMA ARAÇLARI FONU(866) : 0.04961  ,  ÜNLÜ PORTFÖY BİRİNCİ DEĞİŞKEN FON(913) : 0.06223  ,  ;11014.894207742587
2019-11-27;QNB FINANS PORTFÖY BORÇLANMA ARAÇLARI FONU(633) : 0.30464  ,  GARANTİ PORTFÖY BİRİNCİ KATILIM FONU(700) : 0.09909  ,  GARANTİ PORTFÖY İKİNCİ DEĞİŞKEN FON(702) : 0.36186  ,  AURA PORTFÖY DEĞİŞKEN FONU(811) : 0.03273  ,  KARE PORTFÖY BİRİNCİ DEĞİŞKEN FON(817) : 0.14048  ,  ATA PORTFÖY ÇOKLU VARLIK DEĞİŞKEN FON(500) : 0.06119  ,  ;11017.435928104213
2019-11-28;AK PORTFÖY KİRA SERTİFİKALARI KATILIM FONU(533) : 0.17  ,  QİNVEST PORTFÖY İKİNCİ DEĞİŞKEN FONU(620) : 0.38  ,  OSMANLI PORTFÖY ÖZEL SEKTÖR BORÇLANMA ARAÇLARI FONU(866) : 0.38  ,  ÜNLÜ PORTFÖY BİRİNCİ DEĞİŞKEN FON(913) : 0.03  ,  ;11016.607476063991
2019-11-29;AK PORTFÖY KİRA SERTİFİKALARI KATILIM FONU(533) : 0.28  ,  DENİZ PORTFÖY KISALI VADELİ BORÇLANMA ARAÇLARI FONU(577) : 0.13  ,  OSMANLI PORTFÖY ÖZEL SEKTÖR BORÇLANMA ARAÇLARI FONU(866) : 0.46  ,  TACİRLER PORTFÖY KISA VADELİ BORÇLANMA ARAÇLARI FONU(920) : 0.11  ,  ;11024.393245019983
2019-12-02;DENİZ PORTFÖY KISALI VADELİ BORÇLANMA ARAÇLARI FONU(577) : 0.95  ,  ;11034.229708430865
2019-12-03;AK PORTFÖY KİRA SERTİFİKALARI KATILIM FONU(533) : 0.06  ,  DENİZ PORTFÖY KISALI VADELİ BORÇLANMA ARAÇLARI FONU(577) : 0.8  ,  OSMANLI PORTFÖY ÖZEL SEKTÖR BORÇLANMA ARAÇLARI FONU(866) : 0.1  ,  ;11037.476144673787
2019-12-04;QNB FINANS PORTFÖY BORÇLANMA ARAÇLARI FONU(633) : 0.12  ,  GARANTİ PORTFÖY İKİNCİ DEĞİŞKEN FON(702) : 0.15  ,  AURA PORTFÖY DEĞİŞKEN FONU(811) : 0.17  ,  KARE PORTFÖY BİRİNCİ DEĞİŞKEN FON(817) : 0.26  ,  ATA PORTFÖY ÇOKLU VARLIK DEĞİŞKEN FON(500) : 0.3  ,  ;11040.603676362221
2019-12-05;AK PORTFÖY KİRA SERTİFİKALARI KATILIM FONU(533) : 0.25  ,  QİNVEST PORTFÖY İKİNCİ DEĞİŞKEN FONU(620) : 0.52  ,  OSMANLI PORTFÖY ÖZEL SEKTÖR BORÇLANMA ARAÇLARI FONU(866) : 0.23  ,  ;11054.01591203502
2019-12-06;AK PORTFÖY KİRA SERTİFİKALARI KATILIM FONU(533) : 0.11  ,  DENİZ PORTFÖY KISALI VADELİ BORÇLANMA ARAÇLARI FONU(577) : 0.44  ,  QİNVEST PORTFÖY İKİNCİ DEĞİŞKEN FONU(620) : 0.1  ,  TEB PORTFÖY İKİNCİ DEĞİŞKEN FON(772) : 0.26  ,  OSMANLI PORTFÖY ÖZEL SEKTÖR BORÇLANMA ARAÇLARI FONU(866) : 0.08  ,  ;11076.41565706477
2019-12-09;AK PORTFÖY KİRA SERTİFİKALARI KATILIM FONU(533) : 0.09  ,  DENİZ PORTFÖY KISALI VADELİ BORÇLANMA ARAÇLARI FONU(577) : 0.31  ,  QİNVEST PORTFÖY İKİNCİ DEĞİŞKEN FONU(620) : 0.41  ,  OSMANLI PORTFÖY ÖZEL SEKTÖR BORÇLANMA ARAÇLARI FONU(866) : 0.17  ,  ;11088.041052111601
2019-12-10;AK PORTFÖY KİRA SERTİFİKALARI KATILIM FONU(533) : 0.07  ,  QİNVEST PORTFÖY İKİNCİ DEĞİŞKEN FONU(620) : 0.68  ,  OSMANLI PORTFÖY ÖZEL SEKTÖR BORÇLANMA ARAÇLARI FONU(866) : 0.24  ,  ;11103.038653796822
2019-12-11;QİNVEST PORTFÖY İKİNCİ DEĞİŞKEN FONU(620) : 0.63  ,  GARANTİ PORTFÖY İKİNCİ DEĞİŞKEN FON(702) : 0.05  ,  AURA PORTFÖY DEĞİŞKEN FONU(811) : 0.04  ,  ATA PORTFÖY ÇOKLU VARLIK DEĞİŞKEN FON(500) : 0.28  ,  ;11118.043444824893
2019-12-12;QİNVEST PORTFÖY İKİNCİ DEĞİŞKEN FONU(620) : 0.88  ,  ÜNLÜ PORTFÖY BİRİNCİ DEĞİŞKEN FON(913) : 0.08  ,  ATA PORTFÖY ÇOKLU VARLIK DEĞİŞKEN FON(500) : 0.03  ,  ;11135.534796268294
2019-12-13;QİNVEST PORTFÖY İKİNCİ DEĞİŞKEN FONU(620) : 0.57472  ,  TEB PORTFÖY İKİNCİ DEĞİŞKEN FON(772) : 0.25082  ,  ÜNLÜ PORTFÖY BİRİNCİ DEĞİŞKEN FON(913) : 0.17446  ,  ;11158.152304659025
2019-12-16;QİNVEST PORTFÖY İKİNCİ DEĞİŞKEN FONU(620) : 0.37488  ,  TEB PORTFÖY İKİNCİ DEĞİŞKEN FON(772) : 0.29466  ,  OSMANLI PORTFÖY ÖZEL SEKTÖR BORÇLANMA ARAÇLARI FONU(866) : 0.16108  ,  ÜNLÜ PORTFÖY BİRİNCİ DEĞİŞKEN FON(913) : 0.16938  ,  ;11161.16080651499
2019-12-17;DENİZ PORTFÖY KISALI VADELİ BORÇLANMA ARAÇLARI FONU(577) : 0.54  ,  QİNVEST PORTFÖY İKİNCİ DEĞİŞKEN FONU(620) : 0.13  ,  TEB PORTFÖY İKİNCİ DEĞİŞKEN FON(772) : 0.18  ,  OSMANLI PORTFÖY ÖZEL SEKTÖR BORÇLANMA ARAÇLARI FONU(866) : 0.07  ,  ÜNLÜ PORTFÖY BİRİNCİ DEĞİŞKEN FON(913) : 0.07  ,  ;11180.68483936705
2019-12-18;GARANTİ PORTFÖY İKİNCİ DEĞİŞKEN FON(702) : 0.14986  ,  AURA PORTFÖY DEĞİŞKEN FONU(811) : 0.07051  ,  ÜNLÜ PORTFÖY BİRİNCİ DEĞİŞKEN FON(913) : 0.36747  ,  ATA PORTFÖY ÇOKLU VARLIK DEĞİŞKEN FON(500) : 0.41217  ,  ;11186.904979263221
2019-12-19;QİNVEST PORTFÖY İKİNCİ DEĞİŞKEN FONU(620) : 0.8  ,  OSMANLI PORTFÖY ÖZEL SEKTÖR BORÇLANMA ARAÇLARI FONU(866) : 0.1  ,  ÜNLÜ PORTFÖY BİRİNCİ DEĞİŞKEN FON(913) : 0.06  ,  ;11180.076615947399
2019-12-20;AK PORTFÖY KİRA SERTİFİKALARI KATILIM FONU(533) : 0.23  ,  QİNVEST PORTFÖY İKİNCİ DEĞİŞKEN FONU(620) : 0.43  ,  TEB PORTFÖY İKİNCİ DEĞİŞKEN FON(772) : 0.08  ,  OSMANLI PORTFÖY ÖZEL SEKTÖR BORÇLANMA ARAÇLARI FONU(866) : 0.2  ,  ÜNLÜ PORTFÖY BİRİNCİ DEĞİŞKEN FON(913) : 0.05  ,  ;11195.785147415416
2019-12-23;AK PORTFÖY KİRA SERTİFİKALARI KATILIM FONU(533) : 0.07  ,  DENİZ PORTFÖY KISALI VADELİ BORÇLANMA ARAÇLARI FONU(577) : 0.86  ,  QİNVEST PORTFÖY İKİNCİ DEĞİŞKEN FONU(620) : 0.04  ,  TEB PORTFÖY İKİNCİ DEĞİŞKEN FON(772) : 0.03  ,  ;11208.682448910238
2019-12-24;DENİZ PORTFÖY KISALI VADELİ BORÇLANMA ARAÇLARI FONU(577) : 0.12  ,  QİNVEST PORTFÖY İKİNCİ DEĞİŞKEN FONU(620) : 0.17  ,  TEB PORTFÖY İKİNCİ DEĞİŞKEN FON(772) : 0.17  ,  OSMANLI PORTFÖY ÖZEL SEKTÖR BORÇLANMA ARAÇLARI FONU(866) : 0.31  ,  ÜNLÜ PORTFÖY BİRİNCİ DEĞİŞKEN FON(913) : 0.23  ,  ;11212.080807322358
2019-12-25;QNB FINANS PORTFÖY BORÇLANMA ARAÇLARI FONU(633) : 0.04605  ,  GARANTİ PORTFÖY İKİNCİ DEĞİŞKEN FON(702) : 0.39607  ,  ATA PORTFÖY ÇOKLU VARLIK DEĞİŞKEN FON(500) : 0.55788  ,  ;11218.225763869059
2019-12-26;GARANTİ PORTFÖY İKİNCİ DEĞİŞKEN FON(702) : 0.23  ,  TEB PORTFÖY İKİNCİ DEĞİŞKEN FON(772) : 0.29  ,  AURA PORTFÖY DEĞİŞKEN FONU(811) : 0.07  ,  ÜNLÜ PORTFÖY BİRİNCİ DEĞİŞKEN FON(913) : 0.41  ,  ;11228.54014873794
2019-12-27;GARANTİ PORTFÖY İKİNCİ DEĞİŞKEN FON(702) : 0.17  ,  AURA PORTFÖY DEĞİŞKEN FONU(811) : 0.04  ,  OSMANLI PORTFÖY ÖZEL SEKTÖR BORÇLANMA ARAÇLARI FONU(866) : 0.79  ,  ;11234.715945072066
2019-12-30;DENİZ PORTFÖY KISALI VADELİ BORÇLANMA ARAÇLARI FONU(577) : 0.72045  ,  GARANTİ PORTFÖY İKİNCİ DEĞİŞKEN FON(702) : 0.03856  ,  OSMANLI PORTFÖY ÖZEL SEKTÖR BORÇLANMA ARAÇLARI FONU(866) : 0.24099  ,  ;11254.054959411613
2019-12-31;DENİZ PORTFÖY KISALI VADELİ BORÇLANMA ARAÇLARI FONU(577) : 0.75  ,  QİNVEST PORTFÖY İKİNCİ DEĞİŞKEN FONU(620) : 0.05  ,  OSMANLI PORTFÖY ÖZEL SEKTÖR BORÇLANMA ARAÇLARI FONU(866) : 0.14  ,  ÜNLÜ PORTFÖY BİRİNCİ DEĞİŞKEN FON(913) : 0.05  ,  ;11254.787532046157
2020-01-02;AK PORTFÖY KİRA SERTİFİKALARI KATILIM FONU(533) : 0.11  ,  QİNVEST PORTFÖY İKİNCİ DEĞİŞKEN FONU(620) : 0.68  ,  GARANTİ PORTFÖY İKİNCİ DEĞİŞKEN FON(702) : 0.09  ,  AURA PORTFÖY DEĞİŞKEN FONU(811) : 0.04  ,  ATA PORTFÖY ÇOKLU VARLIK DEĞİŞKEN FON(500) : 0.08  ,  ;11258.895343520122
2020-01-03;AK PORTFÖY KİRA SERTİFİKALARI KATILIM FONU(533) : 0.15745  ,  DENİZ PORTFÖY KISALI VADELİ BORÇLANMA ARAÇLARI FONU(577) : 0.33373  ,  QİNVEST PORTFÖY İKİNCİ DEĞİŞKEN FONU(620) : 0.11604  ,  OSMANLI PORTFÖY ÖZEL SEKTÖR BORÇLANMA ARAÇLARI FONU(866) : 0.35338  ,  ÜNLÜ PORTFÖY BİRİNCİ DEĞİŞKEN FON(913) : 0.03941  ,  ;11276.670367989691
2020-01-06;DENİZ PORTFÖY KISALI VADELİ BORÇLANMA ARAÇLARI FONU(577) : 0.88204  ,  QİNVEST PORTFÖY İKİNCİ DEĞİŞKEN FONU(620) : 0.11796  ,  ;11286.701107990866
2020-01-07;DENİZ PORTFÖY KISALI VADELİ BORÇLANMA ARAÇLARI FONU(577) : 0.81  ,  QİNVEST PORTFÖY İKİNCİ DEĞİŞKEN FONU(620) : 0.18  ,  ;11287.430043823246
2020-01-08;DENİZ PORTFÖY KISALI VADELİ BORÇLANMA ARAÇLARI FONU(577) : 0.82274  ,  QİNVEST PORTFÖY İKİNCİ DEĞİŞKEN FONU(620) : 0.17726  ,  ;11298.292645166164
2020-01-09;QİNVEST PORTFÖY İKİNCİ DEĞİŞKEN FONU(620) : 0.39455  ,  GARANTİ PORTFÖY BORÇLANMA ARAÇLARI FONU(667) : 0.12741  ,  OSMANLI PORTFÖY ÖZEL SEKTÖR BORÇLANMA ARAÇLARI FONU(866) : 0.32857  ,  ZİRAAT PORTFÖY BORÇLANMA ARAÇLARI FONU(973) : 0.14947  ,  ;11309.223017598619
2020-01-10;QİNVEST PORTFÖY İKİNCİ DEĞİŞKEN FONU(620) : 0.99999  ,  ;11334.25306643541
2020-01-13;QİNVEST PORTFÖY İKİNCİ DEĞİŞKEN FONU(620) : 0.94452  ,  ATA PORTFÖY ÇOKLU VARLIK DEĞİŞKEN FON(500) : 0.05548  ,  ;11339.949834781779
2020-01-14;QİNVEST PORTFÖY İKİNCİ DEĞİŞKEN FONU(620) : 0.74  ,  GARANTİ PORTFÖY BORÇLANMA ARAÇLARI FONU(667) : 0.1  ,  ATA PORTFÖY ÇOKLU VARLIK DEĞİŞKEN FON(500) : 0.14  ,  ;11354.5030268819
2020-01-15;QİNVEST PORTFÖY İKİNCİ DEĞİŞKEN FONU(620) : 0.37  ,  GARANTİ PORTFÖY BORÇLANMA ARAÇLARI FONU(667) : 0.43  ,  GARANTİ PORTFÖY İKİNCİ DEĞİŞKEN FON(702) : 0.05  ,  ATA PORTFÖY ÇOKLU VARLIK DEĞİŞKEN FON(500) : 0.14  ,  ;11362.098450242334
2020-01-16;QİNVEST PORTFÖY İKİNCİ DEĞİŞKEN FONU(620) : 0.24  ,  GARANTİ PORTFÖY BORÇLANMA ARAÇLARI FONU(667) : 0.47  ,  ATA PORTFÖY ÇOKLU VARLIK DEĞİŞKEN FON(500) : 0.25  ,  ;11374.641650414658
2020-01-17;QİNVEST PORTFÖY İKİNCİ DEĞİŞKEN FONU(620) : 0.05  ,  GARANTİ PORTFÖY BORÇLANMA ARAÇLARI FONU(667) : 0.53  ,  GARANTİ PORTFÖY İKİNCİ DEĞİŞKEN FON(702) : 0.09  ,  ATA PORTFÖY ÇOKLU VARLIK DEĞİŞKEN FON(500) : 0.3  ,  ;11386.978949407176
2020-01-20;GARANTİ PORTFÖY BORÇLANMA ARAÇLARI FONU(667) : 0.83614  ,  GARANTİ PORTFÖY İKİNCİ DEĞİŞKEN FON(702) : 0.08786  ,  ATA PORTFÖY ÇOKLU VARLIK DEĞİŞKEN FON(500) : 0.076  ,  ;11398.14258705931
2020-01-21;GARANTİ PORTFÖY BORÇLANMA ARAÇLARI FONU(667) : 0.84  ,  GARANTİ PORTFÖY İKİNCİ DEĞİŞKEN FON(702) : 0.15  ,  ;11393.430740463475
2020-01-22;GARANTİ PORTFÖY BORÇLANMA ARAÇLARI FONU(667) : 0.76  ,  GARANTİ PORTFÖY İKİNCİ DEĞİŞKEN FON(702) : 0.15  ,  ÜNLÜ PORTFÖY BİRİNCİ DEĞİŞKEN FON(913) : 0.03  ,  ZİRAAT PORTFÖY BORÇLANMA ARAÇLARI FONU(973) : 0.06  ,  ;11393.142258052741
2020-01-23;GARANTİ PORTFÖY BORÇLANMA ARAÇLARI FONU(667) : 0.58716  ,  GARANTİ PORTFÖY İKİNCİ DEĞİŞKEN FON(702) : 0.06439  ,  ÜNLÜ PORTFÖY BİRİNCİ DEĞİŞKEN FON(913) : 0.26198  ,  ZİRAAT PORTFÖY BORÇLANMA ARAÇLARI FONU(973) : 0.08646  ,  ;11404.343678841495
2020-01-24;GARANTİ PORTFÖY BORÇLANMA ARAÇLARI FONU(667) : 0.10878  ,  TEB PORTFÖY İKİNCİ DEĞİŞKEN FON(772) : 0.0359  ,  OSMANLI PORTFÖY ÖZEL SEKTÖR BORÇLANMA ARAÇLARI FONU(866) : 0.54967  ,  ÜNLÜ PORTFÖY BİRİNCİ DEĞİŞKEN FON(913) : 0.30564  ,  ;11416.461013825075
2020-01-27;GARANTİ PORTFÖY BORÇLANMA ARAÇLARI FONU(667) : 0.45  ,  ÜNLÜ PORTFÖY BİRİNCİ DEĞİŞKEN FON(913) : 0.54  ,  ;11431.116558633363
2020-01-28;GARANTİ PORTFÖY BORÇLANMA ARAÇLARI FONU(667) : 0.18002  ,  ÜNLÜ PORTFÖY BİRİNCİ DEĞİŞKEN FON(913) : 0.81998  ,  ;11450.194470231749
2020-01-29;QNB FINANS PORTFÖY BORÇLANMA ARAÇLARI FONU(633) : 0.06  ,  GARANTİ PORTFÖY BORÇLANMA ARAÇLARI FONU(667) : 0.11  ,  ÜNLÜ PORTFÖY BİRİNCİ DEĞİŞKEN FON(913) : 0.83  ,  ;11454.204970913393
2020-01-30;DENİZ PORTFÖY KISALI VADELİ BORÇLANMA ARAÇLARI FONU(577) : 0.95628  ,  ÜNLÜ PORTFÖY BİRİNCİ DEĞİŞKEN FON(913) : 0.04372  ,  ;11452.427292842
2020-01-31;DENİZ PORTFÖY KISALI VADELİ BORÇLANMA ARAÇLARI FONU(577) : 1.0  ,  ;11452.354224018254
2020-02-03;DENİZ PORTFÖY KISALI VADELİ BORÇLANMA ARAÇLARI FONU(577) : 1.0  ,  ;11460.029925625355
2020-02-04;DENİZ PORTFÖY KISALI VADELİ BORÇLANMA ARAÇLARI FONU(577) : 1.0  ,  ;11460.509289030751
2020-02-05;AK PORTFÖY KİRA SERTİFİKALARI KATILIM FONU(533) : 0.04  ,  DENİZ PORTFÖY KISALI VADELİ BORÇLANMA ARAÇLARI FONU(577) : 0.96  ,  ;11462.90599116861
2020-02-06;DENİZ PORTFÖY KISALI VADELİ BORÇLANMA ARAÇLARI FONU(577) : 0.99  ,  ;11464.886259375684
2020-02-07;DENİZ PORTFÖY KISALI VADELİ BORÇLANMA ARAÇLARI FONU(577) : 0.6643  ,  OSMANLI PORTFÖY ÖZEL SEKTÖR BORÇLANMA ARAÇLARI FONU(866) : 0.06014  ,  ÜNLÜ PORTFÖY BİRİNCİ DEĞİŞKEN FON(913) : 0.27556  ,  ;11466.783628931527
2020-02-10;DENİZ PORTFÖY KISALI VADELİ BORÇLANMA ARAÇLARI FONU(577) : 0.92699  ,  ÜNLÜ PORTFÖY BİRİNCİ DEĞİŞKEN FON(913) : 0.07301  ,  ;11472.768918491514
2020-02-11;QİNVEST PORTFÖY İKİNCİ DEĞİŞKEN FONU(620) : 0.16869  ,  GARANTİ PORTFÖY BORÇLANMA ARAÇLARI FONU(667) : 0.70167  ,  AURA PORTFÖY DEĞİŞKEN FONU(811) : 0.09623  ,  ATA PORTFÖY ÇOKLU VARLIK DEĞİŞKEN FON(500) : 0.03341  ,  ;11465.657384982842
2020-02-12;DENİZ PORTFÖY KISALI VADELİ BORÇLANMA ARAÇLARI FONU(577) : 1.0  ,  ;11460.771577509666
2020-02-13;DENİZ PORTFÖY KISALI VADELİ BORÇLANMA ARAÇLARI FONU(577) : 1.0  ,  ;11463.646104410447
2020-02-14;DENİZ PORTFÖY KISALI VADELİ BORÇLANMA ARAÇLARI FONU(577) : 1.0  ,  ;11464.125054551736
2020-02-17;DENİZ PORTFÖY KISALI VADELİ BORÇLANMA ARAÇLARI FONU(577) : 1.0  ,  ;11470.351108191582
2020-02-18;DENİZ PORTFÖY KISALI VADELİ BORÇLANMA ARAÇLARI FONU(577) : 1.0  ,  ;11474.180141839215
2020-02-19;DENİZ PORTFÖY KISALI VADELİ BORÇLANMA ARAÇLARI FONU(577) : 0.83  ,  QİNVEST PORTFÖY İKİNCİ DEĞİŞKEN FONU(620) : 0.16  ,  ;11475.137033853953
2020-02-20;DENİZ PORTFÖY KISALI VADELİ BORÇLANMA ARAÇLARI FONU(577) : 0.38767  ,  QİNVEST PORTFÖY İKİNCİ DEĞİŞKEN FONU(620) : 0.22931  ,  FİBA PORTFÖY ÇOKLU VARLIK BİRİNCİ DEĞİŞKEN FON(625) : 0.06981  ,  ÜNLÜ PORTFÖY BİRİNCİ DEĞİŞKEN FON(913) : 0.31321  ,  ;11478.336335328557
2020-02-21;QNB FINANS PORTFÖY BORÇLANMA ARAÇLARI FONU(633) : 0.45528  ,  ATA PORTFÖY ÇOKLU VARLIK DEĞİŞKEN FON(500) : 0.54472  ,  ;11471.52014278164
2020-02-24;DENİZ PORTFÖY KISALI VADELİ BORÇLANMA ARAÇLARI FONU(577) : 0.94128  ,  İŞ PORTFÖY ORTA VADELİ BORÇLANMA ARAÇLARI FONU(941) : 0.05872  ,  ;11481.275515304154
2020-02-25;QNB FINANS PORTFÖY BORÇLANMA ARAÇLARI FONU(633) : 0.85749  ,  ATA PORTFÖY ÇOKLU VARLIK DEĞİŞKEN FON(500) : 0.14251  ,  ;11482.789025656628
2020-02-26;QNB FINANS PORTFÖY BORÇLANMA ARAÇLARI FONU(633) : 0.5886  ,  AURA PORTFÖY DEĞİŞKEN FONU(811) : 0.10372  ,  STRATEJİ PORTFÖY BORÇLANMA ARAÇLARI FONU(910) : 0.30768  ,  ;11476.284901478475
2020-02-27;QNB FINANS PORTFÖY BORÇLANMA ARAÇLARI FONU(633) : 0.4017  ,  AURA PORTFÖY DEĞİŞKEN FONU(811) : 0.26953  ,  ATA PORTFÖY ÇOKLU VARLIK DEĞİŞKEN FON(500) : 0.32876  ,  ;11477.228655274143
2020-02-28;QNB FINANS PORTFÖY BORÇLANMA ARAÇLARI FONU(633) : 0.28914  ,  AURA PORTFÖY DEĞİŞKEN FONU(811) : 0.04945  ,  ATA PORTFÖY ÇOKLU VARLIK DEĞİŞKEN FON(500) : 0.66141  ,  ;11422.190038323719
2020-03-02;QNB FINANS PORTFÖY BORÇLANMA ARAÇLARI FONU(633) : 0.13268  ,  AURA PORTFÖY DEĞİŞKEN FONU(811) : 0.19282  ,  ATA PORTFÖY ÇOKLU VARLIK DEĞİŞKEN FON(500) : 0.67451  ,  ;11330.7643266455
2020-03-03;QNB FINANS PORTFÖY BORÇLANMA ARAÇLARI FONU(633) : 0.0646  ,  AURA PORTFÖY DEĞİŞKEN FONU(811) : 0.45468  ,  KARE PORTFÖY BİRİNCİ BORÇLANMA ARAÇLARI FONU(816) : 0.0838  ,  ATA PORTFÖY ÇOKLU VARLIK DEĞİŞKEN FON(500) : 0.39692  ,  ;11352.399385758783
2020-03-04;DENİZ PORTFÖY KISALI VADELİ BORÇLANMA ARAÇLARI FONU(577) : 0.98  ,  ;11427.484631126412
2020-03-05;QİNVEST PORTFÖY İKİNCİ DEĞİŞKEN FONU(620) : 0.3  ,  FİBA PORTFÖY ÇOKLU VARLIK BİRİNCİ DEĞİŞKEN FON(625) : 0.05  ,  QNB FINANS PORTFÖY BORÇLANMA ARAÇLARI FONU(633) : 0.24  ,  KARE PORTFÖY BİRİNCİ BORÇLANMA ARAÇLARI FONU(816) : 0.41  ,  ;11432.627515530781
2020-03-06;QİNVEST PORTFÖY İKİNCİ DEĞİŞKEN FONU(620) : 0.07005  ,  FİBA PORTFÖY ÇOKLU VARLIK BİRİNCİ DEĞİŞKEN FON(625) : 0.64626  ,  QNB FINANS PORTFÖY BORÇLANMA ARAÇLARI FONU(633) : 0.20691  ,  KARE PORTFÖY BİRİNCİ BORÇLANMA ARAÇLARI FONU(816) : 0.07679  ,  ;11441.992537274615
2020-03-09;QNB FINANS PORTFÖY BORÇLANMA ARAÇLARI FONU(633) : 0.91  ,  YAPI KREDİ PORTFÖY ORTA VADELİ BORÇLANMA ARAÇLARI FONU(1006) : 0.07  ,  ;11394.593796899935
2020-03-10;QİNVEST PORTFÖY İKİNCİ DEĞİŞKEN FONU(620) : 0.19  ,  FİBA PORTFÖY ÇOKLU VARLIK BİRİNCİ DEĞİŞKEN FON(625) : 0.23  ,  ÜNLÜ PORTFÖY BİRİNCİ DEĞİŞKEN FON(913) : 0.36  ,  ATA PORTFÖY ÇOKLU VARLIK DEĞİŞKEN FON(500) : 0.21  ,  ;11328.714716610097
2020-03-11;DENİZ PORTFÖY KISALI VADELİ BORÇLANMA ARAÇLARI FONU(577) : 0.50042  ,  QİNVEST PORTFÖY İKİNCİ DEĞİŞKEN FONU(620) : 0.1739  ,  FİBA PORTFÖY ÇOKLU VARLIK BİRİNCİ DEĞİŞKEN FON(625) : 0.18441  ,  ÜNLÜ PORTFÖY BİRİNCİ DEĞİŞKEN FON(913) : 0.14127  ,  ;11294.075320055885
2020-03-12;QİNVEST PORTFÖY İKİNCİ DEĞİŞKEN FONU(620) : 0.53  ,  FİBA PORTFÖY ÇOKLU VARLIK BİRİNCİ DEĞİŞKEN FON(625) : 0.19  ,  AURA PORTFÖY DEĞİŞKEN FONU(811) : 0.09  ,  ÜNLÜ PORTFÖY BİRİNCİ DEĞİŞKEN FON(913) : 0.19  ,  ;11298.40409375807
2020-03-13;QİNVEST PORTFÖY İKİNCİ DEĞİŞKEN FONU(620) : 0.5054  ,  AURA PORTFÖY DEĞİŞKEN FONU(811) : 0.22819  ,  ATA PORTFÖY ÇOKLU VARLIK DEĞİŞKEN FON(500) : 0.26641  ,  ;11271.51422235273
2020-03-16;QİNVEST PORTFÖY İKİNCİ DEĞİŞKEN FONU(620) : 0.50267  ,  AURA PORTFÖY DEĞİŞKEN FONU(811) : 0.3161  ,  ATA PORTFÖY ÇOKLU VARLIK DEĞİŞKEN FON(500) : 0.18123  ,  ;11281.583186375885
2020-03-17;QİNVEST PORTFÖY İKİNCİ DEĞİŞKEN FONU(620) : 0.21572  ,  AURA PORTFÖY DEĞİŞKEN FONU(811) : 0.44238  ,  ATA PORTFÖY ÇOKLU VARLIK DEĞİŞKEN FON(500) : 0.3419  ,  ;11194.31695431702
2020-03-18;AURA PORTFÖY DEĞİŞKEN FONU(811) : 0.72065  ,  ATA PORTFÖY ÇOKLU VARLIK DEĞİŞKEN FON(500) : 0.27935  ,  ;11159.796674933943
2020-03-19;QİNVEST PORTFÖY İKİNCİ DEĞİŞKEN FONU(620) : 0.31786  ,  AURA PORTFÖY DEĞİŞKEN FONU(811) : 0.46752  ,  ATA PORTFÖY ÇOKLU VARLIK DEĞİŞKEN FON(500) : 0.21461  ,  ;11112.517656294822
2020-03-20;AURA PORTFÖY DEĞİŞKEN FONU(811) : 0.82414  ,  ATA PORTFÖY ÇOKLU VARLIK DEĞİŞKEN FON(500) : 0.17586  ,  ;11117.079398378059
2020-03-23;AURA PORTFÖY DEĞİŞKEN FONU(811) : 0.62882  ,  KARE PORTFÖY BİRİNCİ BORÇLANMA ARAÇLARI FONU(816) : 0.07851  ,  ATA PORTFÖY ÇOKLU VARLIK DEĞİŞKEN FON(500) : 0.29268  ,  ;11156.724183998731
2020-03-24;AURA PORTFÖY DEĞİŞKEN FONU(811) : 0.43055  ,  KARE PORTFÖY BİRİNCİ DEĞİŞKEN FON(817) : 0.04211  ,  ATA PORTFÖY ÇOKLU VARLIK DEĞİŞKEN FON(500) : 0.52734  ,  ;11174.116156318083
2020-03-25;GEDİK PORTFÖY BİRİNCİ DEĞİŞKEN FON(701) : 0.0401  ,  AURA PORTFÖY DEĞİŞKEN FONU(811) : 0.63432  ,  KARE PORTFÖY BİRİNCİ DEĞİŞKEN FON(817) : 0.14565  ,  ATA PORTFÖY ÇOKLU VARLIK DEĞİŞKEN FON(500) : 0.17993  ,  ;11269.19079113559
2020-03-26;GARANTİ PORTFÖY BORÇLANMA ARAÇLARI FONU(667) : 0.03166  ,  GEDİK PORTFÖY BİRİNCİ DEĞİŞKEN FON(701) : 0.13293  ,  AURA PORTFÖY DEĞİŞKEN FONU(811) : 0.62829  ,  KARE PORTFÖY BİRİNCİ DEĞİŞKEN FON(817) : 0.20712  ,  ;11304.179586277827
2020-03-27;DENİZ PORTFÖY KISALI VADELİ BORÇLANMA ARAÇLARI FONU(577) : 0.49  ,  QİNVEST PORTFÖY İKİNCİ DEĞİŞKEN FONU(620) : 0.15  ,  FİBA PORTFÖY ÇOKLU VARLIK BİRİNCİ DEĞİŞKEN FON(625) : 0.06  ,  ÜNLÜ PORTFÖY BİRİNCİ DEĞİŞKEN FON(913) : 0.28  ,  ;11357.749104803012
2020-03-30;QİNVEST PORTFÖY İKİNCİ DEĞİŞKEN FONU(620) : 0.2592  ,  FİBA PORTFÖY ÇOKLU VARLIK BİRİNCİ DEĞİŞKEN FON(625) : 0.08694  ,  GARANTİ PORTFÖY İKİNCİ DEĞİŞKEN FON(702) : 0.0918  ,  AURA PORTFÖY DEĞİŞKEN FONU(811) : 0.16328  ,  ÜNLÜ PORTFÖY BİRİNCİ DEĞİŞKEN FON(913) : 0.39878  ,  ;11360.001997101966
2020-03-31;QİNVEST PORTFÖY İKİNCİ DEĞİŞKEN FONU(620) : 0.51731  ,  GARANTİ PORTFÖY İKİNCİ DEĞİŞKEN FON(702) : 0.09528  ,  AURA PORTFÖY DEĞİŞKEN FONU(811) : 0.24503  ,  ÜNLÜ PORTFÖY BİRİNCİ DEĞİŞKEN FON(913) : 0.08728  ,  ATA PORTFÖY ÇOKLU VARLIK DEĞİŞKEN FON(500) : 0.0551  ,  ;11382.56369501736
2020-04-01;QİNVEST PORTFÖY İKİNCİ DEĞİŞKEN FONU(620) : 0.61  ,  AURA PORTFÖY DEĞİŞKEN FONU(811) : 0.39  ,  ;11405.89388855275
2020-04-02;QİNVEST PORTFÖY İKİNCİ DEĞİŞKEN FONU(620) : 0.44  ,  AURA PORTFÖY DEĞİŞKEN FONU(811) : 0.37  ,  ÜNLÜ PORTFÖY BİRİNCİ DEĞİŞKEN FON(913) : 0.2  ,  ;11407.372584313534
2020-04-03;QİNVEST PORTFÖY İKİNCİ DEĞİŞKEN FONU(620) : 0.16371  ,  GARANTİ PORTFÖY İKİNCİ DEĞİŞKEN FON(702) : 0.06327  ,  AURA PORTFÖY DEĞİŞKEN FONU(811) : 0.66786  ,  ATA PORTFÖY ÇOKLU VARLIK DEĞİŞKEN FON(500) : 0.10515  ,  ;11408.155586203115
2020-04-06;QİNVEST PORTFÖY İKİNCİ DEĞİŞKEN FONU(620) : 0.39  ,  AURA PORTFÖY DEĞİŞKEN FONU(811) : 0.61  ,  ;11414.228122578912
2020-04-07;DENİZ PORTFÖY KISALI VADELİ BORÇLANMA ARAÇLARI FONU(577) : 0.34891  ,  QİNVEST PORTFÖY İKİNCİ DEĞİŞKEN FONU(620) : 0.35954  ,  AURA PORTFÖY DEĞİŞKEN FONU(811) : 0.22118  ,  ATA PORTFÖY ÇOKLU VARLIK DEĞİŞKEN FON(500) : 0.07037  ,  ;11479.018977955348
2020-04-08;QİNVEST PORTFÖY İKİNCİ DEĞİŞKEN FONU(620) : 0.58  ,  AURA PORTFÖY DEĞİŞKEN FONU(811) : 0.2  ,  ATA PORTFÖY ÇOKLU VARLIK DEĞİŞKEN FON(500) : 0.21  ,  ;11497.48495814157
2020-04-09;QİNVEST PORTFÖY İKİNCİ DEĞİŞKEN FONU(620) : 0.2505  ,  GARANTİ PORTFÖY İKİNCİ DEĞİŞKEN FON(702) : 0.11818  ,  AURA PORTFÖY DEĞİŞKEN FONU(811) : 0.36469  ,  ATA PORTFÖY ÇOKLU VARLIK DEĞİŞKEN FON(500) : 0.26663  ,  ;11528.91583611046
2020-04-10;QİNVEST PORTFÖY İKİNCİ DEĞİŞKEN FONU(620) : 0.1354  ,  GARANTİ PORTFÖY İKİNCİ DEĞİŞKEN FON(702) : 0.28688  ,  AURA PORTFÖY DEĞİŞKEN FONU(811) : 0.37302  ,  ATA PORTFÖY ÇOKLU VARLIK DEĞİŞKEN FON(500) : 0.20471  ,  ;11562.294709209244
2020-04-13;QİNVEST PORTFÖY İKİNCİ DEĞİŞKEN FONU(620) : 0.23592  ,  GARANTİ PORTFÖY İKİNCİ DEĞİŞKEN FON(702) : 0.21278  ,  AURA PORTFÖY DEĞİŞKEN FONU(811) : 0.1555  ,  ATA PORTFÖY ÇOKLU VARLIK DEĞİŞKEN FON(500) : 0.39579  ,  ;11576.542402750854
2020-04-14;QİNVEST PORTFÖY İKİNCİ DEĞİŞKEN FONU(620) : 0.27739  ,  GARANTİ PORTFÖY İKİNCİ DEĞİŞKEN FON(702) : 0.14086  ,  AURA PORTFÖY DEĞİŞKEN FONU(811) : 0.14459  ,  ATA PORTFÖY ÇOKLU VARLIK DEĞİŞKEN FON(500) : 0.43716  ,  ;11607.120538440044
2020-04-15;QİNVEST PORTFÖY İKİNCİ DEĞİŞKEN FONU(620) : 0.10811  ,  AURA PORTFÖY DEĞİŞKEN FONU(811) : 0.28931  ,  ATA PORTFÖY ÇOKLU VARLIK DEĞİŞKEN FON(500) : 0.60258  ,  ;11663.18218157133
2020-04-16;AURA PORTFÖY DEĞİŞKEN FONU(811) : 0.54135  ,  ATA PORTFÖY ÇOKLU VARLIK DEĞİŞKEN FON(500) : 0.45865  ,  ;11680.646722837175
2020-04-17;QİNVEST PORTFÖY İKİNCİ DEĞİŞKEN FONU(620) : 0.25469  ,  AURA PORTFÖY DEĞİŞKEN FONU(811) : 0.43817  ,  ATA PORTFÖY ÇOKLU VARLIK DEĞİŞKEN FON(500) : 0.30714  ,  ;11695.952524836433
